Filename	Start_Time	Caption
Dan Dennett- Let's teach religion -- all religion -- in schools - TED Talk.mp4	00:00:00	No caption
Dan Dennett- Let's teach religion -- all religion -- in schools - TED Talk.mp4	00:00:01	No caption
Dan Dennett- Let's teach religion -- all religion -- in schools - TED Talk.mp4	00:00:02	No caption
Dan Dennett- Let's teach religion -- all religion -- in schools - TED Talk.mp4	00:00:14	No caption
Dan Dennett- Let's teach religion -- all religion -- in schools - TED Talk.mp4	00:00:34	No caption
Dan Dennett- Let's teach religion -- all religion -- in schools - TED Talk.mp4	00:00:50	No caption
Dan Dennett- Let's teach religion -- all religion -- in schools - TED Talk.mp4	00:01:09	No caption
Dan Dennett- Let's teach religion -- all religion -- in schools - TED Talk.mp4	00:03:15	No caption
Dan Dennett- Let's teach religion -- all religion -- in schools - TED Talk.mp4	00:03:51	No caption
Dan Dennett- Let's teach religion -- all religion -- in schools - TED Talk.mp4	00:04:14	No caption
Dan Dennett- Let's teach religion -- all religion -- in schools - TED Talk.mp4	00:04:23	No caption
Dan Dennett- Let's teach religion -- all religion -- in schools - TED Talk.mp4	00:08:12	No caption
Dan Dennett- Let's teach religion -- all religion -- in schools - TED Talk.mp4	00:08:34	No caption
Dan Dennett- Let's teach religion -- all religion -- in schools - TED Talk.mp4	00:08:44	No caption
Dan Dennett- Let's teach religion -- all religion -- in schools - TED Talk.mp4	00:09:09	No caption
Dan Dennett- Let's teach religion -- all religion -- in schools - TED Talk.mp4	00:10:14	No caption
Dan Dennett- Let's teach religion -- all religion -- in schools - TED Talk.mp4	00:10:30	No caption
Dan Dennett- Let's teach religion -- all religion -- in schools - TED Talk.mp4	00:10:33	No caption
Dan Dennett- Let's teach religion -- all religion -- in schools - TED Talk.mp4	00:10:35	No caption
Dan Dennett- Let's teach religion -- all religion -- in schools - TED Talk.mp4	00:10:40	No caption
Dan Dennett- Let's teach religion -- all religion -- in schools - TED Talk.mp4	00:10:59	No caption
Dan Dennett- Let's teach religion -- all religion -- in schools - TED Talk.mp4	00:12:50	No caption
Dan Dennett- Let's teach religion -- all religion -- in schools - TED Talk.mp4	00:13:10	No caption
Dan Dennett- Let's teach religion -- all religion -- in schools - TED Talk.mp4	00:13:14	No caption
Dan Dennett- Let's teach religion -- all religion -- in schools - TED Talk.mp4	00:14:05	No caption
Dan Dennett- Let's teach religion -- all religion -- in schools - TED Talk.mp4	00:14:35	No caption
Dan Dennett- Let's teach religion -- all religion -- in schools - TED Talk.mp4	00:14:56	No caption
Dan Dennett- Let's teach religion -- all religion -- in schools - TED Talk.mp4	00:15:09	No caption
Dan Dennett- Let's teach religion -- all religion -- in schools - TED Talk.mp4	00:15:34	No caption
video1.mp4	00:05:44	No caption
Dan Dennett- Let's teach religion -- all religion -- in schools - TED Talk.mp4	00:15:37	No caption
Dan Dennett- Let's teach religion -- all religion -- in schools - TED Talk.mp4	00:15:45	No caption
Dan Dennett- Let's teach religion -- all religion -- in schools - TED Talk.mp4	00:15:57	No caption
Dan Dennett- Let's teach religion -- all religion -- in schools - TED Talk.mp4	00:16:43	No caption
Dan Dennett- Let's teach religion -- all religion -- in schools - TED Talk.mp4	00:16:58	No caption
Dan Dennett- Let's teach religion -- all religion -- in schools - TED Talk.mp4	00:17:06	No caption
Dan Dennett- Let's teach religion -- all religion -- in schools - TED Talk.mp4	00:17:15	No caption
Dan Dennett- Let's teach religion -- all religion -- in schools - TED Talk.mp4	00:17:22	No caption
Dan Dennett- Let's teach religion -- all religion -- in schools - TED Talk.mp4	00:17:37	No caption
Dan Dennett- Let's teach religion -- all religion -- in schools - TED Talk.mp4	00:17:53	No caption
Dan Dennett- Let's teach religion -- all religion -- in schools - TED Talk.mp4	00:18:11	No caption
Dan Dennett- Let's teach religion -- all religion -- in schools - TED Talk.mp4	00:18:35	No caption
Dan Dennett- Let's teach religion -- all religion -- in schools - TED Talk.mp4	00:18:40	No caption
Dan Dennett- Let's teach religion -- all religion -- in schools - TED Talk.mp4	00:18:51	No caption
Dan Dennett- Let's teach religion -- all religion -- in schools - TED Talk.mp4	00:18:52	No caption
Dan Dennett- Let's teach religion -- all religion -- in schools - TED Talk.mp4	00:19:09	No caption
Dan Dennett- Let's teach religion -- all religion -- in schools - TED Talk.mp4	00:19:28	No caption
Dan Dennett- Let's teach religion -- all religion -- in schools - TED Talk.mp4	00:19:36	No caption
Dan Dennett- Let's teach religion -- all religion -- in schools - TED Talk.mp4	00:19:42	No caption
Dan Dennett- Let's teach religion -- all religion -- in schools - TED Talk.mp4	00:19:51	No caption
Dan Dennett- Let's teach religion -- all religion -- in schools - TED Talk.mp4	00:20:07	No caption
Dan Dennett- Let's teach religion -- all religion -- in schools - TED Talk.mp4	00:20:15	No caption
Dan Dennett- Let's teach religion -- all religion -- in schools - TED Talk.mp4	00:20:39	No caption
Dan Dennett- Let's teach religion -- all religion -- in schools - TED Talk.mp4	00:21:10	No caption
Dan Dennett- Let's teach religion -- all religion -- in schools - TED Talk.mp4	00:21:17	No caption
Dan Dennett- Let's teach religion -- all religion -- in schools - TED Talk.mp4	00:21:50	No caption
Dan Dennett- Let's teach religion -- all religion -- in schools - TED Talk.mp4	00:21:53	No caption
Dan Dennett- Let's teach religion -- all religion -- in schools - TED Talk.mp4	00:21:57	No caption
Dan Dennett- Let's teach religion -- all religion -- in schools - TED Talk.mp4	00:22:17	No caption
video1.mp4	00:05:53	No caption
Dan Dennett- Let's teach religion -- all religion -- in schools - TED Talk.mp4	00:22:36	No caption
Dan Dennett- Let's teach religion -- all religion -- in schools - TED Talk.mp4	00:23:08	No caption
Dan Dennett- Let's teach religion -- all religion -- in schools - TED Talk.mp4	00:23:46	No caption
Dan Dennett- Let's teach religion -- all religion -- in schools - TED Talk.mp4	00:24:24	No caption
Dan Dennett- Let's teach religion -- all religion -- in schools - TED Talk.mp4	00:24:35	No caption
David Pogue- Simplicity sells - TED Talk.mp4	00:00:00	No caption
David Pogue- Simplicity sells - TED Talk.mp4	00:00:01	No caption
David Pogue- Simplicity sells - TED Talk.mp4	00:00:02	No caption
David Pogue- Simplicity sells - TED Talk.mp4	00:00:13	No caption
David Pogue- Simplicity sells - TED Talk.mp4	00:00:17	No caption
David Pogue- Simplicity sells - TED Talk.mp4	00:00:35	No caption
David Pogue- Simplicity sells - TED Talk.mp4	00:00:48	No caption
David Pogue- Simplicity sells - TED Talk.mp4	00:01:21	No caption
David Pogue- Simplicity sells - TED Talk.mp4	00:01:29	No caption
David Pogue- Simplicity sells - TED Talk.mp4	00:01:36	No caption
David Pogue- Simplicity sells - TED Talk.mp4	00:02:27	No caption
David Pogue- Simplicity sells - TED Talk.mp4	00:03:17	No caption
David Pogue- Simplicity sells - TED Talk.mp4	00:03:19	No caption
David Pogue- Simplicity sells - TED Talk.mp4	00:03:31	No caption
David Pogue- Simplicity sells - TED Talk.mp4	00:03:35	No caption
David Pogue- Simplicity sells - TED Talk.mp4	00:03:42	No caption
David Pogue- Simplicity sells - TED Talk.mp4	00:03:55	No caption
David Pogue- Simplicity sells - TED Talk.mp4	00:04:02	No caption
David Pogue- Simplicity sells - TED Talk.mp4	00:05:54	No caption
David Pogue- Simplicity sells - TED Talk.mp4	00:06:04	No caption
David Pogue- Simplicity sells - TED Talk.mp4	00:06:50	No caption
David Pogue- Simplicity sells - TED Talk.mp4	00:07:36	No caption
David Pogue- Simplicity sells - TED Talk.mp4	00:07:52	No caption
David Pogue- Simplicity sells - TED Talk.mp4	00:07:57	No caption
David Pogue- Simplicity sells - TED Talk.mp4	00:08:03	No caption
David Pogue- Simplicity sells - TED Talk.mp4	00:08:12	No caption
David Pogue- Simplicity sells - TED Talk.mp4	00:08:24	No caption
David Pogue- Simplicity sells - TED Talk.mp4	00:08:30	No caption
David Pogue- Simplicity sells - TED Talk.mp4	00:08:45	No caption
David Pogue- Simplicity sells - TED Talk.mp4	00:08:46	No caption
David Pogue- Simplicity sells - TED Talk.mp4	00:09:01	No caption
David Pogue- Simplicity sells - TED Talk.mp4	00:09:04	No caption
David Pogue- Simplicity sells - TED Talk.mp4	00:09:13	No caption
David Pogue- Simplicity sells - TED Talk.mp4	00:09:19	No caption
David Pogue- Simplicity sells - TED Talk.mp4	00:09:24	No caption
David Pogue- Simplicity sells - TED Talk.mp4	00:09:31	No caption
David Pogue- Simplicity sells - TED Talk.mp4	00:09:43	No caption
David Pogue- Simplicity sells - TED Talk.mp4	00:09:56	No caption
David Pogue- Simplicity sells - TED Talk.mp4	00:10:26	No caption
David Pogue- Simplicity sells - TED Talk.mp4	00:10:56	No caption
David Pogue- Simplicity sells - TED Talk.mp4	00:11:08	No caption
David Pogue- Simplicity sells - TED Talk.mp4	00:11:14	No caption
David Pogue- Simplicity sells - TED Talk.mp4	00:11:20	No caption
David Pogue- Simplicity sells - TED Talk.mp4	00:11:26	No caption
David Pogue- Simplicity sells - TED Talk.mp4	00:11:44	No caption
David Pogue- Simplicity sells - TED Talk.mp4	00:12:26	No caption
David Pogue- Simplicity sells - TED Talk.mp4	00:12:59	No caption
David Pogue- Simplicity sells - TED Talk.mp4	00:13:02	No caption
David Pogue- Simplicity sells - TED Talk.mp4	00:13:52	No caption
David Pogue- Simplicity sells - TED Talk.mp4	00:14:31	No caption
David Pogue- Simplicity sells - TED Talk.mp4	00:14:44	No caption
David Pogue- Simplicity sells - TED Talk.mp4	00:14:53	No caption
David Pogue- Simplicity sells - TED Talk.mp4	00:15:21	No caption
David Pogue- Simplicity sells - TED Talk.mp4	00:15:32	No caption
David Pogue- Simplicity sells - TED Talk.mp4	00:16:38	No caption
David Pogue- Simplicity sells - TED Talk.mp4	00:16:50	No caption
David Pogue- Simplicity sells - TED Talk.mp4	00:17:08	No caption
David Pogue- Simplicity sells - TED Talk.mp4	00:17:15	No caption
David Pogue- Simplicity sells - TED Talk.mp4	00:17:33	No caption
David Pogue- Simplicity sells - TED Talk.mp4	00:17:55	No caption
David Pogue- Simplicity sells - TED Talk.mp4	00:18:11	No caption
David Pogue- Simplicity sells - TED Talk.mp4	00:18:31	No caption
David Pogue- Simplicity sells - TED Talk.mp4	00:18:45	No caption
David Pogue- Simplicity sells - TED Talk.mp4	00:19:00	No caption
David Pogue- Simplicity sells - TED Talk.mp4	00:19:10	No caption
David Pogue- Simplicity sells - TED Talk.mp4	00:19:13	No caption
David Pogue- Simplicity sells - TED Talk.mp4	00:19:46	No caption
David Pogue- Simplicity sells - TED Talk.mp4	00:20:22	No caption
David Pogue- Simplicity sells - TED Talk.mp4	00:20:31	No caption
David Pogue- Simplicity sells - TED Talk.mp4	00:21:04	No caption
David Pogue- Simplicity sells - TED Talk.mp4	00:21:10	No caption
Hans Rosling- The best stats you've ever seen - TED Talk.mp4	00:00:00	No caption
Hans Rosling- The best stats you've ever seen - TED Talk.mp4	00:00:01	No caption
Hans Rosling- The best stats you've ever seen - TED Talk.mp4	00:00:02	No caption
Hans Rosling- The best stats you've ever seen - TED Talk.mp4	00:00:06	No caption
Hans Rosling- The best stats you've ever seen - TED Talk.mp4	00:00:22	No caption
Hans Rosling- The best stats you've ever seen - TED Talk.mp4	00:00:24	No caption
Hans Rosling- The best stats you've ever seen - TED Talk.mp4	00:00:28	No caption
Hans Rosling- The best stats you've ever seen - TED Talk.mp4	00:00:47	No caption
Hans Rosling- The best stats you've ever seen - TED Talk.mp4	00:01:01	No caption
Hans Rosling- The best stats you've ever seen - TED Talk.mp4	00:01:04	No caption
Hans Rosling- The best stats you've ever seen - TED Talk.mp4	00:01:04	No caption
Hans Rosling- The best stats you've ever seen - TED Talk.mp4	00:01:17	No caption
Hans Rosling- The best stats you've ever seen - TED Talk.mp4	00:01:23	No caption
Hans Rosling- The best stats you've ever seen - TED Talk.mp4	00:01:50	No caption
Hans Rosling- The best stats you've ever seen - TED Talk.mp4	00:01:54	No caption
Hans Rosling- The best stats you've ever seen - TED Talk.mp4	00:02:09	No caption
Hans Rosling- The best stats you've ever seen - TED Talk.mp4	00:02:18	No caption
Hans Rosling- The best stats you've ever seen - TED Talk.mp4	00:02:31	No caption
Hans Rosling- The best stats you've ever seen - TED Talk.mp4	00:02:36	No caption
Hans Rosling- The best stats you've ever seen - TED Talk.mp4	00:02:41	No caption
Hans Rosling- The best stats you've ever seen - TED Talk.mp4	00:02:45	No caption
Hans Rosling- The best stats you've ever seen - TED Talk.mp4	00:02:46	No caption
Hans Rosling- The best stats you've ever seen - TED Talk.mp4	00:02:49	No caption
Hans Rosling- The best stats you've ever seen - TED Talk.mp4	00:02:53	No caption
Hans Rosling- The best stats you've ever seen - TED Talk.mp4	00:03:05	No caption
Hans Rosling- The best stats you've ever seen - TED Talk.mp4	00:03:18	No caption
Hans Rosling- The best stats you've ever seen - TED Talk.mp4	00:03:23	No caption
Hans Rosling- The best stats you've ever seen - TED Talk.mp4	00:03:29	No caption
Hans Rosling- The best stats you've ever seen - TED Talk.mp4	00:03:32	No caption
Hans Rosling- The best stats you've ever seen - TED Talk.mp4	00:03:46	No caption
Hans Rosling- The best stats you've ever seen - TED Talk.mp4	00:04:03	No caption
Hans Rosling- The best stats you've ever seen - TED Talk.mp4	00:04:09	No caption
Hans Rosling- The best stats you've ever seen - TED Talk.mp4	00:04:14	No caption
Hans Rosling- The best stats you've ever seen - TED Talk.mp4	00:04:18	No caption
Hans Rosling- The best stats you've ever seen - TED Talk.mp4	00:04:26	No caption
Hans Rosling- The best stats you've ever seen - TED Talk.mp4	00:04:28	No caption
Hans Rosling- The best stats you've ever seen - TED Talk.mp4	00:04:43	No caption
Hans Rosling- The best stats you've ever seen - TED Talk.mp4	00:05:00	No caption
Hans Rosling- The best stats you've ever seen - TED Talk.mp4	00:05:57	No caption
Hans Rosling- The best stats you've ever seen - TED Talk.mp4	00:05:58	No caption
Hans Rosling- The best stats you've ever seen - TED Talk.mp4	00:06:14	No caption
Hans Rosling- The best stats you've ever seen - TED Talk.mp4	00:06:22	No caption
Hans Rosling- The best stats you've ever seen - TED Talk.mp4	00:06:35	No caption
Hans Rosling- The best stats you've ever seen - TED Talk.mp4	00:06:38	No caption
Hans Rosling- The best stats you've ever seen - TED Talk.mp4	00:06:43	No caption
Hans Rosling- The best stats you've ever seen - TED Talk.mp4	00:07:02	No caption
Hans Rosling- The best stats you've ever seen - TED Talk.mp4	00:07:04	No caption
Hans Rosling- The best stats you've ever seen - TED Talk.mp4	00:07:29	No caption
Hans Rosling- The best stats you've ever seen - TED Talk.mp4	00:07:40	No caption
Hans Rosling- The best stats you've ever seen - TED Talk.mp4	00:07:46	No caption
Hans Rosling- The best stats you've ever seen - TED Talk.mp4	00:08:09	No caption
Hans Rosling- The best stats you've ever seen - TED Talk.mp4	00:08:10	No caption
Hans Rosling- The best stats you've ever seen - TED Talk.mp4	00:08:12	No caption
Hans Rosling- The best stats you've ever seen - TED Talk.mp4	00:08:18	No caption
Hans Rosling- The best stats you've ever seen - TED Talk.mp4	00:08:26	No caption
Hans Rosling- The best stats you've ever seen - TED Talk.mp4	00:08:52	No caption
Hans Rosling- The best stats you've ever seen - TED Talk.mp4	00:08:59	No caption
Hans Rosling- The best stats you've ever seen - TED Talk.mp4	00:09:17	No caption
Hans Rosling- The best stats you've ever seen - TED Talk.mp4	00:09:35	No caption
Hans Rosling- The best stats you've ever seen - TED Talk.mp4	00:09:39	No caption
Hans Rosling- The best stats you've ever seen - TED Talk.mp4	00:09:41	No caption
Hans Rosling- The best stats you've ever seen - TED Talk.mp4	00:09:42	No caption
Hans Rosling- The best stats you've ever seen - TED Talk.mp4	00:09:46	No caption
Hans Rosling- The best stats you've ever seen - TED Talk.mp4	00:09:48	No caption
Hans Rosling- The best stats you've ever seen - TED Talk.mp4	00:09:55	No caption
Hans Rosling- The best stats you've ever seen - TED Talk.mp4	00:10:06	No caption
Hans Rosling- The best stats you've ever seen - TED Talk.mp4	00:10:14	No caption
Hans Rosling- The best stats you've ever seen - TED Talk.mp4	00:10:34	No caption
Hans Rosling- The best stats you've ever seen - TED Talk.mp4	00:10:41	No caption
Hans Rosling- The best stats you've ever seen - TED Talk.mp4	00:11:15	No caption
Hans Rosling- The best stats you've ever seen - TED Talk.mp4	00:11:23	No caption
Hans Rosling- The best stats you've ever seen - TED Talk.mp4	00:11:41	No caption
Hans Rosling- The best stats you've ever seen - TED Talk.mp4	00:11:55	No caption
Hans Rosling- The best stats you've ever seen - TED Talk.mp4	00:11:59	No caption
Hans Rosling- The best stats you've ever seen - TED Talk.mp4	00:12:03	No caption
Hans Rosling- The best stats you've ever seen - TED Talk.mp4	00:12:26	No caption
Hans Rosling- The best stats you've ever seen - TED Talk.mp4	00:12:29	No caption
Hans Rosling- The best stats you've ever seen - TED Talk.mp4	00:13:28	No caption
Hans Rosling- The best stats you've ever seen - TED Talk.mp4	00:13:38	No caption
Hans Rosling- The best stats you've ever seen - TED Talk.mp4	00:13:48	No caption
Hans Rosling- The best stats you've ever seen - TED Talk.mp4	00:14:20	No caption
Hans Rosling- The best stats you've ever seen - TED Talk.mp4	00:14:28	No caption
30Min.mp4	00:00:00	No caption
30Min.mp4	00:00:01	No caption
30Min.mp4	00:00:02	No caption
30Min.mp4	00:00:03	No caption
30Min.mp4	00:00:09	No caption
30Min.mp4	00:00:13	No caption
30Min.mp4	00:00:14	No caption
30Min.mp4	00:00:15	No caption
30Min.mp4	00:00:17	No caption
30Min.mp4	00:00:19	No caption
30Min.mp4	00:00:20	No caption
30Min.mp4	00:00:22	No caption
30Min.mp4	00:00:24	No caption
30Min.mp4	00:00:27	No caption
30Min.mp4	00:00:28	No caption
30Min.mp4	00:00:34	No caption
30Min.mp4	00:00:36	No caption
30Min.mp4	00:00:38	No caption
30Min.mp4	00:00:40	No caption
30Min.mp4	00:00:41	No caption
30Min.mp4	00:00:45	No caption
30Min.mp4	00:00:47	No caption
30Min.mp4	00:00:49	No caption
30Min.mp4	00:00:53	No caption
30Min.mp4	00:00:55	No caption
Hans Rosling- The best stats you've ever seen - TED Talk.mp4	00:14:39	No caption
Hans Rosling- The best stats you've ever seen - TED Talk.mp4	00:14:44	No caption
Hans Rosling- The best stats you've ever seen - TED Talk.mp4	00:14:54	No caption
Hans Rosling- The best stats you've ever seen - TED Talk.mp4	00:14:56	No caption
Hans Rosling- The best stats you've ever seen - TED Talk.mp4	00:15:27	No caption
Hans Rosling- The best stats you've ever seen - TED Talk.mp4	00:15:33	No caption
Hans Rosling- The best stats you've ever seen - TED Talk.mp4	00:15:37	No caption
Hans Rosling- The best stats you've ever seen - TED Talk.mp4	00:15:50	No caption
Hans Rosling- The best stats you've ever seen - TED Talk.mp4	00:15:54	No caption
Hans Rosling- The best stats you've ever seen - TED Talk.mp4	00:15:57	No caption
Hans Rosling- The best stats you've ever seen - TED Talk.mp4	00:16:12	No caption
Hans Rosling- The best stats you've ever seen - TED Talk.mp4	00:16:18	No caption
Hans Rosling- The best stats you've ever seen - TED Talk.mp4	00:16:23	No caption
video1.mp4	00:06:18	No caption
video1.mp4	00:06:48	No caption
video1.mp4	00:07:05	No caption
video1.mp4	00:07:17	No caption
video1.mp4	00:07:23	No caption
video1.mp4	00:07:38	No caption
video1.mp4	00:08:02	No caption
17Min.mp4	00:00:00	No caption
17Min.mp4	00:00:05	No caption
17Min.mp4	00:00:06	No caption
17Min.mp4	00:00:07	No caption
17Min.mp4	00:00:08	No caption
17Min.mp4	00:00:10	No caption
17Min.mp4	00:00:12	No caption
17Min.mp4	00:00:14	No caption
17Min.mp4	00:00:14	No caption
17Min.mp4	00:00:17	No caption
17Min.mp4	00:00:23	No caption
17Min.mp4	00:00:25	No caption
17Min.mp4	00:00:26	No caption
17Min.mp4	00:00:34	No caption
17Min.mp4	00:00:36	No caption
17Min.mp4	00:00:38	No caption
17Min.mp4	00:00:40	No caption
17Min.mp4	00:00:41	No caption
17Min.mp4	00:00:43	No caption
17Min.mp4	00:00:44	No caption
17Min.mp4	00:00:47	No caption
video1.mp4	00:08:03	No caption
video1.mp4	00:08:34	No caption
17Min.mp4	00:00:50	No caption
17Min.mp4	00:00:53	No caption
17Min.mp4	00:00:55	No caption
17Min.mp4	00:00:57	No caption
17Min.mp4	00:01:01	No caption
17Min.mp4	00:01:02	No caption
17Min.mp4	00:01:09	No caption
17Min.mp4	00:01:18	No caption
17Min.mp4	00:01:26	No caption
17Min.mp4	00:01:29	No caption
17Min.mp4	00:01:33	No caption
17Min.mp4	00:01:38	No caption
17Min.mp4	00:01:42	No caption
17Min.mp4	00:01:43	No caption
17Min.mp4	00:01:45	No caption
17Min.mp4	00:01:50	No caption
17Min.mp4	00:01:55	No caption
17Min.mp4	00:02:03	No caption
17Min.mp4	00:02:08	No caption
17Min.mp4	00:02:10	No caption
17Min.mp4	00:02:12	No caption
17Min.mp4	00:02:19	No caption
17Min.mp4	00:02:25	No caption
17Min.mp4	00:02:30	No caption
17Min.mp4	00:02:32	No caption
17Min.mp4	00:02:37	No caption
17Min.mp4	00:02:44	No caption
17Min.mp4	00:02:53	No caption
17Min.mp4	00:03:00	No caption
17Min.mp4	00:03:09	No caption
17Min.mp4	00:03:17	No caption
17Min.mp4	00:03:20	No caption
17Min.mp4	00:03:23	No caption
17Min.mp4	00:03:28	No caption
17Min.mp4	00:03:30	No caption
17Min.mp4	00:03:34	No caption
17Min.mp4	00:03:47	No caption
17Min.mp4	00:03:52	No caption
17Min.mp4	00:03:56	No caption
17Min.mp4	00:04:00	No caption
17Min.mp4	00:04:06	No caption
17Min.mp4	00:04:10	No caption
17Min.mp4	00:04:15	No caption
17Min.mp4	00:04:18	No caption
17Min.mp4	00:04:23	No caption
17Min.mp4	00:04:33	No caption
17Min.mp4	00:04:38	No caption
17Min.mp4	00:04:42	No caption
17Min.mp4	00:04:47	No caption
17Min.mp4	00:04:59	No caption
17Min.mp4	00:05:07	No caption
17Min.mp4	00:05:21	No caption
17Min.mp4	00:05:24	No caption
17Min.mp4	00:05:29	No caption
17Min.mp4	00:05:31	No caption
17Min.mp4	00:05:44	No caption
17Min.mp4	00:05:47	No caption
17Min.mp4	00:05:51	No caption
17Min.mp4	00:05:52	No caption
17Min.mp4	00:05:56	No caption
17Min.mp4	00:05:57	No caption
17Min.mp4	00:06:00	No caption
17Min.mp4	00:06:04	No caption
17Min.mp4	00:06:09	No caption
17Min.mp4	00:06:14	No caption
17Min.mp4	00:06:18	No caption
17Min.mp4	00:06:22	No caption
17Min.mp4	00:06:32	No caption
17Min.mp4	00:06:37	No caption
17Min.mp4	00:06:40	No caption
17Min.mp4	00:07:15	No caption
17Min.mp4	00:07:17	No caption
17Min.mp4	00:07:22	No caption
17Min.mp4	00:07:30	No caption
17Min.mp4	00:07:34	No caption
17Min.mp4	00:07:38	No caption
17Min.mp4	00:07:39	No caption
17Min.mp4	00:07:41	No caption
17Min.mp4	00:07:46	No caption
17Min.mp4	00:07:49	No caption
17Min.mp4	00:07:52	No caption
17Min.mp4	00:07:55	No caption
17Min.mp4	00:08:03	No caption
17Min.mp4	00:08:06	No caption
17Min.mp4	00:08:12	No caption
17Min.mp4	00:08:17	No caption
17Min.mp4	00:08:19	No caption
17Min.mp4	00:08:27	No caption
17Min.mp4	00:08:31	No caption
17Min.mp4	00:08:35	No caption
17Min.mp4	00:08:39	No caption
17Min.mp4	00:08:40	No caption
17Min.mp4	00:08:42	No caption
17Min.mp4	00:08:45	No caption
17Min.mp4	00:08:55	No caption
17Min.mp4	00:09:04	No caption
17Min.mp4	00:09:07	No caption
17Min.mp4	00:09:21	No caption
17Min.mp4	00:09:26	No caption
17Min.mp4	00:09:28	No caption
17Min.mp4	00:09:31	No caption
17Min.mp4	00:09:34	No caption
17Min.mp4	00:09:36	No caption
17Min.mp4	00:09:38	No caption
17Min.mp4	00:09:41	No caption
17Min.mp4	00:09:45	No caption
17Min.mp4	00:09:48	No caption
17Min.mp4	00:09:51	No caption
17Min.mp4	00:09:57	No caption
17Min.mp4	00:09:59	No caption
17Min.mp4	00:10:07	No caption
17Min.mp4	00:10:12	No caption
17Min.mp4	00:10:14	No caption
17Min.mp4	00:10:19	No caption
17Min.mp4	00:10:21	No caption
17Min.mp4	00:10:27	No caption
17Min.mp4	00:10:29	No caption
17Min.mp4	00:10:31	No caption
17Min.mp4	00:10:32	No caption
17Min.mp4	00:10:42	No caption
17Min.mp4	00:10:45	No caption
17Min.mp4	00:10:48	No caption
17Min.mp4	00:10:53	No caption
17Min.mp4	00:10:57	No caption
17Min.mp4	00:10:58	No caption
17Min.mp4	00:10:59	No caption
17Min.mp4	00:11:00	No caption
17Min.mp4	00:11:04	No caption
17Min.mp4	00:11:10	No caption
17Min.mp4	00:11:13	No caption
17Min.mp4	00:11:16	No caption
17Min.mp4	00:11:20	No caption
17Min.mp4	00:11:23	No caption
17Min.mp4	00:11:28	No caption
17Min.mp4	00:11:32	No caption
17Min.mp4	00:11:34	No caption
17Min.mp4	00:11:37	No caption
17Min.mp4	00:11:40	No caption
17Min.mp4	00:11:44	No caption
17Min.mp4	00:11:48	No caption
17Min.mp4	00:11:50	No caption
17Min.mp4	00:11:54	No caption
17Min.mp4	00:12:06	No caption
17Min.mp4	00:12:13	No caption
17Min.mp4	00:12:18	No caption
17Min.mp4	00:12:22	No caption
17Min.mp4	00:12:29	No caption
17Min.mp4	00:12:35	No caption
17Min.mp4	00:12:40	No caption
17Min.mp4	00:12:47	No caption
17Min.mp4	00:12:52	No caption
17Min.mp4	00:12:59	No caption
17Min.mp4	00:13:01	No caption
17Min.mp4	00:13:06	No caption
17Min.mp4	00:13:09	No caption
17Min.mp4	00:13:10	No caption
17Min.mp4	00:13:14	No caption
17Min.mp4	00:13:18	No caption
17Min.mp4	00:13:21	No caption
17Min.mp4	00:13:27	No caption
17Min.mp4	00:13:30	No caption
17Min.mp4	00:13:31	No caption
17Min.mp4	00:13:31	No caption
17Min.mp4	00:13:36	No caption
17Min.mp4	00:13:39	No caption
17Min.mp4	00:13:41	No caption
17Min.mp4	00:13:46	No caption
17Min.mp4	00:13:48	No caption
17Min.mp4	00:13:51	No caption
17Min.mp4	00:13:54	No caption
17Min.mp4	00:13:56	No caption
17Min.mp4	00:14:00	No caption
17Min.mp4	00:14:01	No caption
17Min.mp4	00:14:07	No caption
17Min.mp4	00:14:09	No caption
17Min.mp4	00:14:11	No caption
17Min.mp4	00:14:15	No caption
17Min.mp4	00:14:21	No caption
17Min.mp4	00:14:24	No caption
17Min.mp4	00:14:27	No caption
17Min.mp4	00:14:30	No caption
17Min.mp4	00:14:36	No caption
17Min.mp4	00:14:45	No caption
17Min.mp4	00:14:48	No caption
17Min.mp4	00:14:54	No caption
17Min.mp4	00:14:57	No caption
17Min.mp4	00:15:06	No caption
17Min.mp4	00:15:08	No caption
17Min.mp4	00:15:13	No caption
17Min.mp4	00:15:17	No caption
17Min.mp4	00:15:20	No caption
17Min.mp4	00:15:23	No caption
17Min.mp4	00:15:26	No caption
17Min.mp4	00:15:33	No caption
17Min.mp4	00:15:37	No caption
17Min.mp4	00:15:38	No caption
17Min.mp4	00:15:44	No caption
17Min.mp4	00:15:48	No caption
17Min.mp4	00:15:53	No caption
17Min.mp4	00:15:57	No caption
17Min.mp4	00:16:01	No caption
17Min.mp4	00:16:02	No caption
17Min.mp4	00:16:06	No caption
17Min.mp4	00:16:09	No caption
17Min.mp4	00:16:12	No caption
17Min.mp4	00:16:17	No caption
17Min.mp4	00:16:21	No caption
17Min.mp4	00:16:55	No caption
17Min.mp4	00:16:57	No caption
17Min.mp4	00:17:03	No caption
17Min.mp4	00:17:23	No caption
17Min.mp4	00:17:24	No caption
17Min.mp4	00:17:25	No caption
17Min.mp4	00:17:26	No caption
17Min.mp4	00:17:30	No caption
17Min.mp4	00:17:35	No caption
30Min.mp4	00:00:56	No caption
Hans Rosling- The best stats you've ever seen - TED Talk.mp4	00:16:29	No caption
video1.mp4	00:08:40	No caption
30Min.mp4	00:01:00	No caption
30Min.mp4	00:01:07	No caption
30Min.mp4	00:01:09	No caption
30Min.mp4	00:01:15	No caption
30Min.mp4	00:01:18	No caption
30Min.mp4	00:01:22	No caption
30Min.mp4	00:01:26	No caption
30Min.mp4	00:01:38	No caption
30Min.mp4	00:01:41	No caption
30Min.mp4	00:01:45	No caption
30Min.mp4	00:01:48	No caption
30Min.mp4	00:01:51	No caption
30Min.mp4	00:01:53	No caption
30Min.mp4	00:01:55	No caption
30Min.mp4	00:01:56	No caption
30Min.mp4	00:01:59	No caption
30Min.mp4	00:02:01	No caption
30Min.mp4	00:02:03	No caption
30Min.mp4	00:02:04	No caption
30Min.mp4	00:02:04	No caption
30Min.mp4	00:02:06	No caption
30Min.mp4	00:02:07	No caption
30Min.mp4	00:02:09	No caption
30Min.mp4	00:02:13	No caption
30Min.mp4	00:02:15	No caption
30Min.mp4	00:02:21	No caption
30Min.mp4	00:02:23	No caption
30Min.mp4	00:02:26	No caption
30Min.mp4	00:02:29	No caption
30Min.mp4	00:02:31	No caption
30Min.mp4	00:02:33	No caption
30Min.mp4	00:02:38	No caption
30Min.mp4	00:02:40	No caption
30Min.mp4	00:02:43	No caption
30Min.mp4	00:02:45	No caption
30Min.mp4	00:02:46	No caption
30Min.mp4	00:02:47	No caption
30Min.mp4	00:02:48	No caption
30Min.mp4	00:02:49	No caption
30Min.mp4	00:02:50	No caption
30Min.mp4	00:02:52	No caption
30Min.mp4	00:02:54	No caption
30Min.mp4	00:03:02	No caption
30Min.mp4	00:03:05	No caption
30Min.mp4	00:03:09	No caption
30Min.mp4	00:03:10	No caption
30Min.mp4	00:03:14	No caption
30Min.mp4	00:03:16	No caption
30Min.mp4	00:03:18	No caption
30Min.mp4	00:03:20	No caption
30Min.mp4	00:03:21	No caption
30Min.mp4	00:03:21	No caption
30Min.mp4	00:03:23	No caption
30Min.mp4	00:03:24	No caption
30Min.mp4	00:03:32	No caption
30Min.mp4	00:03:34	No caption
30Min.mp4	00:03:36	No caption
30Min.mp4	00:03:38	No caption
30Min.mp4	00:03:42	No caption
30Min.mp4	00:03:45	No caption
30Min.mp4	00:03:46	No caption
30Min.mp4	00:03:51	No caption
30Min.mp4	00:03:53	No caption
30Min.mp4	00:03:55	No caption
30Min.mp4	00:03:57	No caption
30Min.mp4	00:04:05	No caption
30Min.mp4	00:04:12	No caption
30Min.mp4	00:04:16	No caption
30Min.mp4	00:04:20	No caption
30Min.mp4	00:04:24	No caption
30Min.mp4	00:04:26	No caption
30Min.mp4	00:04:28	No caption
30Min.mp4	00:04:30	No caption
30Min.mp4	00:04:34	No caption
30Min.mp4	00:04:35	No caption
30Min.mp4	00:04:37	No caption
30Min.mp4	00:04:42	No caption
30Min.mp4	00:04:43	No caption
30Min.mp4	00:04:47	No caption
30Min.mp4	00:04:53	No caption
30Min.mp4	00:04:56	No caption
30Min.mp4	00:05:05	No caption
30Min.mp4	00:05:10	No caption
30Min.mp4	00:05:13	No caption
30Min.mp4	00:05:18	No caption
30Min.mp4	00:05:19	No caption
30Min.mp4	00:05:20	No caption
30Min.mp4	00:05:28	No caption
30Min.mp4	00:05:30	No caption
30Min.mp4	00:05:36	No caption
30Min.mp4	00:05:38	No caption
30Min.mp4	00:05:41	No caption
30Min.mp4	00:05:46	No caption
30Min.mp4	00:05:51	No caption
30Min.mp4	00:05:54	No caption
30Min.mp4	00:05:55	No caption
30Min.mp4	00:06:03	No caption
30Min.mp4	00:06:07	No caption
30Min.mp4	00:06:13	No caption
30Min.mp4	00:06:16	No caption
30Min.mp4	00:06:19	No caption
30Min.mp4	00:06:27	No caption
30Min.mp4	00:06:28	No caption
30Min.mp4	00:06:28	No caption
30Min.mp4	00:06:31	No caption
30Min.mp4	00:06:32	No caption
30Min.mp4	00:06:40	No caption
30Min.mp4	00:06:44	No caption
30Min.mp4	00:06:46	No caption
30Min.mp4	00:06:54	No caption
30Min.mp4	00:07:02	No caption
30Min.mp4	00:07:08	No caption
30Min.mp4	00:07:14	No caption
30Min.mp4	00:07:18	No caption
30Min.mp4	00:07:22	No caption
30Min.mp4	00:07:30	No caption
30Min.mp4	00:07:37	No caption
30Min.mp4	00:07:38	No caption
30Min.mp4	00:07:41	No caption
30Min.mp4	00:07:43	No caption
30Min.mp4	00:07:51	No caption
30Min.mp4	00:07:54	No caption
30Min.mp4	00:07:57	No caption
30Min.mp4	00:08:06	No caption
30Min.mp4	00:08:09	No caption
30Min.mp4	00:08:13	No caption
30Min.mp4	00:08:17	No caption
30Min.mp4	00:08:20	No caption
30Min.mp4	00:08:21	No caption
30Min.mp4	00:08:23	No caption
30Min.mp4	00:08:25	No caption
30Min.mp4	00:08:27	No caption
30Min.mp4	00:08:29	No caption
30Min.mp4	00:08:31	No caption
30Min.mp4	00:08:32	No caption
30Min.mp4	00:08:47	No caption
30Min.mp4	00:08:50	No caption
30Min.mp4	00:08:55	No caption
30Min.mp4	00:09:00	No caption
30Min.mp4	00:09:01	No caption
30Min.mp4	00:09:04	No caption
30Min.mp4	00:09:08	No caption
30Min.mp4	00:09:14	No caption
30Min.mp4	00:09:34	No caption
30Min.mp4	00:09:39	No caption
30Min.mp4	00:09:43	No caption
30Min.mp4	00:09:45	No caption
30Min.mp4	00:09:48	No caption
30Min.mp4	00:09:54	No caption
30Min.mp4	00:09:59	No caption
30Min.mp4	00:10:12	No caption
30Min.mp4	00:10:28	No caption
30Min.mp4	00:10:36	No caption
30Min.mp4	00:10:41	No caption
30Min.mp4	00:10:47	No caption
30Min.mp4	00:10:51	No caption
30Min.mp4	00:10:54	No caption
30Min.mp4	00:10:57	No caption
30Min.mp4	00:11:00	No caption
30Min.mp4	00:11:03	No caption
30Min.mp4	00:11:12	No caption
30Min.mp4	00:11:14	No caption
30Min.mp4	00:11:18	No caption
30Min.mp4	00:11:21	No caption
30Min.mp4	00:11:27	No caption
30Min.mp4	00:11:35	No caption
30Min.mp4	00:11:46	No caption
30Min.mp4	00:11:51	No caption
30Min.mp4	00:11:55	No caption
30Min.mp4	00:11:56	No caption
30Min.mp4	00:11:57	No caption
30Min.mp4	00:12:01	No caption
30Min.mp4	00:12:03	No caption
30Min.mp4	00:12:08	No caption
30Min.mp4	00:12:14	No caption
30Min.mp4	00:12:16	No caption
30Min.mp4	00:12:19	No caption
30Min.mp4	00:12:22	No caption
30Min.mp4	00:12:24	No caption
30Min.mp4	00:12:34	No caption
30Min.mp4	00:12:38	No caption
30Min.mp4	00:12:41	No caption
30Min.mp4	00:12:46	No caption
30Min.mp4	00:12:51	No caption
30Min.mp4	00:13:01	No caption
30Min.mp4	00:13:03	No caption
30Min.mp4	00:13:06	No caption
30Min.mp4	00:13:10	No caption
30Min.mp4	00:13:11	No caption
30Min.mp4	00:13:13	No caption
30Min.mp4	00:13:15	No caption
30Min.mp4	00:13:18	No caption
30Min.mp4	00:13:20	No caption
30Min.mp4	00:13:22	No caption
30Min.mp4	00:13:24	No caption
30Min.mp4	00:13:25	No caption
30Min.mp4	00:13:35	No caption
30Min.mp4	00:13:39	No caption
30Min.mp4	00:13:43	No caption
30Min.mp4	00:13:50	No caption
30Min.mp4	00:13:53	No caption
30Min.mp4	00:13:55	No caption
30Min.mp4	00:13:57	No caption
30Min.mp4	00:13:59	No caption
30Min.mp4	00:14:01	No caption
30Min.mp4	00:14:06	No caption
30Min.mp4	00:14:10	No caption
30Min.mp4	00:14:11	No caption
30Min.mp4	00:14:14	No caption
30Min.mp4	00:14:17	No caption
30Min.mp4	00:14:21	No caption
30Min.mp4	00:14:24	No caption
30Min.mp4	00:14:30	No caption
30Min.mp4	00:15:28	No caption
30Min.mp4	00:15:37	No caption
30Min.mp4	00:15:38	No caption
30Min.mp4	00:15:40	No caption
30Min.mp4	00:15:45	No caption
30Min.mp4	00:15:49	No caption
30Min.mp4	00:15:51	No caption
30Min.mp4	00:15:53	No caption
30Min.mp4	00:15:58	No caption
30Min.mp4	00:16:12	No caption
30Min.mp4	00:16:17	No caption
30Min.mp4	00:16:21	No caption
30Min.mp4	00:16:28	No caption
30Min.mp4	00:16:31	No caption
30Min.mp4	00:16:35	No caption
30Min.mp4	00:16:38	No caption
30Min.mp4	00:16:41	No caption
30Min.mp4	00:16:44	No caption
30Min.mp4	00:16:46	No caption
30Min.mp4	00:16:48	No caption
30Min.mp4	00:16:51	No caption
30Min.mp4	00:16:54	No caption
30Min.mp4	00:17:03	No caption
30Min.mp4	00:17:11	No caption
30Min.mp4	00:17:16	No caption
30Min.mp4	00:17:20	No caption
30Min.mp4	00:17:22	No caption
30Min.mp4	00:17:32	No caption
30Min.mp4	00:17:35	No caption
30Min.mp4	00:17:48	No caption
30Min.mp4	00:17:54	No caption
30Min.mp4	00:17:58	No caption
30Min.mp4	00:18:05	No caption
30Min.mp4	00:18:09	No caption
30Min.mp4	00:18:20	No caption
30Min.mp4	00:18:22	No caption
30Min.mp4	00:18:25	No caption
30Min.mp4	00:18:27	No caption
30Min.mp4	00:18:28	No caption
30Min.mp4	00:18:31	No caption
30Min.mp4	00:18:38	No caption
30Min.mp4	00:18:40	No caption
30Min.mp4	00:18:45	No caption
30Min.mp4	00:18:51	No caption
30Min.mp4	00:18:58	No caption
30Min.mp4	00:19:01	No caption
30Min.mp4	00:19:05	No caption
30Min.mp4	00:19:10	No caption
30Min.mp4	00:19:25	No caption
30Min.mp4	00:19:37	No caption
30Min.mp4	00:19:38	No caption
30Min.mp4	00:19:44	No caption
30Min.mp4	00:19:45	No caption
30Min.mp4	00:19:47	No caption
30Min.mp4	00:19:48	No caption
30Min.mp4	00:19:49	No caption
30Min.mp4	00:19:59	No caption
30Min.mp4	00:20:01	No caption
30Min.mp4	00:20:07	No caption
30Min.mp4	00:20:22	No caption
30Min.mp4	00:20:24	No caption
30Min.mp4	00:20:26	No caption
30Min.mp4	00:20:28	No caption
30Min.mp4	00:20:30	No caption
30Min.mp4	00:20:35	No caption
30Min.mp4	00:20:35	No caption
30Min.mp4	00:20:37	No caption
30Min.mp4	00:20:42	No caption
30Min.mp4	00:20:51	No caption
30Min.mp4	00:20:54	No caption
30Min.mp4	00:20:56	No caption
30Min.mp4	00:20:58	No caption
30Min.mp4	00:21:00	No caption
30Min.mp4	00:21:01	No caption
30Min.mp4	00:21:03	No caption
30Min.mp4	00:21:05	No caption
30Min.mp4	00:21:10	No caption
30Min.mp4	00:21:13	No caption
30Min.mp4	00:21:17	No caption
30Min.mp4	00:21:19	No caption
30Min.mp4	00:21:26	No caption
30Min.mp4	00:21:32	No caption
30Min.mp4	00:21:34	No caption
30Min.mp4	00:21:40	No caption
30Min.mp4	00:21:41	No caption
30Min.mp4	00:21:43	No caption
30Min.mp4	00:21:46	No caption
30Min.mp4	00:21:53	No caption
30Min.mp4	00:21:54	No caption
30Min.mp4	00:21:59	No caption
30Min.mp4	00:22:03	No caption
30Min.mp4	00:22:04	No caption
30Min.mp4	00:22:14	No caption
30Min.mp4	00:22:19	No caption
30Min.mp4	00:22:23	No caption
30Min.mp4	00:22:24	No caption
30Min.mp4	00:22:28	No caption
30Min.mp4	00:22:38	No caption
30Min.mp4	00:22:42	No caption
30Min.mp4	00:22:48	No caption
30Min.mp4	00:22:55	No caption
30Min.mp4	00:22:59	No caption
30Min.mp4	00:23:02	No caption
30Min.mp4	00:23:05	No caption
30Min.mp4	00:23:12	No caption
30Min.mp4	00:23:15	No caption
30Min.mp4	00:23:24	No caption
30Min.mp4	00:23:32	No caption
30Min.mp4	00:23:33	No caption
30Min.mp4	00:23:37	No caption
30Min.mp4	00:24:12	No caption
30Min.mp4	00:24:14	No caption
30Min.mp4	00:24:16	No caption
30Min.mp4	00:24:38	No caption
30Min.mp4	00:24:42	No caption
30Min.mp4	00:24:46	No caption
30Min.mp4	00:24:48	No caption
30Min.mp4	00:24:54	No caption
30Min.mp4	00:24:56	No caption
30Min.mp4	00:25:13	No caption
30Min.mp4	00:25:20	No caption
30Min.mp4	00:25:22	No caption
30Min.mp4	00:25:24	No caption
30Min.mp4	00:25:28	No caption
30Min.mp4	00:25:32	No caption
30Min.mp4	00:25:35	No caption
30Min.mp4	00:25:37	No caption
30Min.mp4	00:25:39	No caption
30Min.mp4	00:25:41	No caption
30Min.mp4	00:25:46	No caption
30Min.mp4	00:25:49	No caption
30Min.mp4	00:25:54	No caption
30Min.mp4	00:26:07	No caption
30Min.mp4	00:26:17	No caption
30Min.mp4	00:26:21	No caption
30Min.mp4	00:26:25	No caption
30Min.mp4	00:26:34	No caption
30Min.mp4	00:26:38	No caption
30Min.mp4	00:26:42	No caption
30Min.mp4	00:26:48	No caption
30Min.mp4	00:27:02	No caption
30Min.mp4	00:27:04	No caption
30Min.mp4	00:27:06	No caption
30Min.mp4	00:27:10	No caption
30Min.mp4	00:27:13	No caption
30Min.mp4	00:27:16	No caption
30Min.mp4	00:27:19	No caption
30Min.mp4	00:27:24	No caption
30Min.mp4	00:27:27	No caption
30Min.mp4	00:27:29	No caption
30Min.mp4	00:27:30	No caption
30Min.mp4	00:27:33	No caption
30Min.mp4	00:27:40	No caption
30Min.mp4	00:27:42	No caption
30Min.mp4	00:27:44	No caption
30Min.mp4	00:27:46	No caption
30Min.mp4	00:27:48	No caption
30Min.mp4	00:27:53	No caption
30Min.mp4	00:27:55	No caption
30Min.mp4	00:27:57	No caption
30Min.mp4	00:28:01	No caption
30Min.mp4	00:28:06	No caption
30Min.mp4	00:28:07	No caption
30Min.mp4	00:28:13	No caption
30Min.mp4	00:28:17	No caption
30Min.mp4	00:28:18	No caption
30Min.mp4	00:28:21	No caption
30Min.mp4	00:28:22	No caption
30Min.mp4	00:28:30	No caption
30Min.mp4	00:28:33	No caption
30Min.mp4	00:28:37	No caption
30Min.mp4	00:28:46	No caption
30Min.mp4	00:28:51	No caption
30Min.mp4	00:28:55	No caption
856355-hd_1920_1080_30fps.mp4	00:00:00	No caption
856355-hd_1920_1080_30fps.mp4	00:00:07	No caption
AkerBP 1.mp4	00:00:00	No caption
AkerBP 1.mp4	00:00:01	No caption
AkerBP 1.mp4	00:00:04	No caption
AkerBP 1.mp4	00:00:04	No caption
AkerBP 1.mp4	00:00:07	No caption
AkerBP 1.mp4	00:00:08	No caption
AkerBP 1.mp4	00:00:09	No caption
AkerBP 1.mp4	00:00:10	No caption
AkerBP 1.mp4	00:00:11	No caption
AkerBP 1.mp4	00:00:12	No caption
AkerBP 1.mp4	00:00:14	No caption
AkerBP 1.mp4	00:00:15	No caption
AkerBP 1.mp4	00:00:17	No caption
AkerBP 1.mp4	00:00:18	No caption
AkerBP 1.mp4	00:00:20	No caption
AkerBP 1.mp4	00:00:21	No caption
AkerBP 1.mp4	00:00:26	No caption
AkerBP 1.mp4	00:00:29	No caption
AkerBP 1.mp4	00:00:30	No caption
AkerBP 1.mp4	00:00:32	No caption
AkerBP 1.mp4	00:00:34	No caption
AkerBP 1.mp4	00:00:35	No caption
AkerBP 1.mp4	00:00:36	No caption
AkerBP 1.mp4	00:00:38	No caption
AkerBP 1.mp4	00:00:39	No caption
AkerBP 1.mp4	00:00:42	No caption
AkerBP 1.mp4	00:00:48	No caption
AkerBP 1.mp4	00:01:01	No caption
AkerBP 1.mp4	00:01:03	No caption
AkerBP 1.mp4	00:01:05	No caption
AkerBP 1.mp4	00:01:07	No caption
AkerBP 1.mp4	00:01:10	No caption
AkerBP 1.mp4	00:01:12	No caption
AkerBP 1.mp4	00:01:14	No caption
AkerBP 1.mp4	00:01:17	No caption
AkerBP 1.mp4	00:01:23	No caption
AkerBP 1.mp4	00:01:26	No caption
AkerBP 1.mp4	00:01:28	No caption
AkerBP 1.mp4	00:01:30	No caption
AkerBP 1.mp4	00:01:31	No caption
AkerBP 1.mp4	00:01:35	No caption
AkerBP 1.mp4	00:01:37	No caption
AkerBP 1.mp4	00:01:40	No caption
AkerBP 1.mp4	00:01:42	No caption
AkerBP 1.mp4	00:01:43	No caption
AkerBP 1.mp4	00:01:46	No caption
AkerBP 1.mp4	00:01:48	No caption
AkerBP 1.mp4	00:01:51	No caption
AkerBP 1.mp4	00:02:02	No caption
AkerBP 1.mp4	00:02:03	No caption
AkerBP 1.mp4	00:02:05	No caption
AkerBP 1.mp4	00:02:07	No caption
AkerBP 1.mp4	00:02:09	No caption
AkerBP 1.mp4	00:02:11	No caption
AkerBP 1.mp4	00:02:12	No caption
AkerBP 1.mp4	00:02:20	No caption
AkerBP 1.mp4	00:02:21	No caption
AkerBP 1.mp4	00:02:22	No caption
AkerBP 1.mp4	00:02:23	No caption
AkerBP 1.mp4	00:02:24	No caption
AkerBP 1.mp4	00:02:26	No caption
AkerBP 1.mp4	00:02:27	No caption
AkerBP 1.mp4	00:02:28	No caption
AkerBP 1.mp4	00:02:30	No caption
AkerBP 1.mp4	00:02:32	No caption
AkerBP 1.mp4	00:02:34	No caption
AkerBP 1.mp4	00:02:36	No caption
AkerBP 1.mp4	00:02:38	No caption
AkerBP 1.mp4	00:02:39	No caption
AkerBP 1.mp4	00:02:40	No caption
AkerBP 1.mp4	00:02:42	No caption
AkerBP 1.mp4	00:02:44	No caption
AkerBP 1.mp4	00:02:46	No caption
AkerBP 1.mp4	00:02:48	No caption
AkerBP 1.mp4	00:02:49	No caption
AkerBP 1.mp4	00:02:51	No caption
AkerBP 1.mp4	00:02:52	No caption
AkerBP 1.mp4	00:02:56	No caption
AkerBP 1.mp4	00:03:02	No caption
AkerBP 1.mp4	00:03:04	No caption
AkerBP 1.mp4	00:03:05	No caption
AkerBP 1.mp4	00:03:09	No caption
AkerBP 1.mp4	00:03:10	No caption
AkerBP 1.mp4	00:03:11	No caption
AkerBP 1.mp4	00:03:17	No caption
AkerBP 1.mp4	00:03:19	No caption
AkerBP 1.mp4	00:03:24	No caption
AkerBP 1.mp4	00:03:26	No caption
AkerBP 1.mp4	00:03:29	No caption
AkerBP 1.mp4	00:03:31	No caption
AkerBP 1.mp4	00:03:32	No caption
AkerBP 1.mp4	00:03:40	No caption
AkerBP 1.mp4	00:03:41	No caption
AkerBP 1.mp4	00:03:43	No caption
AkerBP 1.mp4	00:03:45	No caption
AkerBP 1.mp4	00:03:48	No caption
AkerBP 1.mp4	00:03:50	No caption
AkerBP 1.mp4	00:03:55	No caption
AkerBP 1.mp4	00:03:56	No caption
AkerBP 1.mp4	00:03:58	No caption
AkerBP 1.mp4	00:04:00	No caption
AkerBP 1.mp4	00:04:01	No caption
AkerBP 1.mp4	00:04:03	No caption
AkerBP 1.mp4	00:04:05	No caption
AkerBP 1.mp4	00:04:07	No caption
AkerBP 1.mp4	00:04:09	No caption
AkerBP 1.mp4	00:04:11	No caption
AkerBP 1.mp4	00:04:13	No caption
AkerBP 1.mp4	00:04:17	No caption
AkerBP 1.mp4	00:04:20	No caption
AkerBP 2.mp4	00:00:00	No caption
AkerBP 2.mp4	00:00:04	No caption
AkerBP 2.mp4	00:00:20	No caption
AkerBP 2.mp4	00:00:21	No caption
AkerBP 2.mp4	00:00:24	No caption
AkerBP 2.mp4	00:00:26	No caption
AkerBP 2.mp4	00:00:30	No caption
AkerBP 2.mp4	00:00:41	No caption
AkerBP 2.mp4	00:00:49	No caption
AkerBP 2.mp4	00:00:57	No caption
AkerBP 2.mp4	00:01:00	No caption
AkerBP 2.mp4	00:01:04	No caption
AkerBP 2.mp4	00:01:08	No caption
AkerBP 2.mp4	00:01:10	No caption
AkerBP 2.mp4	00:01:13	No caption
AkerBP 2.mp4	00:01:19	No caption
AkerBP 2.mp4	00:01:21	No caption
AkerBP 2.mp4	00:01:29	No caption
AkerBP 2.mp4	00:01:32	No caption
AkerBP 2.mp4	00:01:36	No caption
AkerBP 2.mp4	00:01:36	No caption
AkerBP 2.mp4	00:01:43	No caption
AkerBP 2.mp4	00:01:44	No caption
AkerBP 2.mp4	00:01:48	No caption
AkerBP 2.mp4	00:01:52	No caption
AkerBP 2.mp4	00:01:53	No caption
AkerBP 2.mp4	00:01:55	No caption
AkerBP 2.mp4	00:01:56	No caption
AkerBP 2.mp4	00:01:57	No caption
AkerBP 2.mp4	00:01:58	No caption
AkerBP 2.mp4	00:02:00	No caption
AkerBP 2.mp4	00:02:03	No caption
AkerBP 2.mp4	00:02:11	No caption
AkerBP 2.mp4	00:02:13	No caption
AkerBP 2.mp4	00:02:14	No caption
AkerBP 2.mp4	00:02:20	No caption
AkerBP 2.mp4	00:02:22	No caption
AkerBP 2.mp4	00:02:26	No caption
AkerBP 2.mp4	00:02:31	No caption
AkerBP 2.mp4	00:02:38	No caption
AkerBP 2.mp4	00:02:43	No caption
AkerBP 2.mp4	00:02:48	No caption
AkerBP 2.mp4	00:02:57	No caption
AkerBP 2.mp4	00:03:03	No caption
AkerBP 2.mp4	00:03:08	No caption
AkerBP 2.mp4	00:03:11	No caption
AkerBP 2.mp4	00:03:15	No caption
AkerBP 2.mp4	00:03:19	No caption
AkerBP 2.mp4	00:03:23	No caption
AkerBP 2.mp4	00:03:27	No caption
AkerBP 2.mp4	00:03:31	No caption
AkerBP 2.mp4	00:03:40	No caption
AkerBP 2.mp4	00:03:41	No caption
AkerBP 2.mp4	00:03:45	No caption
AkerBP 2.mp4	00:03:52	No caption
AkerBP 2.mp4	00:03:58	No caption
AkerBP 2.mp4	00:03:58	No caption
AkerBP 2.mp4	00:04:08	No caption
AkerBP 2.mp4	00:04:12	No caption
AkerBP 2.mp4	00:04:16	No caption
AkerBP 2.mp4	00:04:24	No caption
AkerBP 2.mp4	00:04:31	No caption
AkerBP 2.mp4	00:04:40	No caption
AkerBP 2.mp4	00:04:48	No caption
AkerBP 2.mp4	00:04:49	No caption
AkerBP 2.mp4	00:04:50	No caption
AkerBP 2.mp4	00:04:55	No caption
AkerBP 2.mp4	00:04:56	No caption
AkerBP 2.mp4	00:05:07	No caption
AkerBP 2.mp4	00:05:08	No caption
AkerBP 2.mp4	00:05:09	No caption
AkerBP 2.mp4	00:05:11	No caption
AkerBP 2.mp4	00:05:13	No caption
AkerBP 2.mp4	00:05:14	No caption
AkerBP 2.mp4	00:05:16	No caption
AkerBP 2.mp4	00:05:18	No caption
AkerBP 2.mp4	00:05:19	No caption
AkerBP 2.mp4	00:05:20	No caption
AkerBP 2.mp4	00:05:23	No caption
AkerBP 2.mp4	00:05:26	No caption
AkerBP 2.mp4	00:05:30	No caption
AkerBP 2.mp4	00:05:38	No caption
AkerBP 3.mp4	00:00:00	No caption
AkerBP 3.mp4	00:00:05	No caption
AkerBP 3.mp4	00:00:11	No caption
AkerBP 3.mp4	00:00:17	No caption
AkerBP 3.mp4	00:00:31	No caption
AkerBP 3.mp4	00:00:40	No caption
AkerBP 3.mp4	00:00:43	No caption
AkerBP 3.mp4	00:00:55	No caption
AkerBP 3.mp4	00:01:05	No caption
AkerBP 3.mp4	00:01:12	No caption
AkerBP 3.mp4	00:01:18	No caption
AkerBP 3.mp4	00:01:27	No caption
AkerBP 3.mp4	00:01:34	No caption
AkerBP 3.mp4	00:01:39	No caption
AkerBP 3.mp4	00:01:40	No caption
AkerBP 3.mp4	00:01:41	No caption
AkerBP 3.mp4	00:01:51	No caption
AkerBP 3.mp4	00:02:05	No caption
AkerBP 3.mp4	00:02:16	No caption
AkerBP 3.mp4	00:02:28	No caption
AkerBP 3.mp4	00:02:35	No caption
AkerBP 3.mp4	00:03:02	No caption
AkerBP 3.mp4	00:03:11	No caption
AkerBP 3.mp4	00:03:16	No caption
AkerBP 3.mp4	00:03:28	No caption
AkerBP 3.mp4	00:03:35	No caption
AkerBP 3.mp4	00:03:41	No caption
AkerBP 3.mp4	00:03:44	No caption
AkerBP 3.mp4	00:03:56	No caption
AkerBP 3.mp4	00:04:02	No caption
AkerBP 3.mp4	00:04:09	No caption
AkerBP 3.mp4	00:04:25	No caption
Al Gore- Averting the climate crisis - TED Talk.mp4	00:00:00	No caption
Al Gore- Averting the climate crisis - TED Talk.mp4	00:00:01	No caption
Al Gore- Averting the climate crisis - TED Talk.mp4	00:00:03	No caption
Al Gore- Averting the climate crisis - TED Talk.mp4	00:00:25	No caption
Al Gore- Averting the climate crisis - TED Talk.mp4	00:00:33	No caption
Al Gore- Averting the climate crisis - TED Talk.mp4	00:00:37	No caption
Al Gore- Averting the climate crisis - TED Talk.mp4	00:00:46	No caption
Al Gore- Averting the climate crisis - TED Talk.mp4	00:00:50	No caption
Al Gore- Averting the climate crisis - TED Talk.mp4	00:01:00	No caption
Al Gore- Averting the climate crisis - TED Talk.mp4	00:01:09	No caption
Al Gore- Averting the climate crisis - TED Talk.mp4	00:01:12	No caption
Al Gore- Averting the climate crisis - TED Talk.mp4	00:01:26	No caption
Al Gore- Averting the climate crisis - TED Talk.mp4	00:01:35	No caption
Al Gore- Averting the climate crisis - TED Talk.mp4	00:02:19	No caption
Al Gore- Averting the climate crisis - TED Talk.mp4	00:02:31	No caption
Al Gore- Averting the climate crisis - TED Talk.mp4	00:02:36	No caption
Al Gore- Averting the climate crisis - TED Talk.mp4	00:02:42	No caption
Al Gore- Averting the climate crisis - TED Talk.mp4	00:02:47	No caption
Al Gore- Averting the climate crisis - TED Talk.mp4	00:03:06	No caption
Al Gore- Averting the climate crisis - TED Talk.mp4	00:03:07	No caption
Al Gore- Averting the climate crisis - TED Talk.mp4	00:03:10	No caption
Al Gore- Averting the climate crisis - TED Talk.mp4	00:03:14	No caption
Al Gore- Averting the climate crisis - TED Talk.mp4	00:03:16	No caption
Al Gore- Averting the climate crisis - TED Talk.mp4	00:03:25	No caption
Al Gore- Averting the climate crisis - TED Talk.mp4	00:04:38	No caption
Al Gore- Averting the climate crisis - TED Talk.mp4	00:04:54	No caption
Al Gore- Averting the climate crisis - TED Talk.mp4	00:05:00	No caption
Al Gore- Averting the climate crisis - TED Talk.mp4	00:05:05	No caption
Al Gore- Averting the climate crisis - TED Talk.mp4	00:05:31	No caption
Al Gore- Averting the climate crisis - TED Talk.mp4	00:05:34	No caption
Al Gore- Averting the climate crisis - TED Talk.mp4	00:05:47	No caption
Al Gore- Averting the climate crisis - TED Talk.mp4	00:06:05	No caption
Al Gore- Averting the climate crisis - TED Talk.mp4	00:06:22	No caption
Al Gore- Averting the climate crisis - TED Talk.mp4	00:06:35	No caption
Al Gore- Averting the climate crisis - TED Talk.mp4	00:06:42	No caption
Al Gore- Averting the climate crisis - TED Talk.mp4	00:06:53	No caption
Al Gore- Averting the climate crisis - TED Talk.mp4	00:07:02	No caption
Al Gore- Averting the climate crisis - TED Talk.mp4	00:07:14	No caption
Al Gore- Averting the climate crisis - TED Talk.mp4	00:07:20	No caption
Al Gore- Averting the climate crisis - TED Talk.mp4	00:07:25	No caption
Al Gore- Averting the climate crisis - TED Talk.mp4	00:07:26	No caption
Al Gore- Averting the climate crisis - TED Talk.mp4	00:07:30	No caption
Al Gore- Averting the climate crisis - TED Talk.mp4	00:07:43	No caption
Al Gore- Averting the climate crisis - TED Talk.mp4	00:07:50	No caption
Al Gore- Averting the climate crisis - TED Talk.mp4	00:08:23	No caption
Al Gore- Averting the climate crisis - TED Talk.mp4	00:08:43	No caption
Al Gore- Averting the climate crisis - TED Talk.mp4	00:08:48	No caption
Al Gore- Averting the climate crisis - TED Talk.mp4	00:08:50	No caption
Al Gore- Averting the climate crisis - TED Talk.mp4	00:08:54	No caption
Al Gore- Averting the climate crisis - TED Talk.mp4	00:09:00	No caption
Al Gore- Averting the climate crisis - TED Talk.mp4	00:09:05	No caption
Al Gore- Averting the climate crisis - TED Talk.mp4	00:09:13	No caption
Al Gore- Averting the climate crisis - TED Talk.mp4	00:09:17	No caption
Al Gore- Averting the climate crisis - TED Talk.mp4	00:09:19	No caption
Al Gore- Averting the climate crisis - TED Talk.mp4	00:09:29	No caption
Al Gore- Averting the climate crisis - TED Talk.mp4	00:09:35	No caption
Al Gore- Averting the climate crisis - TED Talk.mp4	00:09:48	No caption
Al Gore- Averting the climate crisis - TED Talk.mp4	00:09:55	No caption
Al Gore- Averting the climate crisis - TED Talk.mp4	00:09:58	No caption
Al Gore- Averting the climate crisis - TED Talk.mp4	00:10:07	No caption
Al Gore- Averting the climate crisis - TED Talk.mp4	00:10:16	No caption
Al Gore- Averting the climate crisis - TED Talk.mp4	00:10:19	No caption
Al Gore- Averting the climate crisis - TED Talk.mp4	00:10:24	No caption
Al Gore- Averting the climate crisis - TED Talk.mp4	00:10:25	No caption
Al Gore- Averting the climate crisis - TED Talk.mp4	00:10:31	No caption
Al Gore- Averting the climate crisis - TED Talk.mp4	00:10:33	No caption
Al Gore- Averting the climate crisis - TED Talk.mp4	00:10:37	No caption
Al Gore- Averting the climate crisis - TED Talk.mp4	00:11:00	No caption
Al Gore- Averting the climate crisis - TED Talk.mp4	00:11:03	No caption
Al Gore- Averting the climate crisis - TED Talk.mp4	00:11:08	No caption
Al Gore- Averting the climate crisis - TED Talk.mp4	00:11:13	No caption
Al Gore- Averting the climate crisis - TED Talk.mp4	00:11:18	No caption
Al Gore- Averting the climate crisis - TED Talk.mp4	00:11:22	No caption
Al Gore- Averting the climate crisis - TED Talk.mp4	00:11:32	No caption
Al Gore- Averting the climate crisis - TED Talk.mp4	00:11:58	No caption
Al Gore- Averting the climate crisis - TED Talk.mp4	00:12:02	No caption
Al Gore- Averting the climate crisis - TED Talk.mp4	00:12:27	No caption
Al Gore- Averting the climate crisis - TED Talk.mp4	00:12:31	No caption
Al Gore- Averting the climate crisis - TED Talk.mp4	00:12:43	No caption
Al Gore- Averting the climate crisis - TED Talk.mp4	00:13:09	No caption
Al Gore- Averting the climate crisis - TED Talk.mp4	00:13:20	No caption
Al Gore- Averting the climate crisis - TED Talk.mp4	00:13:23	No caption
Al Gore- Averting the climate crisis - TED Talk.mp4	00:13:39	No caption
Al Gore- Averting the climate crisis - TED Talk.mp4	00:13:44	No caption
Al Gore- Averting the climate crisis - TED Talk.mp4	00:13:48	No caption
Al Gore- Averting the climate crisis - TED Talk.mp4	00:13:59	No caption
Al Gore- Averting the climate crisis - TED Talk.mp4	00:14:06	No caption
Al Gore- Averting the climate crisis - TED Talk.mp4	00:14:21	No caption
Al Gore- Averting the climate crisis - TED Talk.mp4	00:14:28	No caption
Al Gore- Averting the climate crisis - TED Talk.mp4	00:14:32	No caption
Al Gore- Averting the climate crisis - TED Talk.mp4	00:14:54	No caption
Al Gore- Averting the climate crisis - TED Talk.mp4	00:14:56	No caption
Al Gore- Averting the climate crisis - TED Talk.mp4	00:15:00	No caption
Al Gore- Averting the climate crisis - TED Talk.mp4	00:15:02	No caption
Al Gore- Averting the climate crisis - TED Talk.mp4	00:15:06	No caption
Al Gore- Averting the climate crisis - TED Talk.mp4	00:15:08	No caption
Al Gore- Averting the climate crisis - TED Talk.mp4	00:15:24	No caption
Al Gore- Averting the climate crisis - TED Talk.mp4	00:15:28	No caption
Al Gore- Averting the climate crisis - TED Talk.mp4	00:15:39	No caption
Al Gore- Averting the climate crisis - TED Talk.mp4	00:15:50	No caption
Al Gore- Averting the climate crisis - TED Talk.mp4	00:15:54	No caption
Al Gore- Averting the climate crisis - TED Talk.mp4	00:15:55	No caption
Al Gore- Averting the climate crisis - TED Talk.mp4	00:15:57	No caption
Al Gore- Averting the climate crisis - TED Talk.mp4	00:15:58	No caption
Al Gore- Averting the climate crisis - TED Talk.mp4	00:15:59	No caption
Al Gore- Averting the climate crisis - TED Talk.mp4	00:16:01	No caption
Comedy 1.mp4	00:00:00	No caption
Comedy 1.mp4	00:00:03	No caption
Comedy 1.mp4	00:00:10	No caption
Comedy 1.mp4	00:00:17	No caption
Comedy 1.mp4	00:00:19	No caption
Comedy 1.mp4	00:00:21	No caption
Comedy 1.mp4	00:00:23	No caption
Comedy 1.mp4	00:00:26	No caption
Comedy 1.mp4	00:00:29	No caption
Comedy 1.mp4	00:00:31	No caption
Comedy 1.mp4	00:00:36	No caption
Comedy 1.mp4	00:00:38	No caption
Comedy 1.mp4	00:00:41	No caption
Comedy 1.mp4	00:00:43	No caption
Comedy 1.mp4	00:00:45	No caption
Comedy 1.mp4	00:00:49	No caption
Comedy 1.mp4	00:00:51	No caption
Comedy 1.mp4	00:00:57	No caption
Comedy 1.mp4	00:01:02	No caption
Comedy 1.mp4	00:01:04	No caption
Comedy 1.mp4	00:01:13	No caption
Comedy 1.mp4	00:01:15	No caption
Comedy 1.mp4	00:01:20	No caption
Comedy 1.mp4	00:01:23	No caption
Comedy 1.mp4	00:01:29	No caption
Comedy 1.mp4	00:01:31	No caption
Comedy 1.mp4	00:01:35	No caption
Comedy 1.mp4	00:01:37	No caption
Comedy 1.mp4	00:01:39	No caption
Comedy 1.mp4	00:01:45	No caption
Comedy 1.mp4	00:01:48	No caption
Comedy 1.mp4	00:01:49	No caption
Comedy 1.mp4	00:01:52	No caption
Comedy 1.mp4	00:01:55	No caption
Comedy 1.mp4	00:01:57	No caption
Comedy 1.mp4	00:02:00	No caption
Comedy 1.mp4	00:02:03	No caption
Comedy 1.mp4	00:02:09	No caption
Comedy 1.mp4	00:02:13	No caption
Comedy 1.mp4	00:02:16	No caption
Comedy 1.mp4	00:02:18	No caption
Comedy 1.mp4	00:02:21	No caption
Comedy 1.mp4	00:02:25	No caption
Comedy 1.mp4	00:02:29	No caption
Comedy 1.mp4	00:02:34	No caption
Comedy 1.mp4	00:02:38	No caption
Comedy 1.mp4	00:02:42	No caption
Comedy 1.mp4	00:02:44	No caption
Comedy 1.mp4	00:02:46	No caption
Comedy 1.mp4	00:02:47	No caption
Comedy 1.mp4	00:02:53	No caption
Comedy 1.mp4	00:02:55	No caption
Comedy 1.mp4	00:03:01	No caption
Comedy 1.mp4	00:03:04	No caption
Comedy 1.mp4	00:03:09	No caption
Comedy 1.mp4	00:03:12	No caption
Comedy 1.mp4	00:03:14	No caption
Comedy 1.mp4	00:03:17	No caption
Comedy 1.mp4	00:03:20	No caption
Comedy 1.mp4	00:03:23	No caption
Comedy 1.mp4	00:03:25	No caption
Comedy 1.mp4	00:03:36	No caption
Comedy 1.mp4	00:03:41	No caption
Comedy 1.mp4	00:03:41	No caption
Comedy 1.mp4	00:03:46	No caption
Comedy 1.mp4	00:03:49	No caption
Comedy 1.mp4	00:03:52	No caption
Comedy 1.mp4	00:03:55	No caption
Comedy 1.mp4	00:04:00	No caption
Comedy 1.mp4	00:04:06	No caption
Comedy 1.mp4	00:04:08	No caption
Comedy 1.mp4	00:04:10	No caption
Comedy 1.mp4	00:04:17	No caption
Comedy 1.mp4	00:04:18	No caption
Comedy 1.mp4	00:04:23	No caption
Comedy 1.mp4	00:04:27	No caption
Comedy 1.mp4	00:04:31	No caption
Comedy 1.mp4	00:04:34	No caption
Comedy 2.mp4	00:00:00	No caption
Comedy 2.mp4	00:00:01	No caption
Comedy 2.mp4	00:00:04	No caption
Comedy 2.mp4	00:00:05	No caption
Comedy 2.mp4	00:00:11	No caption
Comedy 2.mp4	00:00:13	No caption
Comedy 2.mp4	00:00:15	No caption
Comedy 2.mp4	00:00:16	No caption
Comedy 2.mp4	00:00:18	No caption
Comedy 2.mp4	00:00:26	No caption
Comedy 2.mp4	00:00:32	No caption
Comedy 2.mp4	00:00:35	No caption
Comedy 2.mp4	00:00:37	No caption
Comedy 2.mp4	00:00:41	No caption
Comedy 2.mp4	00:00:48	No caption
Comedy 2.mp4	00:00:52	No caption
Comedy 2.mp4	00:00:57	No caption
Comedy 2.mp4	00:01:05	No caption
Comedy 2.mp4	00:01:09	No caption
Comedy 2.mp4	00:01:11	No caption
Comedy 2.mp4	00:01:14	No caption
Comedy 2.mp4	00:01:17	No caption
Comedy 2.mp4	00:01:21	No caption
Comedy 2.mp4	00:01:24	No caption
Comedy 2.mp4	00:01:29	No caption
Comedy 2.mp4	00:01:32	No caption
Comedy 2.mp4	00:01:44	No caption
Comedy 2.mp4	00:01:56	No caption
Comedy 2.mp4	00:01:57	No caption
Comedy 2.mp4	00:02:03	No caption
Comedy 2.mp4	00:02:07	No caption
Comedy 2.mp4	00:02:10	No caption
Comedy 2.mp4	00:02:11	No caption
Comedy 2.mp4	00:02:14	No caption
Comedy 2.mp4	00:02:16	No caption
Comedy 2.mp4	00:02:20	No caption
Comedy 2.mp4	00:02:21	No caption
Comedy 2.mp4	00:02:24	No caption
Comedy 2.mp4	00:02:27	No caption
Comedy 2.mp4	00:02:28	No caption
Comedy 2.mp4	00:02:34	No caption
Comedy 2.mp4	00:02:41	No caption
Comedy 2.mp4	00:02:44	No caption
Comedy 2.mp4	00:02:47	No caption
Comedy 2.mp4	00:02:49	No caption
Comedy 2.mp4	00:02:54	No caption
Comedy 2.mp4	00:02:56	No caption
Comedy 2.mp4	00:02:58	No caption
Comedy 2.mp4	00:03:00	No caption
Comedy 2.mp4	00:03:01	No caption
Comedy 2.mp4	00:03:02	No caption
Comedy 2.mp4	00:03:04	No caption
Comedy 2.mp4	00:03:07	No caption
Comedy 2.mp4	00:03:11	No caption
Comedy 2.mp4	00:03:12	No caption
Comedy 2.mp4	00:03:13	No caption
Comedy 2.mp4	00:03:15	No caption
Comedy 2.mp4	00:03:16	No caption
Comedy 2.mp4	00:03:18	No caption
Comedy 2.mp4	00:03:23	No caption
Comedy 2.mp4	00:03:24	No caption
Comedy 2.mp4	00:03:27	No caption
Comedy 2.mp4	00:03:31	No caption
Comedy 2.mp4	00:03:32	No caption
Comedy 2.mp4	00:03:34	No caption
Comedy 2.mp4	00:03:38	No caption
Comedy 2.mp4	00:03:44	No caption
Comedy 2.mp4	00:03:53	No caption
Comedy 2.mp4	00:03:58	No caption
Comedy 2.mp4	00:04:01	No caption
Comedy 2.mp4	00:04:04	No caption
Comedy 2.mp4	00:04:07	No caption
Comedy 2.mp4	00:04:10	No caption
Comedy 2.mp4	00:04:12	No caption
Comedy 2.mp4	00:04:15	No caption
Comedy 2.mp4	00:04:18	No caption
Comedy 2.mp4	00:04:21	No caption
Comedy 2.mp4	00:04:24	No caption
Comedy 2.mp4	00:04:25	No caption
Comedy 2.mp4	00:04:29	No caption
Comedy 2.mp4	00:04:36	No caption
Comedy 2.mp4	00:04:40	No caption
Comedy 2.mp4	00:04:44	No caption
Comedy 2.mp4	00:04:46	No caption
Comedy 2.mp4	00:04:50	No caption
Comedy 2.mp4	00:04:51	No caption
Comedy 2.mp4	00:04:53	No caption
Comedy 2.mp4	00:04:54	No caption
Comedy 2.mp4	00:04:55	No caption
Comedy 2.mp4	00:04:59	No caption
Comedy 2.mp4	00:05:03	No caption
Comedy 2.mp4	00:05:05	No caption
Comedy 2.mp4	00:05:06	No caption
Comedy 2.mp4	00:05:11	No caption
Comedy 2.mp4	00:05:17	No caption
Comedy 2.mp4	00:05:20	No caption
Comedy 2.mp4	00:05:21	No caption
Comedy 2.mp4	00:05:26	No caption
Comedy 2.mp4	00:05:27	No caption
Comedy 2.mp4	00:05:29	No caption
Comedy 2.mp4	00:05:31	No caption
Comedy 2.mp4	00:05:33	No caption
Comedy 2.mp4	00:05:35	No caption
Comedy 2.mp4	00:05:37	No caption
Comedy 2.mp4	00:05:40	No caption
Comedy 2.mp4	00:05:45	No caption
Comedy 2.mp4	00:05:47	No caption
Comedy 2.mp4	00:05:51	No caption
Comedy 2.mp4	00:05:53	No caption
Comedy 2.mp4	00:05:55	No caption
Comedy 2.mp4	00:05:56	No caption
Comedy 2.mp4	00:05:58	No caption
Comedy 2.mp4	00:06:02	No caption
Comedy 2.mp4	00:06:05	No caption
Comedy 2.mp4	00:06:09	No caption
Comedy 2.mp4	00:06:10	No caption
Comedy 2.mp4	00:06:14	No caption
Comedy 2.mp4	00:06:15	No caption
Comedy 2.mp4	00:06:19	No caption
Comedy 2.mp4	00:06:24	No caption
Comedy 2.mp4	00:06:30	No caption
Comedy 2.mp4	00:06:36	No caption
Comedy 2.mp4	00:06:38	No caption
Comedy 2.mp4	00:06:39	No caption
Comedy 2.mp4	00:06:41	No caption
Comedy 2.mp4	00:06:44	No caption
Comedy 2.mp4	00:06:47	No caption
Comedy 2.mp4	00:06:49	No caption
Comedy 2.mp4	00:06:50	No caption
Comedy 2.mp4	00:06:53	No caption
Comedy 2.mp4	00:06:54	No caption
Comedy 2.mp4	00:06:56	No caption
Comedy 2.mp4	00:06:58	No caption
Comedy 2.mp4	00:07:05	No caption
Comedy 2.mp4	00:07:06	No caption
Comedy 2.mp4	00:07:09	No caption
Comedy 2.mp4	00:07:11	No caption
Comedy 2.mp4	00:07:20	No caption
Comedy 2.mp4	00:07:23	No caption
Comedy 2.mp4	00:07:24	No caption
Comedy 2.mp4	00:07:31	No caption
Comedy 2.mp4	00:07:33	No caption
Comedy 2.mp4	00:07:35	No caption
Comedy 2.mp4	00:07:38	No caption
Comedy 2.mp4	00:07:42	No caption
Comedy 2.mp4	00:07:44	No caption
Comedy 2.mp4	00:07:45	No caption
Comedy 2.mp4	00:07:49	No caption
Comedy 2.mp4	00:07:55	No caption
Comedy 2.mp4	00:07:57	No caption
Comedy 2.mp4	00:07:58	No caption
Hans Rosling- The best stats you've ever seen - TED Talk.mp4	00:16:47	No caption
Hans Rosling- The best stats you've ever seen - TED Talk.mp4	00:17:05	No caption
Hans Rosling- The best stats you've ever seen - TED Talk.mp4	00:17:25	No caption
Hans Rosling- The best stats you've ever seen - TED Talk.mp4	00:17:30	No caption
Hans Rosling- The best stats you've ever seen - TED Talk.mp4	00:18:01	No caption
Hans Rosling- The best stats you've ever seen - TED Talk.mp4	00:18:10	No caption
Hans Rosling- The best stats you've ever seen - TED Talk.mp4	00:18:27	No caption
Hans Rosling- The best stats you've ever seen - TED Talk.mp4	00:18:33	No caption
Hans Rosling- The best stats you've ever seen - TED Talk.mp4	00:19:00	No caption
Hans Rosling- The best stats you've ever seen - TED Talk.mp4	00:19:20	No caption
Hans Rosling- The best stats you've ever seen - TED Talk.mp4	00:19:27	No caption
Hans Rosling- The best stats you've ever seen - TED Talk.mp4	00:19:30	No caption
Hans Rosling- The best stats you've ever seen - TED Talk.mp4	00:19:34	No caption
Hans Rosling- The best stats you've ever seen - TED Talk.mp4	00:19:38	No caption
Jeff Han- The radical promise of the multi-touch interface - TED Talk.mp4	00:00:00	No caption
Jeff Han- The radical promise of the multi-touch interface - TED Talk.mp4	00:00:01	No caption
Jeff Han- The radical promise of the multi-touch interface - TED Talk.mp4	00:00:03	No caption
Jeff Han- The radical promise of the multi-touch interface - TED Talk.mp4	00:00:07	No caption
Jeff Han- The radical promise of the multi-touch interface - TED Talk.mp4	00:00:28	No caption
Jeff Han- The radical promise of the multi-touch interface - TED Talk.mp4	00:00:33	No caption
Jeff Han- The radical promise of the multi-touch interface - TED Talk.mp4	00:00:39	No caption
Jeff Han- The radical promise of the multi-touch interface - TED Talk.mp4	00:00:44	No caption
Jeff Han- The radical promise of the multi-touch interface - TED Talk.mp4	00:00:47	No caption
Jeff Han- The radical promise of the multi-touch interface - TED Talk.mp4	00:00:57	No caption
Jeff Han- The radical promise of the multi-touch interface - TED Talk.mp4	00:01:11	No caption
Jeff Han- The radical promise of the multi-touch interface - TED Talk.mp4	00:01:22	No caption
Jeff Han- The radical promise of the multi-touch interface - TED Talk.mp4	00:01:49	No caption
Jeff Han- The radical promise of the multi-touch interface - TED Talk.mp4	00:02:17	No caption
Jeff Han- The radical promise of the multi-touch interface - TED Talk.mp4	00:02:36	No caption
Jeff Han- The radical promise of the multi-touch interface - TED Talk.mp4	00:02:40	No caption
Jeff Han- The radical promise of the multi-touch interface - TED Talk.mp4	00:02:43	No caption
Jeff Han- The radical promise of the multi-touch interface - TED Talk.mp4	00:02:49	No caption
Jeff Han- The radical promise of the multi-touch interface - TED Talk.mp4	00:03:07	No caption
Jeff Han- The radical promise of the multi-touch interface - TED Talk.mp4	00:03:12	No caption
Jeff Han- The radical promise of the multi-touch interface - TED Talk.mp4	00:03:16	No caption
Jeff Han- The radical promise of the multi-touch interface - TED Talk.mp4	00:03:30	No caption
Jeff Han- The radical promise of the multi-touch interface - TED Talk.mp4	00:03:33	No caption
Jeff Han- The radical promise of the multi-touch interface - TED Talk.mp4	00:03:35	No caption
Jeff Han- The radical promise of the multi-touch interface - TED Talk.mp4	00:03:39	No caption
Jeff Han- The radical promise of the multi-touch interface - TED Talk.mp4	00:04:03	No caption
Jeff Han- The radical promise of the multi-touch interface - TED Talk.mp4	00:04:16	No caption
video1.mp4	00:04:58	No caption
Jeff Han- The radical promise of the multi-touch interface - TED Talk.mp4	00:04:18	No caption
Jeff Han- The radical promise of the multi-touch interface - TED Talk.mp4	00:04:29	No caption
Jeff Han- The radical promise of the multi-touch interface - TED Talk.mp4	00:04:47	No caption
Jeff Han- The radical promise of the multi-touch interface - TED Talk.mp4	00:04:56	No caption
Jeff Han- The radical promise of the multi-touch interface - TED Talk.mp4	00:04:59	No caption
Jeff Han- The radical promise of the multi-touch interface - TED Talk.mp4	00:05:02	No caption
Jeff Han- The radical promise of the multi-touch interface - TED Talk.mp4	00:05:05	No caption
Jeff Han- The radical promise of the multi-touch interface - TED Talk.mp4	00:05:12	No caption
Jeff Han- The radical promise of the multi-touch interface - TED Talk.mp4	00:05:20	No caption
Jeff Han- The radical promise of the multi-touch interface - TED Talk.mp4	00:05:30	No caption
Jeff Han- The radical promise of the multi-touch interface - TED Talk.mp4	00:05:32	No caption
Jeff Han- The radical promise of the multi-touch interface - TED Talk.mp4	00:05:34	No caption
Jeff Han- The radical promise of the multi-touch interface - TED Talk.mp4	00:05:37	No caption
Jeff Han- The radical promise of the multi-touch interface - TED Talk.mp4	00:05:41	No caption
Jeff Han- The radical promise of the multi-touch interface - TED Talk.mp4	00:05:52	No caption
Jeff Han- The radical promise of the multi-touch interface - TED Talk.mp4	00:05:58	No caption
Jeff Han- The radical promise of the multi-touch interface - TED Talk.mp4	00:06:06	No caption
Jeff Han- The radical promise of the multi-touch interface - TED Talk.mp4	00:06:15	No caption
Jeff Han- The radical promise of the multi-touch interface - TED Talk.mp4	00:06:19	No caption
Jeff Han- The radical promise of the multi-touch interface - TED Talk.mp4	00:06:29	No caption
Jeff Han- The radical promise of the multi-touch interface - TED Talk.mp4	00:06:32	No caption
Jeff Han- The radical promise of the multi-touch interface - TED Talk.mp4	00:07:04	No caption
Jeff Han- The radical promise of the multi-touch interface - TED Talk.mp4	00:07:08	No caption
Jeff Han- The radical promise of the multi-touch interface - TED Talk.mp4	00:07:14	No caption
Jeff Han- The radical promise of the multi-touch interface - TED Talk.mp4	00:07:18	No caption
Jeff Han- The radical promise of the multi-touch interface - TED Talk.mp4	00:07:24	No caption
Jeff Han- The radical promise of the multi-touch interface - TED Talk.mp4	00:07:29	No caption
Jeff Han- The radical promise of the multi-touch interface - TED Talk.mp4	00:07:34	No caption
Jeff Han- The radical promise of the multi-touch interface - TED Talk.mp4	00:07:41	No caption
Jeff Han- The radical promise of the multi-touch interface - TED Talk.mp4	00:07:43	No caption
Jeff Han- The radical promise of the multi-touch interface - TED Talk.mp4	00:07:48	No caption
Jeff Han- The radical promise of the multi-touch interface - TED Talk.mp4	00:07:55	No caption
Jeff Han- The radical promise of the multi-touch interface - TED Talk.mp4	00:08:03	No caption
Jeff Han- The radical promise of the multi-touch interface - TED Talk.mp4	00:08:09	No caption
Jeff Han- The radical promise of the multi-touch interface - TED Talk.mp4	00:08:12	No caption
Jeff Han- The radical promise of the multi-touch interface - TED Talk.mp4	00:08:13	No caption
Jeff Han- The radical promise of the multi-touch interface - TED Talk.mp4	00:08:23	No caption
Jeff Han- The radical promise of the multi-touch interface - TED Talk.mp4	00:08:36	No caption
Jeff Han- The radical promise of the multi-touch interface - TED Talk.mp4	00:08:37	No caption
Jehane Noujaim- My wish- A global day of film - TED Talk.mp4	00:00:00	No caption
Jehane Noujaim- My wish- A global day of film - TED Talk.mp4	00:00:01	No caption
Jehane Noujaim- My wish- A global day of film - TED Talk.mp4	00:00:02	No caption
Jehane Noujaim- My wish- A global day of film - TED Talk.mp4	00:00:12	No caption
Jehane Noujaim- My wish- A global day of film - TED Talk.mp4	00:00:29	No caption
Jehane Noujaim- My wish- A global day of film - TED Talk.mp4	00:01:20	No caption
Jehane Noujaim- My wish- A global day of film - TED Talk.mp4	00:01:41	No caption
Jehane Noujaim- My wish- A global day of film - TED Talk.mp4	00:01:50	No caption
Jehane Noujaim- My wish- A global day of film - TED Talk.mp4	00:01:53	No caption
Jehane Noujaim- My wish- A global day of film - TED Talk.mp4	00:01:58	No caption
Jehane Noujaim- My wish- A global day of film - TED Talk.mp4	00:02:03	No caption
Jehane Noujaim- My wish- A global day of film - TED Talk.mp4	00:02:45	No caption
Jehane Noujaim- My wish- A global day of film - TED Talk.mp4	00:03:13	No caption
Jehane Noujaim- My wish- A global day of film - TED Talk.mp4	00:04:47	No caption
Jehane Noujaim- My wish- A global day of film - TED Talk.mp4	00:04:54	No caption
Jehane Noujaim- My wish- A global day of film - TED Talk.mp4	00:04:59	No caption
Jehane Noujaim- My wish- A global day of film - TED Talk.mp4	00:05:03	No caption
Jehane Noujaim- My wish- A global day of film - TED Talk.mp4	00:05:09	No caption
Jehane Noujaim- My wish- A global day of film - TED Talk.mp4	00:05:09	No caption
Jehane Noujaim- My wish- A global day of film - TED Talk.mp4	00:05:19	No caption
Jehane Noujaim- My wish- A global day of film - TED Talk.mp4	00:06:07	No caption
Jehane Noujaim- My wish- A global day of film - TED Talk.mp4	00:06:55	No caption
Jehane Noujaim- My wish- A global day of film - TED Talk.mp4	00:07:44	No caption
Jehane Noujaim- My wish- A global day of film - TED Talk.mp4	00:08:32	No caption
Jehane Noujaim- My wish- A global day of film - TED Talk.mp4	00:08:55	No caption
Jehane Noujaim- My wish- A global day of film - TED Talk.mp4	00:09:04	No caption
Jehane Noujaim- My wish- A global day of film - TED Talk.mp4	00:09:12	No caption
Jehane Noujaim- My wish- A global day of film - TED Talk.mp4	00:09:14	No caption
Jehane Noujaim- My wish- A global day of film - TED Talk.mp4	00:09:17	No caption
Jehane Noujaim- My wish- A global day of film - TED Talk.mp4	00:09:49	No caption
Jehane Noujaim- My wish- A global day of film - TED Talk.mp4	00:09:54	No caption
Jehane Noujaim- My wish- A global day of film - TED Talk.mp4	00:09:57	No caption
Jehane Noujaim- My wish- A global day of film - TED Talk.mp4	00:10:00	No caption
Jehane Noujaim- My wish- A global day of film - TED Talk.mp4	00:10:05	No caption
Jehane Noujaim- My wish- A global day of film - TED Talk.mp4	00:10:07	No caption
Jehane Noujaim- My wish- A global day of film - TED Talk.mp4	00:10:10	No caption
Jehane Noujaim- My wish- A global day of film - TED Talk.mp4	00:10:21	No caption
Jehane Noujaim- My wish- A global day of film - TED Talk.mp4	00:10:23	No caption
Jehane Noujaim- My wish- A global day of film - TED Talk.mp4	00:10:25	No caption
Jehane Noujaim- My wish- A global day of film - TED Talk.mp4	00:10:25	No caption
Jehane Noujaim- My wish- A global day of film - TED Talk.mp4	00:10:27	No caption
Jehane Noujaim- My wish- A global day of film - TED Talk.mp4	00:10:33	No caption
Jehane Noujaim- My wish- A global day of film - TED Talk.mp4	00:10:35	No caption
Jehane Noujaim- My wish- A global day of film - TED Talk.mp4	00:10:37	No caption
Jehane Noujaim- My wish- A global day of film - TED Talk.mp4	00:11:04	No caption
Jehane Noujaim- My wish- A global day of film - TED Talk.mp4	00:11:14	No caption
Jehane Noujaim- My wish- A global day of film - TED Talk.mp4	00:11:58	No caption
Jehane Noujaim- My wish- A global day of film - TED Talk.mp4	00:12:42	No caption
Jehane Noujaim- My wish- A global day of film - TED Talk.mp4	00:13:26	No caption
Jehane Noujaim- My wish- A global day of film - TED Talk.mp4	00:13:31	No caption
Jehane Noujaim- My wish- A global day of film - TED Talk.mp4	00:13:36	No caption
Jehane Noujaim- My wish- A global day of film - TED Talk.mp4	00:14:27	No caption
Jehane Noujaim- My wish- A global day of film - TED Talk.mp4	00:15:17	No caption
Jehane Noujaim- My wish- A global day of film - TED Talk.mp4	00:15:19	No caption
Jehane Noujaim- My wish- A global day of film - TED Talk.mp4	00:15:21	No caption
Jehane Noujaim- My wish- A global day of film - TED Talk.mp4	00:15:28	No caption
Jehane Noujaim- My wish- A global day of film - TED Talk.mp4	00:15:29	No caption
Jehane Noujaim- My wish- A global day of film - TED Talk.mp4	00:15:38	No caption
Jehane Noujaim- My wish- A global day of film - TED Talk.mp4	00:15:41	No caption
Jehane Noujaim- My wish- A global day of film - TED Talk.mp4	00:15:43	No caption
Jehane Noujaim- My wish- A global day of film - TED Talk.mp4	00:15:47	No caption
Jehane Noujaim- My wish- A global day of film - TED Talk.mp4	00:15:53	No caption
Jehane Noujaim- My wish- A global day of film - TED Talk.mp4	00:15:54	No caption
Jehane Noujaim- My wish- A global day of film - TED Talk.mp4	00:15:56	No caption
Jehane Noujaim- My wish- A global day of film - TED Talk.mp4	00:15:58	No caption
Jehane Noujaim- My wish- A global day of film - TED Talk.mp4	00:16:00	No caption
Jehane Noujaim- My wish- A global day of film - TED Talk.mp4	00:16:01	No caption
Jehane Noujaim- My wish- A global day of film - TED Talk.mp4	00:16:02	No caption
Jehane Noujaim- My wish- A global day of film - TED Talk.mp4	00:16:06	No caption
Jehane Noujaim- My wish- A global day of film - TED Talk.mp4	00:16:06	No caption
Jehane Noujaim- My wish- A global day of film - TED Talk.mp4	00:16:07	No caption
Jehane Noujaim- My wish- A global day of film - TED Talk.mp4	00:16:12	No caption
Jehane Noujaim- My wish- A global day of film - TED Talk.mp4	00:16:15	No caption
Jehane Noujaim- My wish- A global day of film - TED Talk.mp4	00:16:20	No caption
Jehane Noujaim- My wish- A global day of film - TED Talk.mp4	00:16:22	No caption
Jehane Noujaim- My wish- A global day of film - TED Talk.mp4	00:16:28	No caption
Jehane Noujaim- My wish- A global day of film - TED Talk.mp4	00:16:30	No caption
Jehane Noujaim- My wish- A global day of film - TED Talk.mp4	00:16:36	No caption
Jehane Noujaim- My wish- A global day of film - TED Talk.mp4	00:16:38	No caption
Jehane Noujaim- My wish- A global day of film - TED Talk.mp4	00:16:39	No caption
Jehane Noujaim- My wish- A global day of film - TED Talk.mp4	00:16:39	No caption
Jehane Noujaim- My wish- A global day of film - TED Talk.mp4	00:16:41	No caption
Jehane Noujaim- My wish- A global day of film - TED Talk.mp4	00:16:43	No caption
Jehane Noujaim- My wish- A global day of film - TED Talk.mp4	00:16:45	No caption
Jehane Noujaim- My wish- A global day of film - TED Talk.mp4	00:16:46	No caption
Jehane Noujaim- My wish- A global day of film - TED Talk.mp4	00:16:48	No caption
Jehane Noujaim- My wish- A global day of film - TED Talk.mp4	00:16:49	No caption
Jehane Noujaim- My wish- A global day of film - TED Talk.mp4	00:16:51	No caption
Jehane Noujaim- My wish- A global day of film - TED Talk.mp4	00:16:55	No caption
Jehane Noujaim- My wish- A global day of film - TED Talk.mp4	00:17:15	No caption
Jehane Noujaim- My wish- A global day of film - TED Talk.mp4	00:17:17	No caption
Jehane Noujaim- My wish- A global day of film - TED Talk.mp4	00:17:17	No caption
Jehane Noujaim- My wish- A global day of film - TED Talk.mp4	00:17:21	No caption
Jehane Noujaim- My wish- A global day of film - TED Talk.mp4	00:17:28	No caption
Jehane Noujaim- My wish- A global day of film - TED Talk.mp4	00:17:29	No caption
Jehane Noujaim- My wish- A global day of film - TED Talk.mp4	00:17:31	No caption
Jehane Noujaim- My wish- A global day of film - TED Talk.mp4	00:17:40	No caption
Jehane Noujaim- My wish- A global day of film - TED Talk.mp4	00:17:49	No caption
Jehane Noujaim- My wish- A global day of film - TED Talk.mp4	00:17:51	No caption
Jehane Noujaim- My wish- A global day of film - TED Talk.mp4	00:17:56	No caption
Jehane Noujaim- My wish- A global day of film - TED Talk.mp4	00:17:58	No caption
Jehane Noujaim- My wish- A global day of film - TED Talk.mp4	00:18:00	No caption
Jehane Noujaim- My wish- A global day of film - TED Talk.mp4	00:18:01	No caption
Jehane Noujaim- My wish- A global day of film - TED Talk.mp4	00:18:12	No caption
Jehane Noujaim- My wish- A global day of film - TED Talk.mp4	00:18:13	No caption
Jehane Noujaim- My wish- A global day of film - TED Talk.mp4	00:18:14	No caption
Jehane Noujaim- My wish- A global day of film - TED Talk.mp4	00:18:17	No caption
Jehane Noujaim- My wish- A global day of film - TED Talk.mp4	00:18:18	No caption
Jehane Noujaim- My wish- A global day of film - TED Talk.mp4	00:18:21	No caption
Jehane Noujaim- My wish- A global day of film - TED Talk.mp4	00:18:21	No caption
Jehane Noujaim- My wish- A global day of film - TED Talk.mp4	00:18:22	No caption
Jehane Noujaim- My wish- A global day of film - TED Talk.mp4	00:18:37	No caption
Jehane Noujaim- My wish- A global day of film - TED Talk.mp4	00:18:37	No caption
Jehane Noujaim- My wish- A global day of film - TED Talk.mp4	00:18:43	No caption
Jehane Noujaim- My wish- A global day of film - TED Talk.mp4	00:19:05	No caption
Jehane Noujaim- My wish- A global day of film - TED Talk.mp4	00:20:01	No caption
Jehane Noujaim- My wish- A global day of film - TED Talk.mp4	00:20:40	No caption
Jehane Noujaim- My wish- A global day of film - TED Talk.mp4	00:21:19	No caption
Jehane Noujaim- My wish- A global day of film - TED Talk.mp4	00:21:53	No caption
Jehane Noujaim- My wish- A global day of film - TED Talk.mp4	00:22:34	No caption
Jehane Noujaim- My wish- A global day of film - TED Talk.mp4	00:23:18	No caption
Jehane Noujaim- My wish- A global day of film - TED Talk.mp4	00:24:45	No caption
Jehane Noujaim- My wish- A global day of film - TED Talk.mp4	00:25:00	No caption
Jehane Noujaim- My wish- A global day of film - TED Talk.mp4	00:25:28	No caption
Johan Sverdrup - System 13 - Stigerør og.mp4	00:00:00	No caption
Johan Sverdrup - System 20 - Separasjon og.mp4	00:00:00	No caption
Johan Sverdrup - System 20 - Separasjon og.mp4	00:00:52	No caption
Johan Sverdrup - System 20 - Separasjon og.mp4	00:01:44	No caption
Johan Sverdrup - System 20 - Separasjon og.mp4	00:02:45	No caption
Johan Sverdrup - System 21_30 – Oljeeksport og.mp4	00:00:00	No caption
Johan Sverdrup - System 26 Gassløft.mp4	00:00:00	No caption
Johan Sverdrup - System 27 - Gasseksport og.mp4	00:00:00	No caption
Johan Sverdrup - System 29 - Vanninjeksjon.mp4	00:00:00	No caption
Johan Sverdrup - System 39 - Lasting og.mp4	00:00:00	No caption
Johan Sverdrup - System 39 - Lasting og.mp4	00:00:47	No caption
Johan Sverdrup - System 39 - Lasting og.mp4	00:01:35	No caption
Johan Sverdrup - System 39 - Lasting og.mp4	00:02:22	No caption
Johan Sverdrup - System 39 - Lasting og.mp4	00:02:31	No caption
Johan Sverdrup - System 39 - Lasting og.mp4	00:02:50	No caption
Johan Sverdrup - System 39 - Lasting og.mp4	00:02:51	No caption
Johan Sverdrup - System 39 - Lasting og.mp4	00:02:55	No caption
Johan Sverdrup - System 39 - Lasting og.mp4	00:02:57	No caption
Johan Sverdrup - System 40 - Kjølemedium.mp4	00:00:00	No caption
Johan Sverdrup - System 41 - Varmemedium.mp4	00:00:00	No caption
Johan Sverdrup - System 42 - Kjemikalieinjeksjon.mp4	00:00:00	No caption
Johan Sverdrup - System 42 - Kjemikalieinjeksjon.mp4	00:02:56	No caption
Johan Sverdrup - System 43 - Fakkel.mp4	00:00:00	No caption
Johan Sverdrup - System 44 - Produsert vann.mp4	00:00:00	No caption
Johan Sverdrup - System 44 - Produsert vann.mp4	00:01:47	No caption
Johan Sverdrup - System 45 - Brenngass.mp4	00:00:00	No caption
Johan Sverdrup - System 50 - Sjøvann.mp4	00:00:00	No caption
Johan Sverdrup - System 50 - Sjøvann.mp4	00:02:02	No caption
Johan Sverdrup - System 50 - Sjøvann.mp4	00:02:26	No caption
Johan Sverdrup - System 62 - Diesel.mp4	00:00:00	No caption
Johan Sverdrup - System 64 - Nitrogen.mp4	00:00:00	No caption
Johan Sverdrup - System 70 - Brann og.mp4	00:00:00	No caption
Johan Sverdrup - System 70 - Brann og.mp4	00:00:32	No caption
Johan Sverdrup - System 70 - Brann og.mp4	00:01:26	No caption
Johan Sverdrup - System 71_72 - Brannvann og.mp4	00:00:00	No caption
Johan Sverdrup - System 71_72 - Brannvann og.mp4	00:00:51	No caption
Johan Sverdrup - System 71_72 - Brannvann og.mp4	00:02:33	No caption
Johan Sverdrup - System 80 - Hovedkraft, HVDC,.mp4	00:00:00	No caption
Johan Sverdrup System 23 Gasskompresjon og re-injeksjon.mp4	00:00:00	No caption
Johan Sverdrup System 23 Gasskompresjon og re-injeksjon.mp4	00:00:56	No caption
Johan Sverdrup System 23 Gasskompresjon og re-injeksjon.mp4	00:01:53	No caption
Johan Sverdrup – System 18 – Havbunnsbrønner og.mp4	00:00:00	No caption
Johan Sverdrup – System 18 – Havbunnsbrønner og.mp4	00:00:51	No caption
Johan Sverdrup – System 18 – Havbunnsbrønner og.mp4	00:01:49	No caption
Johan Sverdrup – System 18 – Havbunnsbrønner og.mp4	00:02:47	No caption
Johan Sverdrup – System 18 – Havbunnsbrønner og.mp4	00:03:45	No caption
Johan Sverdrup – System 18 – Havbunnsbrønner og.mp4	00:04:43	No caption
Johan Sverdrup – System 18 – Havbunnsbrønner og.mp4	00:04:52	No caption
Johan Sverdrup – System 18 – Havbunnsbrønner og.mp4	00:04:53	No caption
Johan Sverdrup – System 18 – Havbunnsbrønner og.mp4	00:05:00	No caption
Johan Sverdrup – System 18 – Havbunnsbrønner og.mp4	00:05:01	No caption
Johan Sverdrup – System 18 – Havbunnsbrønner og.mp4	00:05:16	No caption
Johan Sverdrup – System 18 – Havbunnsbrønner og.mp4	00:05:17	No caption
Johan Sverdrup – System 18 – Havbunnsbrønner og.mp4	00:05:18	No caption
Johan Sverdrup – System 18 – Havbunnsbrønner og.mp4	00:05:18	No caption
Johan Sverdrup – System 18 – Havbunnsbrønner og.mp4	00:05:57	No caption
Johan Sverdrup – System 46_67 – MEG-injeksjon og.mp4	00:00:00	No caption
Joshua Prince-Ramus- Behind the design of Seattle's library - TED Talk.mp4	00:00:00	No caption
Joshua Prince-Ramus- Behind the design of Seattle's library - TED Talk.mp4	00:00:01	No caption
Julia Sweeney- Letting go of God - TED Talk.mp4	00:00:00	No caption
Julia Sweeney- Letting go of God - TED Talk.mp4	00:00:01	No caption
Larry Brilliant- My wish- Help me stop pandemics - TED Talk.mp4	00:00:00	No caption
Larry Brilliant- My wish- Help me stop pandemics - TED Talk.mp4	00:00:01	No caption
Majora Carter- Greening the ghetto - TED Talk.mp4	00:00:00	No caption
Majora Carter- Greening the ghetto - TED Talk.mp4	00:00:01	No caption
Majora Carter- Greening the ghetto - TED Talk.mp4	00:00:03	No caption
Majora Carter- Greening the ghetto - TED Talk.mp4	00:00:42	No caption
Majora Carter- Greening the ghetto - TED Talk.mp4	00:00:45	No caption
Majora Carter- Greening the ghetto - TED Talk.mp4	00:00:50	No caption
Majora Carter- Greening the ghetto - TED Talk.mp4	00:00:52	No caption
Majora Carter- Greening the ghetto - TED Talk.mp4	00:00:55	No caption
video1.mp4	00:05:11	No caption
Majora Carter- Greening the ghetto - TED Talk.mp4	00:01:11	No caption
Majora Carter- Greening the ghetto - TED Talk.mp4	00:01:18	No caption
Majora Carter- Greening the ghetto - TED Talk.mp4	00:01:25	No caption
Majora Carter- Greening the ghetto - TED Talk.mp4	00:01:32	No caption
Majora Carter- Greening the ghetto - TED Talk.mp4	00:01:46	No caption
Majora Carter- Greening the ghetto - TED Talk.mp4	00:01:49	No caption
Majora Carter- Greening the ghetto - TED Talk.mp4	00:01:53	No caption
Majora Carter- Greening the ghetto - TED Talk.mp4	00:01:56	No caption
Majora Carter- Greening the ghetto - TED Talk.mp4	00:02:03	No caption
Majora Carter- Greening the ghetto - TED Talk.mp4	00:02:08	No caption
Majora Carter- Greening the ghetto - TED Talk.mp4	00:02:15	No caption
Majora Carter- Greening the ghetto - TED Talk.mp4	00:02:26	No caption
Majora Carter- Greening the ghetto - TED Talk.mp4	00:02:35	No caption
Majora Carter- Greening the ghetto - TED Talk.mp4	00:03:10	No caption
Majora Carter- Greening the ghetto - TED Talk.mp4	00:03:17	No caption
Majora Carter- Greening the ghetto - TED Talk.mp4	00:03:48	No caption
Majora Carter- Greening the ghetto - TED Talk.mp4	00:04:19	No caption
Majora Carter- Greening the ghetto - TED Talk.mp4	00:04:23	No caption
Majora Carter- Greening the ghetto - TED Talk.mp4	00:04:27	No caption
Majora Carter- Greening the ghetto - TED Talk.mp4	00:04:48	No caption
Majora Carter- Greening the ghetto - TED Talk.mp4	00:04:52	No caption
Majora Carter- Greening the ghetto - TED Talk.mp4	00:05:21	No caption
Majora Carter- Greening the ghetto - TED Talk.mp4	00:05:38	No caption
Majora Carter- Greening the ghetto - TED Talk.mp4	00:05:43	No caption
Majora Carter- Greening the ghetto - TED Talk.mp4	00:05:57	No caption
Majora Carter- Greening the ghetto - TED Talk.mp4	00:06:25	No caption
Majora Carter- Greening the ghetto - TED Talk.mp4	00:07:45	No caption
Majora Carter- Greening the ghetto - TED Talk.mp4	00:07:49	No caption
Majora Carter- Greening the ghetto - TED Talk.mp4	00:07:55	No caption
Majora Carter- Greening the ghetto - TED Talk.mp4	00:08:15	No caption
Majora Carter- Greening the ghetto - TED Talk.mp4	00:08:24	No caption
Majora Carter- Greening the ghetto - TED Talk.mp4	00:08:33	No caption
Majora Carter- Greening the ghetto - TED Talk.mp4	00:08:48	No caption
Majora Carter- Greening the ghetto - TED Talk.mp4	00:08:59	No caption
Majora Carter- Greening the ghetto - TED Talk.mp4	00:09:07	No caption
Majora Carter- Greening the ghetto - TED Talk.mp4	00:09:16	No caption
Majora Carter- Greening the ghetto - TED Talk.mp4	00:09:54	No caption
Majora Carter- Greening the ghetto - TED Talk.mp4	00:10:02	No caption
Majora Carter- Greening the ghetto - TED Talk.mp4	00:10:09	No caption
Majora Carter- Greening the ghetto - TED Talk.mp4	00:10:22	No caption
Majora Carter- Greening the ghetto - TED Talk.mp4	00:10:42	No caption
Majora Carter- Greening the ghetto - TED Talk.mp4	00:11:01	No caption
Majora Carter- Greening the ghetto - TED Talk.mp4	00:11:09	No caption
Majora Carter- Greening the ghetto - TED Talk.mp4	00:11:16	No caption
Majora Carter- Greening the ghetto - TED Talk.mp4	00:11:18	No caption
Majora Carter- Greening the ghetto - TED Talk.mp4	00:11:29	No caption
Majora Carter- Greening the ghetto - TED Talk.mp4	00:12:04	No caption
Majora Carter- Greening the ghetto - TED Talk.mp4	00:12:13	No caption
Majora Carter- Greening the ghetto - TED Talk.mp4	00:12:20	No caption
Majora Carter- Greening the ghetto - TED Talk.mp4	00:12:30	No caption
Majora Carter- Greening the ghetto - TED Talk.mp4	00:13:14	No caption
Majora Carter- Greening the ghetto - TED Talk.mp4	00:13:30	No caption
Majora Carter- Greening the ghetto - TED Talk.mp4	00:14:39	No caption
Majora Carter- Greening the ghetto - TED Talk.mp4	00:14:51	No caption
Majora Carter- Greening the ghetto - TED Talk.mp4	00:14:55	No caption
Majora Carter- Greening the ghetto - TED Talk.mp4	00:15:00	No caption
Majora Carter- Greening the ghetto - TED Talk.mp4	00:15:09	No caption
Majora Carter- Greening the ghetto - TED Talk.mp4	00:15:39	No caption
Majora Carter- Greening the ghetto - TED Talk.mp4	00:15:42	No caption
Majora Carter- Greening the ghetto - TED Talk.mp4	00:16:01	No caption
Majora Carter- Greening the ghetto - TED Talk.mp4	00:16:05	No caption
Majora Carter- Greening the ghetto - TED Talk.mp4	00:16:12	No caption
Majora Carter- Greening the ghetto - TED Talk.mp4	00:16:19	No caption
Majora Carter- Greening the ghetto - TED Talk.mp4	00:16:24	No caption
Majora Carter- Greening the ghetto - TED Talk.mp4	00:16:26	No caption
Majora Carter- Greening the ghetto - TED Talk.mp4	00:16:28	No caption
Majora Carter- Greening the ghetto - TED Talk.mp4	00:16:52	No caption
Majora Carter- Greening the ghetto - TED Talk.mp4	00:16:56	No caption
Majora Carter- Greening the ghetto - TED Talk.mp4	00:17:02	No caption
Majora Carter- Greening the ghetto - TED Talk.mp4	00:17:45	No caption
Majora Carter- Greening the ghetto - TED Talk.mp4	00:18:11	No caption
Majora Carter- Greening the ghetto - TED Talk.mp4	00:18:14	No caption
Majora Carter- Greening the ghetto - TED Talk.mp4	00:18:18	No caption
Rick Warren- A life of purpose - TED Talk.mp4	00:00:00	No caption
Rick Warren- A life of purpose - TED Talk.mp4	00:00:01	No caption
Rick Warren- A life of purpose - TED Talk.mp4	00:00:02	No caption
Rick Warren- A life of purpose - TED Talk.mp4	00:00:03	No caption
Rick Warren- A life of purpose - TED Talk.mp4	00:00:33	No caption
Rick Warren- A life of purpose - TED Talk.mp4	00:01:03	No caption
Rick Warren- A life of purpose - TED Talk.mp4	00:01:11	No caption
Rick Warren- A life of purpose - TED Talk.mp4	00:05:42	No caption
Rick Warren- A life of purpose - TED Talk.mp4	00:06:34	No caption
Rick Warren- A life of purpose - TED Talk.mp4	00:10:02	No caption
Rick Warren- A life of purpose - TED Talk.mp4	00:10:03	No caption
Rick Warren- A life of purpose - TED Talk.mp4	00:10:17	No caption
Rick Warren- A life of purpose - TED Talk.mp4	00:10:33	No caption
Rick Warren- A life of purpose - TED Talk.mp4	00:12:16	No caption
Rick Warren- A life of purpose - TED Talk.mp4	00:15:29	No caption
Rick Warren- A life of purpose - TED Talk.mp4	00:16:14	No caption
Rick Warren- A life of purpose - TED Talk.mp4	00:16:39	No caption
Rick Warren- A life of purpose - TED Talk.mp4	00:17:37	No caption
Rick Warren- A life of purpose - TED Talk.mp4	00:17:52	No caption
Rick Warren- A life of purpose - TED Talk.mp4	00:18:50	No caption
Rick Warren- A life of purpose - TED Talk.mp4	00:19:02	No caption
Rick Warren- A life of purpose - TED Talk.mp4	00:19:38	No caption
Rick Warren- A life of purpose - TED Talk.mp4	00:19:48	No caption
Rick Warren- A life of purpose - TED Talk.mp4	00:20:24	No caption
Rick Warren- A life of purpose - TED Talk.mp4	00:20:39	No caption
Rick Warren- A life of purpose - TED Talk.mp4	00:20:51	No caption
Risk management.mp4	00:00:00	No caption
Risk management.mp4	00:04:25	No caption
Sir Ken Robinson- Do schools kill creativity. - TED Talk.mp4	00:00:00	No caption
Sir Ken Robinson- Do schools kill creativity. - TED Talk.mp4	00:00:01	No caption
Sir Ken Robinson- Do schools kill creativity. - TED Talk.mp4	00:00:03	No caption
Sir Ken Robinson- Do schools kill creativity. - TED Talk.mp4	00:00:10	No caption
Sir Ken Robinson- Do schools kill creativity. - TED Talk.mp4	00:00:17	No caption
Sir Ken Robinson- Do schools kill creativity. - TED Talk.mp4	00:00:20	No caption
Sir Ken Robinson- Do schools kill creativity. - TED Talk.mp4	00:00:26	No caption
Sir Ken Robinson- Do schools kill creativity. - TED Talk.mp4	00:00:33	No caption
Sir Ken Robinson- Do schools kill creativity. - TED Talk.mp4	00:00:50	No caption
Sir Ken Robinson- Do schools kill creativity. - TED Talk.mp4	00:00:55	No caption
Sir Ken Robinson- Do schools kill creativity. - TED Talk.mp4	00:01:08	No caption
Sir Ken Robinson- Do schools kill creativity. - TED Talk.mp4	00:01:40	No caption
Sir Ken Robinson- Do schools kill creativity. - TED Talk.mp4	00:01:50	No caption
Sir Ken Robinson- Do schools kill creativity. - TED Talk.mp4	00:02:29	No caption
Sir Ken Robinson- Do schools kill creativity. - TED Talk.mp4	00:02:43	No caption
Sir Ken Robinson- Do schools kill creativity. - TED Talk.mp4	00:04:04	No caption
Sir Ken Robinson- Do schools kill creativity. - TED Talk.mp4	00:04:18	No caption
Sir Ken Robinson- Do schools kill creativity. - TED Talk.mp4	00:05:17	No caption
Sir Ken Robinson- Do schools kill creativity. - TED Talk.mp4	00:05:24	No caption
Sir Ken Robinson- Do schools kill creativity. - TED Talk.mp4	00:06:20	No caption
Sir Ken Robinson- Do schools kill creativity. - TED Talk.mp4	00:06:28	No caption
Sir Ken Robinson- Do schools kill creativity. - TED Talk.mp4	00:06:36	No caption
Sir Ken Robinson- Do schools kill creativity. - TED Talk.mp4	00:06:44	No caption
Sir Ken Robinson- Do schools kill creativity. - TED Talk.mp4	00:07:26	No caption
Sir Ken Robinson- Do schools kill creativity. - TED Talk.mp4	00:07:27	No caption
Sir Ken Robinson- Do schools kill creativity. - TED Talk.mp4	00:07:30	No caption
Sir Ken Robinson- Do schools kill creativity. - TED Talk.mp4	00:07:40	No caption
Sir Ken Robinson- Do schools kill creativity. - TED Talk.mp4	00:09:37	No caption
Sir Ken Robinson- Do schools kill creativity. - TED Talk.mp4	00:09:46	No caption
Sir Ken Robinson- Do schools kill creativity. - TED Talk.mp4	00:09:59	No caption
Sir Ken Robinson- Do schools kill creativity. - TED Talk.mp4	00:10:06	No caption
Sir Ken Robinson- Do schools kill creativity. - TED Talk.mp4	00:10:08	No caption
Sir Ken Robinson- Do schools kill creativity. - TED Talk.mp4	00:10:22	No caption
Sir Ken Robinson- Do schools kill creativity. - TED Talk.mp4	00:10:26	No caption
Sir Ken Robinson- Do schools kill creativity. - TED Talk.mp4	00:10:56	No caption
Sir Ken Robinson- Do schools kill creativity. - TED Talk.mp4	00:11:01	No caption
Sir Ken Robinson- Do schools kill creativity. - TED Talk.mp4	00:11:53	No caption
Sir Ken Robinson- Do schools kill creativity. - TED Talk.mp4	00:12:00	No caption
Sir Ken Robinson- Do schools kill creativity. - TED Talk.mp4	00:12:27	No caption
Sir Ken Robinson- Do schools kill creativity. - TED Talk.mp4	00:12:32	No caption
Sir Ken Robinson- Do schools kill creativity. - TED Talk.mp4	00:12:50	No caption
Sir Ken Robinson- Do schools kill creativity. - TED Talk.mp4	00:13:19	No caption
Sir Ken Robinson- Do schools kill creativity. - TED Talk.mp4	00:13:39	No caption
Sir Ken Robinson- Do schools kill creativity. - TED Talk.mp4	00:13:47	No caption
Sir Ken Robinson- Do schools kill creativity. - TED Talk.mp4	00:13:54	No caption
Sir Ken Robinson- Do schools kill creativity. - TED Talk.mp4	00:14:00	No caption
Sir Ken Robinson- Do schools kill creativity. - TED Talk.mp4	00:14:03	No caption
Sir Ken Robinson- Do schools kill creativity. - TED Talk.mp4	00:14:09	No caption
Sir Ken Robinson- Do schools kill creativity. - TED Talk.mp4	00:14:40	No caption
Sir Ken Robinson- Do schools kill creativity. - TED Talk.mp4	00:14:45	No caption
Sir Ken Robinson- Do schools kill creativity. - TED Talk.mp4	00:15:13	No caption
Sir Ken Robinson- Do schools kill creativity. - TED Talk.mp4	00:15:18	No caption
Sir Ken Robinson- Do schools kill creativity. - TED Talk.mp4	00:15:23	No caption
Sir Ken Robinson- Do schools kill creativity. - TED Talk.mp4	00:15:30	No caption
Sir Ken Robinson- Do schools kill creativity. - TED Talk.mp4	00:15:32	No caption
Sir Ken Robinson- Do schools kill creativity. - TED Talk.mp4	00:16:03	No caption
Sir Ken Robinson- Do schools kill creativity. - TED Talk.mp4	00:16:13	No caption
Sir Ken Robinson- Do schools kill creativity. - TED Talk.mp4	00:16:22	No caption
Sir Ken Robinson- Do schools kill creativity. - TED Talk.mp4	00:16:38	No caption
Sir Ken Robinson- Do schools kill creativity. - TED Talk.mp4	00:16:41	No caption
Sir Ken Robinson- Do schools kill creativity. - TED Talk.mp4	00:16:52	No caption
Sir Ken Robinson- Do schools kill creativity. - TED Talk.mp4	00:16:55	No caption
Sir Ken Robinson- Do schools kill creativity. - TED Talk.mp4	00:17:00	No caption
Sir Ken Robinson- Do schools kill creativity. - TED Talk.mp4	00:17:21	No caption
Sir Ken Robinson- Do schools kill creativity. - TED Talk.mp4	00:17:29	No caption
Sir Ken Robinson- Do schools kill creativity. - TED Talk.mp4	00:17:32	No caption
Sir Ken Robinson- Do schools kill creativity. - TED Talk.mp4	00:17:43	No caption
Sir Ken Robinson- Do schools kill creativity. - TED Talk.mp4	00:17:54	No caption
Sir Ken Robinson- Do schools kill creativity. - TED Talk.mp4	00:18:26	No caption
Sir Ken Robinson- Do schools kill creativity. - TED Talk.mp4	00:18:37	No caption
Sir Ken Robinson- Do schools kill creativity. - TED Talk.mp4	00:19:03	No caption
Sir Ken Robinson- Do schools kill creativity. - TED Talk.mp4	00:19:05	No caption
Sir Ken Robinson- Do schools kill creativity. - TED Talk.mp4	00:19:06	No caption
Sir Ken Robinson- Do schools kill creativity. - TED Talk.mp4	00:19:09	No caption
Sir Ken Robinson- Do schools kill creativity. - TED Talk.mp4	00:19:11	No caption
Sir Ken Robinson- Do schools kill creativity. - TED Talk.mp4	00:19:13	No caption
Tony Robbins- 토니 라빈스 '행동의 이유' - TED Talk.mp4	00:00:00	No caption
Tony Robbins- 토니 라빈스 '행동의 이유' - TED Talk.mp4	00:00:01	No caption
Tony Robbins- 토니 라빈스 '행동의 이유' - TED Talk.mp4	00:00:03	No caption
Tony Robbins- 토니 라빈스 '행동의 이유' - TED Talk.mp4	00:00:17	No caption
Tony Robbins- 토니 라빈스 '행동의 이유' - TED Talk.mp4	00:00:31	No caption
Tony Robbins- 토니 라빈스 '행동의 이유' - TED Talk.mp4	00:00:38	No caption
Tony Robbins- 토니 라빈스 '행동의 이유' - TED Talk.mp4	00:00:48	No caption
Tony Robbins- 토니 라빈스 '행동의 이유' - TED Talk.mp4	00:01:11	No caption
Tony Robbins- 토니 라빈스 '행동의 이유' - TED Talk.mp4	00:01:20	No caption
Tony Robbins- 토니 라빈스 '행동의 이유' - TED Talk.mp4	00:01:27	No caption
Tony Robbins- 토니 라빈스 '행동의 이유' - TED Talk.mp4	00:01:38	No caption
Tony Robbins- 토니 라빈스 '행동의 이유' - TED Talk.mp4	00:02:37	No caption
Tony Robbins- 토니 라빈스 '행동의 이유' - TED Talk.mp4	00:03:10	No caption
Tony Robbins- 토니 라빈스 '행동의 이유' - TED Talk.mp4	00:03:42	No caption
Tony Robbins- 토니 라빈스 '행동의 이유' - TED Talk.mp4	00:03:50	No caption
Tony Robbins- 토니 라빈스 '행동의 이유' - TED Talk.mp4	00:04:19	No caption
Tony Robbins- 토니 라빈스 '행동의 이유' - TED Talk.mp4	00:04:24	No caption
Tony Robbins- 토니 라빈스 '행동의 이유' - TED Talk.mp4	00:04:29	No caption
Tony Robbins- 토니 라빈스 '행동의 이유' - TED Talk.mp4	00:04:41	No caption
Tony Robbins- 토니 라빈스 '행동의 이유' - TED Talk.mp4	00:04:52	No caption
Tony Robbins- 토니 라빈스 '행동의 이유' - TED Talk.mp4	00:04:55	No caption
Tony Robbins- 토니 라빈스 '행동의 이유' - TED Talk.mp4	00:05:17	No caption
Tony Robbins- 토니 라빈스 '행동의 이유' - TED Talk.mp4	00:05:18	No caption
Tony Robbins- 토니 라빈스 '행동의 이유' - TED Talk.mp4	00:05:18	No caption
Tony Robbins- 토니 라빈스 '행동의 이유' - TED Talk.mp4	00:05:21	No caption
Tony Robbins- 토니 라빈스 '행동의 이유' - TED Talk.mp4	00:05:23	No caption
Tony Robbins- 토니 라빈스 '행동의 이유' - TED Talk.mp4	00:05:24	No caption
Tony Robbins- 토니 라빈스 '행동의 이유' - TED Talk.mp4	00:05:26	No caption
Tony Robbins- 토니 라빈스 '행동의 이유' - TED Talk.mp4	00:05:29	No caption
Tony Robbins- 토니 라빈스 '행동의 이유' - TED Talk.mp4	00:05:32	No caption
Tony Robbins- 토니 라빈스 '행동의 이유' - TED Talk.mp4	00:05:54	No caption
Tony Robbins- 토니 라빈스 '행동의 이유' - TED Talk.mp4	00:05:56	No caption
Tony Robbins- 토니 라빈스 '행동의 이유' - TED Talk.mp4	00:05:58	No caption
Tony Robbins- 토니 라빈스 '행동의 이유' - TED Talk.mp4	00:06:02	No caption
Tony Robbins- 토니 라빈스 '행동의 이유' - TED Talk.mp4	00:06:32	No caption
Tony Robbins- 토니 라빈스 '행동의 이유' - TED Talk.mp4	00:06:49	No caption
Tony Robbins- 토니 라빈스 '행동의 이유' - TED Talk.mp4	00:06:58	No caption
Tony Robbins- 토니 라빈스 '행동의 이유' - TED Talk.mp4	00:07:00	No caption
Tony Robbins- 토니 라빈스 '행동의 이유' - TED Talk.mp4	00:07:03	No caption
Tony Robbins- 토니 라빈스 '행동의 이유' - TED Talk.mp4	00:07:14	No caption
Tony Robbins- 토니 라빈스 '행동의 이유' - TED Talk.mp4	00:07:25	No caption
Tony Robbins- 토니 라빈스 '행동의 이유' - TED Talk.mp4	00:07:26	No caption
Tony Robbins- 토니 라빈스 '행동의 이유' - TED Talk.mp4	00:07:28	No caption
Tony Robbins- 토니 라빈스 '행동의 이유' - TED Talk.mp4	00:07:52	No caption
Tony Robbins- 토니 라빈스 '행동의 이유' - TED Talk.mp4	00:07:54	No caption
Tony Robbins- 토니 라빈스 '행동의 이유' - TED Talk.mp4	00:07:59	No caption
Tony Robbins- 토니 라빈스 '행동의 이유' - TED Talk.mp4	00:08:05	No caption
Tony Robbins- 토니 라빈스 '행동의 이유' - TED Talk.mp4	00:08:14	No caption
Tony Robbins- 토니 라빈스 '행동의 이유' - TED Talk.mp4	00:08:19	No caption
Tony Robbins- 토니 라빈스 '행동의 이유' - TED Talk.mp4	00:08:31	No caption
Tony Robbins- 토니 라빈스 '행동의 이유' - TED Talk.mp4	00:08:40	No caption
Tony Robbins- 토니 라빈스 '행동의 이유' - TED Talk.mp4	00:09:06	No caption
Tony Robbins- 토니 라빈스 '행동의 이유' - TED Talk.mp4	00:09:07	No caption
Tony Robbins- 토니 라빈스 '행동의 이유' - TED Talk.mp4	00:09:28	No caption
Tony Robbins- 토니 라빈스 '행동의 이유' - TED Talk.mp4	00:10:02	No caption
Tony Robbins- 토니 라빈스 '행동의 이유' - TED Talk.mp4	00:10:11	No caption
Tony Robbins- 토니 라빈스 '행동의 이유' - TED Talk.mp4	00:10:14	No caption
Tony Robbins- 토니 라빈스 '행동의 이유' - TED Talk.mp4	00:10:15	No caption
Tony Robbins- 토니 라빈스 '행동의 이유' - TED Talk.mp4	00:10:18	No caption
Tony Robbins- 토니 라빈스 '행동의 이유' - TED Talk.mp4	00:10:27	No caption
Tony Robbins- 토니 라빈스 '행동의 이유' - TED Talk.mp4	00:10:36	No caption
Tony Robbins- 토니 라빈스 '행동의 이유' - TED Talk.mp4	00:10:44	No caption
Tony Robbins- 토니 라빈스 '행동의 이유' - TED Talk.mp4	00:10:48	No caption
Tony Robbins- 토니 라빈스 '행동의 이유' - TED Talk.mp4	00:11:15	No caption
Tony Robbins- 토니 라빈스 '행동의 이유' - TED Talk.mp4	00:11:20	No caption
Tony Robbins- 토니 라빈스 '행동의 이유' - TED Talk.mp4	00:11:24	No caption
Tony Robbins- 토니 라빈스 '행동의 이유' - TED Talk.mp4	00:11:27	No caption
Tony Robbins- 토니 라빈스 '행동의 이유' - TED Talk.mp4	00:11:31	No caption
Tony Robbins- 토니 라빈스 '행동의 이유' - TED Talk.mp4	00:12:08	No caption
Tony Robbins- 토니 라빈스 '행동의 이유' - TED Talk.mp4	00:12:23	No caption
Tony Robbins- 토니 라빈스 '행동의 이유' - TED Talk.mp4	00:12:28	No caption
Tony Robbins- 토니 라빈스 '행동의 이유' - TED Talk.mp4	00:12:33	No caption
Tony Robbins- 토니 라빈스 '행동의 이유' - TED Talk.mp4	00:12:39	No caption
Tony Robbins- 토니 라빈스 '행동의 이유' - TED Talk.mp4	00:12:43	No caption
Tony Robbins- 토니 라빈스 '행동의 이유' - TED Talk.mp4	00:12:48	No caption
Tony Robbins- 토니 라빈스 '행동의 이유' - TED Talk.mp4	00:12:59	No caption
Tony Robbins- 토니 라빈스 '행동의 이유' - TED Talk.mp4	00:13:11	No caption
Tony Robbins- 토니 라빈스 '행동의 이유' - TED Talk.mp4	00:13:44	No caption
Tony Robbins- 토니 라빈스 '행동의 이유' - TED Talk.mp4	00:13:53	No caption
Tony Robbins- 토니 라빈스 '행동의 이유' - TED Talk.mp4	00:14:03	No caption
Tony Robbins- 토니 라빈스 '행동의 이유' - TED Talk.mp4	00:14:37	No caption
Tony Robbins- 토니 라빈스 '행동의 이유' - TED Talk.mp4	00:15:11	No caption
Tony Robbins- 토니 라빈스 '행동의 이유' - TED Talk.mp4	00:15:16	No caption
Tony Robbins- 토니 라빈스 '행동의 이유' - TED Talk.mp4	00:15:30	No caption
Tony Robbins- 토니 라빈스 '행동의 이유' - TED Talk.mp4	00:15:35	No caption
Tony Robbins- 토니 라빈스 '행동의 이유' - TED Talk.mp4	00:15:49	No caption
Tony Robbins- 토니 라빈스 '행동의 이유' - TED Talk.mp4	00:16:09	No caption
Tony Robbins- 토니 라빈스 '행동의 이유' - TED Talk.mp4	00:16:16	No caption
Tony Robbins- 토니 라빈스 '행동의 이유' - TED Talk.mp4	00:16:33	No caption
Tony Robbins- 토니 라빈스 '행동의 이유' - TED Talk.mp4	00:16:53	No caption
Tony Robbins- 토니 라빈스 '행동의 이유' - TED Talk.mp4	00:17:39	No caption
Tony Robbins- 토니 라빈스 '행동의 이유' - TED Talk.mp4	00:17:44	No caption
Tony Robbins- 토니 라빈스 '행동의 이유' - TED Talk.mp4	00:17:48	No caption
Tony Robbins- 토니 라빈스 '행동의 이유' - TED Talk.mp4	00:17:52	No caption
Tony Robbins- 토니 라빈스 '행동의 이유' - TED Talk.mp4	00:17:58	No caption
Tony Robbins- 토니 라빈스 '행동의 이유' - TED Talk.mp4	00:18:13	No caption
Tony Robbins- 토니 라빈스 '행동의 이유' - TED Talk.mp4	00:18:21	No caption
Tony Robbins- 토니 라빈스 '행동의 이유' - TED Talk.mp4	00:18:25	No caption
Tony Robbins- 토니 라빈스 '행동의 이유' - TED Talk.mp4	00:18:47	No caption
Tony Robbins- 토니 라빈스 '행동의 이유' - TED Talk.mp4	00:18:54	No caption
Tony Robbins- 토니 라빈스 '행동의 이유' - TED Talk.mp4	00:19:03	No caption
Tony Robbins- 토니 라빈스 '행동의 이유' - TED Talk.mp4	00:19:14	No caption
Tony Robbins- 토니 라빈스 '행동의 이유' - TED Talk.mp4	00:19:28	No caption
Tony Robbins- 토니 라빈스 '행동의 이유' - TED Talk.mp4	00:19:37	No caption
Tony Robbins- 토니 라빈스 '행동의 이유' - TED Talk.mp4	00:19:52	No caption
Tony Robbins- 토니 라빈스 '행동의 이유' - TED Talk.mp4	00:20:03	No caption
Tony Robbins- 토니 라빈스 '행동의 이유' - TED Talk.mp4	00:20:14	No caption
Tony Robbins- 토니 라빈스 '행동의 이유' - TED Talk.mp4	00:20:19	No caption
Tony Robbins- 토니 라빈스 '행동의 이유' - TED Talk.mp4	00:20:21	No caption
Tony Robbins- 토니 라빈스 '행동의 이유' - TED Talk.mp4	00:20:23	No caption
Tony Robbins- 토니 라빈스 '행동의 이유' - TED Talk.mp4	00:20:25	No caption
Tony Robbins- 토니 라빈스 '행동의 이유' - TED Talk.mp4	00:20:36	No caption
Tony Robbins- 토니 라빈스 '행동의 이유' - TED Talk.mp4	00:20:42	No caption
Tony Robbins- 토니 라빈스 '행동의 이유' - TED Talk.mp4	00:21:21	No caption
Tony Robbins- 토니 라빈스 '행동의 이유' - TED Talk.mp4	00:21:24	No caption
Tony Robbins- 토니 라빈스 '행동의 이유' - TED Talk.mp4	00:21:32	No caption
Tony Robbins- 토니 라빈스 '행동의 이유' - TED Talk.mp4	00:21:33	No caption
test no audio.mp4	00:00:00	No caption
test no audio.mp4	00:00:07	No caption
video1.mp4	00:00:00	No caption
video1.mp4	00:00:01	No caption
video1.mp4	00:00:02	No caption
video1.mp4	00:00:10	No caption
video1.mp4	00:00:17	No caption
video1.mp4	00:00:23	No caption
video1.mp4	00:00:28	No caption
video1.mp4	00:00:44	No caption
video1.mp4	00:00:48	No caption
video1.mp4	00:01:37	No caption
video1.mp4	00:01:46	No caption
video1.mp4	00:02:03	No caption
video1.mp4	00:02:48	No caption
video1.mp4	00:03:33	No caption
video1.mp4	00:03:51	No caption
video1.mp4	00:04:05	No caption
video1.mp4	00:04:28	No caption
video1.mp4	00:04:52	No caption
video1.mp4	00:09:10	No caption
video1.mp4	00:09:36	No caption
video1.mp4	00:09:40	No caption
video1.mp4	00:09:46	No caption
video1.mp4	00:10:23	No caption
video1.mp4	00:10:31	No caption
video1.mp4	00:10:40	No caption
video1.mp4	00:10:57	No caption
video1.mp4	00:10:59	No caption
video1.mp4	00:11:18	No caption
video1.mp4	00:11:35	No caption
video1.mp4	00:11:38	No caption
video1.mp4	00:12:32	No caption
video1.mp4	00:12:34	No caption
video1.mp4	00:12:36	No caption
video1.mp4	00:12:37	No caption
video1.mp4	00:12:38	No caption
video1.mp4	00:12:45	No caption
video1.mp4	00:12:46	No caption
video1.mp4	00:12:48	No caption
video1.mp4	00:12:49	No caption
video1.mp4	00:12:50	No caption
video1.mp4	00:12:50	No caption
video1.mp4	00:12:52	No caption
video1.mp4	00:12:52	No caption
video1.mp4	00:12:53	No caption
video1.mp4	00:12:54	No caption
video1.mp4	00:12:55	No caption
video1.mp4	00:12:56	No caption
video1.mp4	00:12:57	No caption
video1.mp4	00:12:58	No caption
video1.mp4	00:12:59	No caption
video1.mp4	00:12:59	No caption
video1.mp4	00:13:01	No caption
video1.mp4	00:13:04	No caption
video1.mp4	00:13:11	No caption
video1.mp4	00:13:18	No caption
video1.mp4	00:13:24	No caption
video1.mp4	00:13:26	No caption
video1.mp4	00:13:37	No caption
video1.mp4	00:13:39	No caption
video1.mp4	00:13:41	No caption
video1.mp4	00:13:42	No caption
video1.mp4	00:13:43	No caption
video1.mp4	00:13:45	No caption
video1.mp4	00:14:01	No caption
video1.mp4	00:14:11	No caption
video1.mp4	00:14:17	No caption
video1.mp4	00:14:23	No caption
video1.mp4	00:14:30	No caption
video1.mp4	00:14:31	No caption
video1.mp4	00:14:33	No caption
video1.mp4	00:14:34	No caption
video1.mp4	00:14:35	No caption
video1.mp4	00:14:36	No caption
video1.mp4	00:14:38	No caption
video1.mp4	00:14:45	No caption
video1.mp4	00:14:51	No caption
video1.mp4	00:14:52	No caption
video1.mp4	00:14:56	No caption
video1.mp4	00:15:05	No caption
video1.mp4	00:15:11	No caption
video1.mp4	00:15:21	No caption
video1.mp4	00:15:25	No caption
video1.mp4	00:15:27	No caption
video1.mp4	00:15:31	No caption
video1.mp4	00:15:43	No caption
video1.mp4	00:15:44	No caption
video1.mp4	00:15:46	No caption
video1.mp4	00:15:47	No caption
video1.mp4	00:15:49	No caption
video1.mp4	00:15:50	No caption
video1.mp4	00:15:51	No caption
video1.mp4	00:15:52	No caption
video1.mp4	00:15:53	No caption
video1.mp4	00:15:54	No caption
video1.mp4	00:15:55	No caption
video1.mp4	00:15:56	No caption
video1.mp4	00:15:57	No caption
video1.mp4	00:15:59	No caption
video1.mp4	00:16:00	No caption
video1.mp4	00:16:01	No caption
video1.mp4	00:16:02	No caption
video1.mp4	00:16:03	No caption
video1.mp4	00:16:04	No caption
video1.mp4	00:16:04	No caption
video1.mp4	00:16:05	No caption
video1.mp4	00:16:06	No caption
video1.mp4	00:16:07	No caption
video1.mp4	00:16:08	No caption
video1.mp4	00:16:09	No caption
video1.mp4	00:16:10	No caption
video1.mp4	00:16:11	No caption
video1.mp4	00:16:12	No caption
video1.mp4	00:16:13	No caption
video1.mp4	00:16:14	No caption
video1.mp4	00:16:17	No caption
video1.mp4	00:16:18	No caption
video1.mp4	00:16:19	No caption
video1.mp4	00:16:20	No caption
video1.mp4	00:16:21	No caption
video1.mp4	00:16:22	No caption
video1.mp4	00:16:23	No caption
video1.mp4	00:16:24	No caption
video1.mp4	00:16:25	No caption
video1.mp4	00:16:26	No caption
video1.mp4	00:16:27	No caption
video1.mp4	00:16:28	No caption
video1.mp4	00:16:29	No caption
video1.mp4	00:16:31	No caption
video1.mp4	00:16:33	No caption
video1.mp4	00:16:34	No caption
video1.mp4	00:16:35	No caption
video1.mp4	00:16:36	No caption
video1.mp4	00:16:37	No caption
video1.mp4	00:16:38	No caption
video1.mp4	00:16:40	No caption
video1.mp4	00:16:41	No caption
video1.mp4	00:16:42	No caption
video1.mp4	00:16:43	No caption
video1.mp4	00:16:44	No caption
video1.mp4	00:16:45	No caption
video1.mp4	00:16:45	No caption
video1.mp4	00:16:47	No caption
video1.mp4	00:16:48	No caption
video1.mp4	00:16:49	No caption
video1.mp4	00:16:49	No caption
video1.mp4	00:16:50	No caption
video1.mp4	00:16:51	No caption
video1.mp4	00:16:52	No caption
video1.mp4	00:16:53	No caption
video1.mp4	00:16:54	No caption
video1.mp4	00:16:55	No caption
video1.mp4	00:16:56	No caption
video1.mp4	00:16:57	No caption
video1.mp4	00:16:58	No caption
video1.mp4	00:16:59	No caption
video1.mp4	00:16:59	No caption
video1.mp4	00:17:00	No caption
video1.mp4	00:17:01	No caption
video1.mp4	00:17:02	No caption
video1.mp4	00:17:03	No caption
video1.mp4	00:17:04	No caption
video1.mp4	00:17:11	No caption
video1.mp4	00:17:12	No caption
video1.mp4	00:17:13	No caption
video1.mp4	00:17:14	No caption
video1.mp4	00:17:15	No caption
video1.mp4	00:17:16	No caption
video1.mp4	00:17:17	No caption
video1.mp4	00:17:18	No caption
video1.mp4	00:17:19	No caption
video1.mp4	00:17:20	No caption
video1.mp4	00:17:21	No caption
video1.mp4	00:17:25	No caption
video1.mp4	00:17:35	No caption
video1.mp4	00:17:42	No caption
video1.mp4	00:18:09	No caption
video1.mp4	00:18:37	No caption
video1.mp4	00:18:38	No caption
video1.mp4	00:18:39	No caption
video1.mp4	00:19:14	No caption
video1.mp4	00:19:50	No caption
video1.mp4	00:19:54	No caption
video1.mp4	00:19:59	No caption
video1.mp4	00:20:09	No caption
video1.mp4	00:20:55	No caption
video1.mp4	00:21:10	No caption
video1.mp4	00:21:47	No caption
video1.mp4	00:22:24	No caption
video1.mp4	00:22:46	No caption
video1.mp4	00:23:00	No caption
video1.mp4	00:23:14	No caption
video1.mp4	00:23:18	No caption
