Filename	Start_Time	Text
Tony Robbins- 토니 라빈스 '행동의 이유' - TED Talk.mp4	00:00:04	Tanya Cushman Reviewer's Name Reviewer's Name
Tony Robbins- 토니 라빈스 '행동의 이유' - TED Talk.mp4	00:00:04	I have to tell you, I'm both challenged and excited.
Tony Robbins- 토니 라빈스 '행동의 이유' - TED Talk.mp4	00:00:08	My excitement is I get a chance to give something back.
Tony Robbins- 토니 라빈스 '행동의 이유' - TED Talk.mp4	00:00:11	My challenge is the shortest seminar I usually do is 50 hours.
Tony Robbins- 토니 라빈스 '행동의 이유' - TED Talk.mp4	00:00:17	I'm not exaggerating. I do weekends,
Tony Robbins- 토니 라빈스 '행동의 이유' - TED Talk.mp4	00:00:18	and what I do, I do more than that, obviously, coach people,
Tony Robbins- 토니 라빈스 '행동의 이유' - TED Talk.mp4	00:00:21	but I'm into immersion, because how do you learn language?
Tony Robbins- 토니 라빈스 '행동의 이유' - TED Talk.mp4	00:00:24	You didn't learn it by just learning principles.
Tony Robbins- 토니 라빈스 '행동의 이유' - TED Talk.mp4	00:00:25	You got in it, and you did it so often that it became real.
Tony Robbins- 토니 라빈스 '행동의 이유' - TED Talk.mp4	00:00:28	And the bottom line of why I'm here, besides being crazy mofo,
Tony Robbins- 토니 라빈스 '행동의 이유' - TED Talk.mp4	00:00:31	is that I'm really in a position...
Tony Robbins- 토니 라빈스 '행동의 이유' - TED Talk.mp4	00:00:34	I'm not here to motivate you, obviously. You don't need that.
Tony Robbins- 토니 라빈스 '행동의 이유' - TED Talk.mp4	00:00:36	And a lot of times, that's what people think I do,
Tony Robbins- 토니 라빈스 '행동의 이유' - TED Talk.mp4	00:00:37	and it's the furthest thing from it.
Tony Robbins- 토니 라빈스 '행동의 이유' - TED Talk.mp4	00:00:39	What happens, though, is people say to me,
Tony Robbins- 토니 라빈스 '행동의 이유' - TED Talk.mp4	00:00:41	well, I don't need any motivation.
Tony Robbins- 토니 라빈스 '행동의 이유' - TED Talk.mp4	00:00:42	And I say, well, that's interesting. That's not what I do.
Tony Robbins- 토니 라빈스 '행동의 이유' - TED Talk.mp4	00:00:45	I'm the why guy.
Tony Robbins- 토니 라빈스 '행동의 이유' - TED Talk.mp4	00:00:46	I don't know why you do what you do.
Tony Robbins- 토니 라빈스 '행동의 이유' - TED Talk.mp4	00:00:48	What is your motive for action?
Tony Robbins- 토니 라빈스 '행동의 이유' - TED Talk.mp4	00:00:51	What is it that drives you in your life today, not 10 years ago,
Tony Robbins- 토니 라빈스 '행동의 이유' - TED Talk.mp4	00:00:54	or are you running the same pattern?
Tony Robbins- 토니 라빈스 '행동의 이유' - TED Talk.mp4	00:00:56	Because I believe that the invisible force
Tony Robbins- 토니 라빈스 '행동의 이유' - TED Talk.mp4	00:00:58	of internal drive activated is the most important thing in the world.
Tony Robbins- 토니 라빈스 '행동의 이유' - TED Talk.mp4	00:01:02	I'm here because I believe emotion is the force of life.
Tony Robbins- 토니 라빈스 '행동의 이유' - TED Talk.mp4	00:01:05	All of us here have great minds.
Tony Robbins- 토니 라빈스 '행동의 이유' - TED Talk.mp4	00:01:07	You know, most of us here have great minds.
Tony Robbins- 토니 라빈스 '행동의 이유' - TED Talk.mp4	00:01:09	I don't know if I'm in that category, but we all know how to think.
Tony Robbins- 토니 라빈스 '행동의 이유' - TED Talk.mp4	00:01:12	And with our minds, we can rationalize anything.
Tony Robbins- 토니 라빈스 '행동의 이유' - TED Talk.mp4	00:01:14	We can make anything happen.
Tony Robbins- 토니 라빈스 '행동의 이유' - TED Talk.mp4	00:01:16	I agree with what was described a few days ago
Tony Robbins- 토니 라빈스 '행동의 이유' - TED Talk.mp4	00:01:18	about this idea that people work in their self-interest.
Tony Robbins- 토니 라빈스 '행동의 이유' - TED Talk.mp4	00:01:20	But we all know that that's bullshit at times.
Tony Robbins- 토니 라빈스 '행동의 이유' - TED Talk.mp4	00:01:23	You don't work in your self-interest all the time.
Tony Robbins- 토니 라빈스 '행동의 이유' - TED Talk.mp4	00:01:26	Because when emotion comes into it,
Tony Robbins- 토니 라빈스 '행동의 이유' - TED Talk.mp4	00:01:27	the wiring changes in the way it functions.
Tony Robbins- 토니 라빈스 '행동의 이유' - TED Talk.mp4	00:01:30	And so it's wonderful for us to think intellectually
Tony Robbins- 토니 라빈스 '행동의 이유' - TED Talk.mp4	00:01:32	about how the life of the world is,
Tony Robbins- 토니 라빈스 '행동의 이유' - TED Talk.mp4	00:01:34	and especially those who are very smart.
Tony Robbins- 토니 라빈스 '행동의 이유' - TED Talk.mp4	00:01:35	We can play this game in our head,
Tony Robbins- 토니 라빈스 '행동의 이유' - TED Talk.mp4	00:01:37	but I really want to know what's driving you.
Tony Robbins- 토니 라빈스 '행동의 이유' - TED Talk.mp4	00:01:39	And what I'd like to maybe invite you to do by the end of this talk
Tony Robbins- 토니 라빈스 '행동의 이유' - TED Talk.mp4	00:01:41	is explore where you are today for two reasons.
Tony Robbins- 토니 라빈스 '행동의 이유' - TED Talk.mp4	00:01:44	One, so that you can contribute more.
Tony Robbins- 토니 라빈스 '행동의 이유' - TED Talk.mp4	00:01:46	And two, so that hopefully we can not just understand other people more,
Tony Robbins- 토니 라빈스 '행동의 이유' - TED Talk.mp4	00:01:49	but maybe appreciate them more
Tony Robbins- 토니 라빈스 '행동의 이유' - TED Talk.mp4	00:01:51	and create the kinds of connections that can stop
Tony Robbins- 토니 라빈스 '행동의 이유' - TED Talk.mp4	00:01:53	some of the challenges that we face in our society today.
Tony Robbins- 토니 라빈스 '행동의 이유' - TED Talk.mp4	00:01:55	They're only going to get magnified
Tony Robbins- 토니 라빈스 '행동의 이유' - TED Talk.mp4	00:01:57	by the very technology that's connecting us.
Tony Robbins- 토니 라빈스 '행동의 이유' - TED Talk.mp4	00:01:59	Because it's making us intersect.
Tony Robbins- 토니 라빈스 '행동의 이유' - TED Talk.mp4	00:02:01	And that intersection doesn't always create the
Tony Robbins- 토니 라빈스 '행동의 이유' - TED Talk.mp4	00:02:03	view of everybody now understands everybody
Tony Robbins- 토니 라빈스 '행동의 이유' - TED Talk.mp4	00:02:05	and everybody appreciates everybody.
Tony Robbins- 토니 라빈스 '행동의 이유' - TED Talk.mp4	00:02:07	So, I've had an obsession basically for 30 years.
Tony Robbins- 토니 라빈스 '행동의 이유' - TED Talk.mp4	00:02:10	And that obsession has been
Tony Robbins- 토니 라빈스 '행동의 이유' - TED Talk.mp4	00:02:11	what makes the difference in the quality of people's lives?
Tony Robbins- 토니 라빈스 '행동의 이유' - TED Talk.mp4	00:02:15	What makes the difference in their performance?
Tony Robbins- 토니 라빈스 '행동의 이유' - TED Talk.mp4	00:02:16	Because that's what I got hired to do.
Tony Robbins- 토니 라빈스 '행동의 이유' - TED Talk.mp4	00:02:17	I've got to produce the result now.
Tony Robbins- 토니 라빈스 '행동의 이유' - TED Talk.mp4	00:02:18	That's what I've done for 30 years.
Tony Robbins- 토니 라빈스 '행동의 이유' - TED Talk.mp4	00:02:20	I get the phone call when the athlete is burning down
Tony Robbins- 토니 라빈스 '행동의 이유' - TED Talk.mp4	00:02:23	on national television,
Tony Robbins- 토니 라빈스 '행동의 이유' - TED Talk.mp4	00:02:24	and they were ahead by five strokes,
Tony Robbins- 토니 라빈스 '행동의 이유' - TED Talk.mp4	00:02:26	and now they can't get back on the course.
Tony Robbins- 토니 라빈스 '행동의 이유' - TED Talk.mp4	00:02:28	And I've got to do something right now
Tony Robbins- 토니 라빈스 '행동의 이유' - TED Talk.mp4	00:02:29	to get the result, and nothing matters.
Tony Robbins- 토니 라빈스 '행동의 이유' - TED Talk.mp4	00:02:31	I get the phone call when the child is going to commit suicide,
Tony Robbins- 토니 라빈스 '행동의 이유' - TED Talk.mp4	00:02:34	and I've got to do something right now.
Tony Robbins- 토니 라빈스 '행동의 이유' - TED Talk.mp4	00:02:35	And in 29 years, I'm very grateful to tell you
Tony Robbins- 토니 라빈스 '행동의 이유' - TED Talk.mp4	00:02:37	I've never lost one in 29 years.
Tony Robbins- 토니 라빈스 '행동의 이유' - TED Talk.mp4	00:02:39	It doesn't mean I won't someday, but I haven't done it.
Tony Robbins- 토니 라빈스 '행동의 이유' - TED Talk.mp4	00:02:41	And the reason is an understanding of these human needs
Tony Robbins- 토니 라빈스 '행동의 이유' - TED Talk.mp4	00:02:43	that I want to talk to you about.
Tony Robbins- 토니 라빈스 '행동의 이유' - TED Talk.mp4	00:02:45	So, when I get those calls about performance,
Tony Robbins- 토니 라빈스 '행동의 이유' - TED Talk.mp4	00:02:47	that's one thing, like how do you make a change?
Tony Robbins- 토니 라빈스 '행동의 이유' - TED Talk.mp4	00:02:49	But also, I'm looking to see
Tony Robbins- 토니 라빈스 '행동의 이유' - TED Talk.mp4	00:02:51	what is it that's shaping that person's ability
Tony Robbins- 토니 라빈스 '행동의 이유' - TED Talk.mp4	00:02:54	to contribute, to do something beyond themselves.
Tony Robbins- 토니 라빈스 '행동의 이유' - TED Talk.mp4	00:02:57	So maybe the real question is,
Tony Robbins- 토니 라빈스 '행동의 이유' - TED Talk.mp4	00:02:58	you know, I look at life and say
Tony Robbins- 토니 라빈스 '행동의 이유' - TED Talk.mp4	00:03:00	there's two master lessons.
Tony Robbins- 토니 라빈스 '행동의 이유' - TED Talk.mp4	00:03:01	One is, there's the science of achievement,
Tony Robbins- 토니 라빈스 '행동의 이유' - TED Talk.mp4	00:03:03	which almost everything in this room is mastered to an amazing extent.
Tony Robbins- 토니 라빈스 '행동의 이유' - TED Talk.mp4	00:03:06	That's how you take the invisible and make it visible, right?
Tony Robbins- 토니 라빈스 '행동의 이유' - TED Talk.mp4	00:03:08	How you take what you dream about and make it happen.
Tony Robbins- 토니 라빈스 '행동의 이유' - TED Talk.mp4	00:03:10	Whether it be your business, your contribution to society,
Tony Robbins- 토니 라빈스 '행동의 이유' - TED Talk.mp4	00:03:12	money, whatever it is for you,
Tony Robbins- 토니 라빈스 '행동의 이유' - TED Talk.mp4	00:03:14	your body, your family.
Tony Robbins- 토니 라빈스 '행동의 이유' - TED Talk.mp4	00:03:15	But the other lesson of life that is rarely mastered
Tony Robbins- 토니 라빈스 '행동의 이유' - TED Talk.mp4	00:03:18	is the art of fulfillment.
Tony Robbins- 토니 라빈스 '행동의 이유' - TED Talk.mp4	00:03:19	Because science is easy, right?
Tony Robbins- 토니 라빈스 '행동의 이유' - TED Talk.mp4	00:03:21	We know the rules, you write the code, you follow the...
Tony Robbins- 토니 라빈스 '행동의 이유' - TED Talk.mp4	00:03:24	Once you know the game, you just, you know,
Tony Robbins- 토니 라빈스 '행동의 이유' - TED Talk.mp4	00:03:25	you up the ante, don't you?
Tony Robbins- 토니 라빈스 '행동의 이유' - TED Talk.mp4	00:03:27	But when it comes to fulfillment, that's an art.
Tony Robbins- 토니 라빈스 '행동의 이유' - TED Talk.mp4	00:03:29	And the reason is it's about appreciation
Tony Robbins- 토니 라빈스 '행동의 이유' - TED Talk.mp4	00:03:31	and it's about contribution.
Tony Robbins- 토니 라빈스 '행동의 이유' - TED Talk.mp4	00:03:33	You can only feel so much by yourself.
Tony Robbins- 토니 라빈스 '행동의 이유' - TED Talk.mp4	00:03:35	So, I've had an interesting laboratory to try to answer
Tony Robbins- 토니 라빈스 '행동의 이유' - TED Talk.mp4	00:03:37	the question of the real question, which is
Tony Robbins- 토니 라빈스 '행동의 이유' - TED Talk.mp4	00:03:39	what's the difference in somebody's life if you look at somebody like
Tony Robbins- 토니 라빈스 '행동의 이유' - TED Talk.mp4	00:03:42	those people that you've given everything to,
Tony Robbins- 토니 라빈스 '행동의 이유' - TED Talk.mp4	00:03:44	like all the resources they say they need.
Tony Robbins- 토니 라빈스 '행동의 이유' - TED Talk.mp4	00:03:46	You gave them not a hundred dollar computer,
Tony Robbins- 토니 라빈스 '행동의 이유' - TED Talk.mp4	00:03:47	you gave them the best computer. You gave them love,
Tony Robbins- 토니 라빈스 '행동의 이유' - TED Talk.mp4	00:03:49	you gave them joy, you were there to comfort them.
Tony Robbins- 토니 라빈스 '행동의 이유' - TED Talk.mp4	00:03:51	And those people very often, and you know some of them,
Tony Robbins- 토니 라빈스 '행동의 이유' - TED Talk.mp4	00:03:54	they're in there and that the rest of their life,
Tony Robbins- 토니 라빈스 '행동의 이유' - TED Talk.mp4	00:03:55	with all this love, education, money, and background,
Tony Robbins- 토니 라빈스 '행동의 이유' - TED Talk.mp4	00:03:57	spending their life going in and out of rehab.
Tony Robbins- 토니 라빈스 '행동의 이유' - TED Talk.mp4	00:04:00	And then you meet people that have been through
Tony Robbins- 토니 라빈스 '행동의 이유' - TED Talk.mp4	00:04:01	ultimate pain. Psychologically,
Tony Robbins- 토니 라빈스 '행동의 이유' - TED Talk.mp4	00:04:04	sexually, spiritually, emotionally abused,
Tony Robbins- 토니 라빈스 '행동의 이유' - TED Talk.mp4	00:04:06	and not always, but often,
Tony Robbins- 토니 라빈스 '행동의 이유' - TED Talk.mp4	00:04:08	they become some of the people that contribute the most
Tony Robbins- 토니 라빈스 '행동의 이유' - TED Talk.mp4	00:04:09	to society. So,
Tony Robbins- 토니 라빈스 '행동의 이유' - TED Talk.mp4	00:04:11	the question we've got to ask ourselves really is
Tony Robbins- 토니 라빈스 '행동의 이유' - TED Talk.mp4	00:04:13	what is it? What is it
Tony Robbins- 토니 라빈스 '행동의 이유' - TED Talk.mp4	00:04:16	that shapes us? And we live in a therapy culture.
Tony Robbins- 토니 라빈스 '행동의 이유' - TED Talk.mp4	00:04:18	Most of us don't do that, but the culture's a therapy culture.
Tony Robbins- 토니 라빈스 '행동의 이유' - TED Talk.mp4	00:04:20	And what I mean by that is the mindset
Tony Robbins- 토니 라빈스 '행동의 이유' - TED Talk.mp4	00:04:21	that we are our past.
Tony Robbins- 토니 라빈스 '행동의 이유' - TED Talk.mp4	00:04:24	You could be in this room, you wouldn't be in this room
Tony Robbins- 토니 라빈스 '행동의 이유' - TED Talk.mp4	00:04:25	if you bought that theory, but most of society thinks
Tony Robbins- 토니 라빈스 '행동의 이유' - TED Talk.mp4	00:04:27	biography is destiny. The past
Tony Robbins- 토니 라빈스 '행동의 이유' - TED Talk.mp4	00:04:30	equals the future. And of course it does
Tony Robbins- 토니 라빈스 '행동의 이유' - TED Talk.mp4	00:04:31	if you live there. But what people in this room know,
Tony Robbins- 토니 라빈스 '행동의 이유' - TED Talk.mp4	00:04:34	and what we have to remind ourselves though,
Tony Robbins- 토니 라빈스 '행동의 이유' - TED Talk.mp4	00:04:35	because you can know something intellectually,
Tony Robbins- 토니 라빈스 '행동의 이유' - TED Talk.mp4	00:04:37	you can know what to do and then not use it, not apply it.
Tony Robbins- 토니 라빈스 '행동의 이유' - TED Talk.mp4	00:04:40	So, really what we've got to remind ourselves is
Tony Robbins- 토니 라빈스 '행동의 이유' - TED Talk.mp4	00:04:41	decision is the ultimate power.
Tony Robbins- 토니 라빈스 '행동의 이유' - TED Talk.mp4	00:04:44	That's what it really is. Now, when you ask people,
Tony Robbins- 토니 라빈스 '행동의 이유' - TED Talk.mp4	00:04:46	you know, have you failed to achieve something?
Tony Robbins- 토니 라빈스 '행동의 이유' - TED Talk.mp4	00:04:48	How many have ever failed to achieve something significant
Tony Robbins- 토니 라빈스 '행동의 이유' - TED Talk.mp4	00:04:50	in your life? Say, aye.
Tony Robbins- 토니 라빈스 '행동의 이유' - TED Talk.mp4	00:04:51	Thanks for the interaction on a high level there.
Tony Robbins- 토니 라빈스 '행동의 이유' - TED Talk.mp4	00:04:55	But if you ask people,
Tony Robbins- 토니 라빈스 '행동의 이유' - TED Talk.mp4	00:04:57	why didn't you achieve something?
Tony Robbins- 토니 라빈스 '행동의 이유' - TED Talk.mp4	00:04:58	Somebody who's working for you, you know,
Tony Robbins- 토니 라빈스 '행동의 이유' - TED Talk.mp4	00:04:59	or a partner, or even yourself.
Tony Robbins- 토니 라빈스 '행동의 이유' - TED Talk.mp4	00:05:01	When you fail to achieve a goal, what's the reason
Tony Robbins- 토니 라빈스 '행동의 이유' - TED Talk.mp4	00:05:03	people say they failed to achieve? What do they tell you?
Tony Robbins- 토니 라빈스 '행동의 이유' - TED Talk.mp4	00:05:05	Didn't know enough. Didn't have the knowledge.
Tony Robbins- 토니 라빈스 '행동의 이유' - TED Talk.mp4	00:05:08	Didn't have the money.
Tony Robbins- 토니 라빈스 '행동의 이유' - TED Talk.mp4	00:05:10	Didn't have the time.
Tony Robbins- 토니 라빈스 '행동의 이유' - TED Talk.mp4	00:05:11	Didn't have the technology.
Tony Robbins- 토니 라빈스 '행동의 이유' - TED Talk.mp4	00:05:14	You know, I didn't have the right manager.
Tony Robbins- 토니 라빈스 '행동의 이유' - TED Talk.mp4	00:05:16	Didn't have the Supreme Court.
Tony Robbins- 토니 라빈스 '행동의 이유' - TED Talk.mp4	00:05:32	And,
Tony Robbins- 토니 라빈스 '행동의 이유' - TED Talk.mp4	00:05:35	and,
Tony Robbins- 토니 라빈스 '행동의 이유' - TED Talk.mp4	00:05:36	and,
Tony Robbins- 토니 라빈스 '행동의 이유' - TED Talk.mp4	00:05:39	what do all those
Tony Robbins- 토니 라빈스 '행동의 이유' - TED Talk.mp4	00:05:40	including the Supreme Court have in common?
Tony Robbins- 토니 라빈스 '행동의 이유' - TED Talk.mp4	00:05:43	They are a claim to you missing
Tony Robbins- 토니 라빈스 '행동의 이유' - TED Talk.mp4	00:05:45	resources. And they may be
Tony Robbins- 토니 라빈스 '행동의 이유' - TED Talk.mp4	00:05:48	accurate. You may not have the money. You may not
Tony Robbins- 토니 라빈스 '행동의 이유' - TED Talk.mp4	00:05:50	have the Supreme Court. But that is not
Tony Robbins- 토니 라빈스 '행동의 이유' - TED Talk.mp4	00:05:52	the defining factor.
Tony Robbins- 토니 라빈스 '행동의 이유' - TED Talk.mp4	00:05:58	And you correct me if I'm wrong.
Tony Robbins- 토니 라빈스 '행동의 이유' - TED Talk.mp4	00:06:01	The defining factor
Tony Robbins- 토니 라빈스 '행동의 이유' - TED Talk.mp4	00:06:03	is never resources. It's resourcefulness.
Tony Robbins- 토니 라빈스 '행동의 이유' - TED Talk.mp4	00:06:05	And what I mean specifically, rather than just
Tony Robbins- 토니 라빈스 '행동의 이유' - TED Talk.mp4	00:06:06	some phrase, is if you have
Tony Robbins- 토니 라빈스 '행동의 이유' - TED Talk.mp4	00:06:08	emotion, human emotion,
Tony Robbins- 토니 라빈스 '행동의 이유' - TED Talk.mp4	00:06:11	something that I experienced from you
Tony Robbins- 토니 라빈스 '행동의 이유' - TED Talk.mp4	00:06:13	day before yesterday at a level that is
Tony Robbins- 토니 라빈스 '행동의 이유' - TED Talk.mp4	00:06:15	as profound as I've ever experienced,
Tony Robbins- 토니 라빈스 '행동의 이유' - TED Talk.mp4	00:06:17	and if you'd communicated with that emotion,
Tony Robbins- 토니 라빈스 '행동의 이유' - TED Talk.mp4	00:06:18	I believe you would have beat his ass and won.
Tony Robbins- 토니 라빈스 '행동의 이유' - TED Talk.mp4	00:06:22	And I'm not saying
Tony Robbins- 토니 라빈스 '행동의 이유' - TED Talk.mp4	00:06:22	
Tony Robbins- 토니 라빈스 '행동의 이유' - TED Talk.mp4	00:06:22	I'm saying that you should be doing that.
Tony Robbins- 토니 라빈스 '행동의 이유' - TED Talk.mp4	00:06:23	And I'm not saying that you should be doing that.
Tony Robbins- 토니 라빈스 '행동의 이유' - TED Talk.mp4	00:06:25	But,
Tony Robbins- 토니 라빈스 '행동의 이유' - TED Talk.mp4	00:06:26	how easy for me
Tony Robbins- 토니 라빈스 '행동의 이유' - TED Talk.mp4	00:06:27	to tell him what he should do.
Tony Robbins- 토니 라빈스 '행동의 이유' - TED Talk.mp4	00:06:31	Idiot.
Tony Robbins- 토니 라빈스 '행동의 이유' - TED Talk.mp4	00:06:32	Robbins.
Tony Robbins- 토니 라빈스 '행동의 이유' - TED Talk.mp4	00:06:33	But I know, when we watched
Tony Robbins- 토니 라빈스 '행동의 이유' - TED Talk.mp4	00:06:36	a debate, when we watched
Tony Robbins- 토니 라빈스 '행동의 이유' - TED Talk.mp4	00:06:38	a debate at that time, there were
Tony Robbins- 토니 라빈스 '행동의 이유' - TED Talk.mp4	00:06:39	emotions that blocked people's ability to get this
Tony Robbins- 토니 라빈스 '행동의 이유' - TED Talk.mp4	00:06:42	man's intellect and capacity and the way they came
Tony Robbins- 토니 라빈스 '행동의 이유' - TED Talk.mp4	00:06:44	across to some people in that day. Because I know
Tony Robbins- 토니 라빈스 '행동의 이유' - TED Talk.mp4	00:06:46	people that wanted to vote in your direction
Tony Robbins- 토니 라빈스 '행동의 이유' - TED Talk.mp4	00:06:48	and didn't, and I was upset.
Tony Robbins- 토니 라빈스 '행동의 이유' - TED Talk.mp4	00:06:51	But there was emotion
Tony Robbins- 토니 라빈스 '행동의 이유' - TED Talk.mp4	00:06:51	that was there. How many know what I'm talking about here? Say, I.
Tony Robbins- 토니 라빈스 '행동의 이유' - TED Talk.mp4	00:06:54	I.
Tony Robbins- 토니 라빈스 '행동의 이유' - TED Talk.mp4	00:06:55	So emotion is it, and if we get the right emotion,
Tony Robbins- 토니 라빈스 '행동의 이유' - TED Talk.mp4	00:06:58	we can get ourselves to do anything.
Tony Robbins- 토니 라빈스 '행동의 이유' - TED Talk.mp4	00:07:00	We can get through it. If you're creative enough, playful enough,
Tony Robbins- 토니 라빈스 '행동의 이유' - TED Talk.mp4	00:07:02	fun enough, can you get through to anybody, yes or no?
Tony Robbins- 토니 라빈스 '행동의 이유' - TED Talk.mp4	00:07:04	Yes. If you don't have the money, but
Tony Robbins- 토니 라빈스 '행동의 이유' - TED Talk.mp4	00:07:06	you're creative and determined enough, you find the way.
Tony Robbins- 토니 라빈스 '행동의 이유' - TED Talk.mp4	00:07:08	So this is the ultimate resource, but this is
Tony Robbins- 토니 라빈스 '행동의 이유' - TED Talk.mp4	00:07:10	not the story that people tell us.
Tony Robbins- 토니 라빈스 '행동의 이유' - TED Talk.mp4	00:07:12	Right? The story people tell us is a bunch of
Tony Robbins- 토니 라빈스 '행동의 이유' - TED Talk.mp4	00:07:14	different stories. They tell us we don't have the resources, but
Tony Robbins- 토니 라빈스 '행동의 이유' - TED Talk.mp4	00:07:16	ultimately, if you take a look here, flip it
Tony Robbins- 토니 라빈스 '행동의 이유' - TED Talk.mp4	00:07:18	up if you would, they say, what are all
Tony Robbins- 토니 라빈스 '행동의 이유' - TED Talk.mp4	00:07:20	the reasons they haven't come? We've said that. Next one, please.
Tony Robbins- 토니 라빈스 '행동의 이유' - TED Talk.mp4	00:07:22	He's broken my pattern, that son of a bitch.
Tony Robbins- 토니 라빈스 '행동의 이유' - TED Talk.mp4	00:07:24	But I appreciated the energy, I'll tell you that.
Tony Robbins- 토니 라빈스 '행동의 이유' - TED Talk.mp4	00:07:31	What determines your resources?
Tony Robbins- 토니 라빈스 '행동의 이유' - TED Talk.mp4	00:07:33	We've said decision shaped destiny,
Tony Robbins- 토니 라빈스 '행동의 이유' - TED Talk.mp4	00:07:35	which is my focus here.
Tony Robbins- 토니 라빈스 '행동의 이유' - TED Talk.mp4	00:07:36	If decisions shape destiny,
Tony Robbins- 토니 라빈스 '행동의 이유' - TED Talk.mp4	00:07:38	what determines it is three decisions.
Tony Robbins- 토니 라빈스 '행동의 이유' - TED Talk.mp4	00:07:39	What are you going to focus on?
Tony Robbins- 토니 라빈스 '행동의 이유' - TED Talk.mp4	00:07:40	Right now, you have to decide what you're going to focus on.
Tony Robbins- 토니 라빈스 '행동의 이유' - TED Talk.mp4	00:07:42	In this second, consciously or unconsciously,
Tony Robbins- 토니 라빈스 '행동의 이유' - TED Talk.mp4	00:07:44	the minute you decide to focus on something,
Tony Robbins- 토니 라빈스 '행동의 이유' - TED Talk.mp4	00:07:46	you've got to give it a meaning.
Tony Robbins- 토니 라빈스 '행동의 이유' - TED Talk.mp4	00:07:47	And whatever that meaning is produces emotion.
Tony Robbins- 토니 라빈스 '행동의 이유' - TED Talk.mp4	00:07:49	Is this the end or the beginning?
Tony Robbins- 토니 라빈스 '행동의 이유' - TED Talk.mp4	00:07:51	Is God punishing me or rewarding me,
Tony Robbins- 토니 라빈스 '행동의 이유' - TED Talk.mp4	00:07:53	or is this the end?
Tony Robbins- 토니 라빈스 '행동의 이유' - TED Talk.mp4	00:07:54	The roll of the dice.
Tony Robbins- 토니 라빈스 '행동의 이유' - TED Talk.mp4	00:07:55	And emotion then creates what we're going to do,
Tony Robbins- 토니 라빈스 '행동의 이유' - TED Talk.mp4	00:07:57	or the action. So, think about your own life,
Tony Robbins- 토니 라빈스 '행동의 이유' - TED Talk.mp4	00:08:00	the decisions that have shaped your destiny.
Tony Robbins- 토니 라빈스 '행동의 이유' - TED Talk.mp4	00:08:02	And that sounds really heavy, but
Tony Robbins- 토니 라빈스 '행동의 이유' - TED Talk.mp4	00:08:03	in the last five or ten years, fifteen years,
Tony Robbins- 토니 라빈스 '행동의 이유' - TED Talk.mp4	00:08:05	haven't there been some decisions you've made that if you made a different
Tony Robbins- 토니 라빈스 '행동의 이유' - TED Talk.mp4	00:08:07	decision, your life would be completely different?
Tony Robbins- 토니 라빈스 '행동의 이유' - TED Talk.mp4	00:08:10	How many can think of one, honestly?
Tony Robbins- 토니 라빈스 '행동의 이유' - TED Talk.mp4	00:08:12	Better or worse? Say, aye.
Tony Robbins- 토니 라빈스 '행동의 이유' - TED Talk.mp4	00:08:13	So the bottom line is, maybe it was where to go to work,
Tony Robbins- 토니 라빈스 '행동의 이유' - TED Talk.mp4	00:08:16	and you met the love of your life there.
Tony Robbins- 토니 라빈스 '행동의 이유' - TED Talk.mp4	00:08:18	Maybe it was a career decision. I know the Google geniuses
Tony Robbins- 토니 라빈스 '행동의 이유' - TED Talk.mp4	00:08:20	I saw here. I mean, I understand
Tony Robbins- 토니 라빈스 '행동의 이유' - TED Talk.mp4	00:08:22	that their decision was to sell their technology
Tony Robbins- 토니 라빈스 '행동의 이유' - TED Talk.mp4	00:08:24	at first. What if they made that decision
Tony Robbins- 토니 라빈스 '행동의 이유' - TED Talk.mp4	00:08:26	versus to build their own culture? How would the world
Tony Robbins- 토니 라빈스 '행동의 이유' - TED Talk.mp4	00:08:28	be different? How would their lives be different?
Tony Robbins- 토니 라빈스 '행동의 이유' - TED Talk.mp4	00:08:29	Their impact. The history of our world
Tony Robbins- 토니 라빈스 '행동의 이유' - TED Talk.mp4	00:08:32	is these decisions. When a woman
Tony Robbins- 토니 라빈스 '행동의 이유' - TED Talk.mp4	00:08:34	stands up and says, no, I won't go to the back
Tony Robbins- 토니 라빈스 '행동의 이유' - TED Talk.mp4	00:08:36	of the bus, she didn't just
Tony Robbins- 토니 라빈스 '행동의 이유' - TED Talk.mp4	00:08:38	affect her life. That decision shaped
Tony Robbins- 토니 라빈스 '행동의 이유' - TED Talk.mp4	00:08:39	our culture. Or someone standing in front
Tony Robbins- 토니 라빈스 '행동의 이유' - TED Talk.mp4	00:08:42	of a tank. Or being in a position
Tony Robbins- 토니 라빈스 '행동의 이유' - TED Talk.mp4	00:08:44	like Lance Armstrong, and someone says to you,
Tony Robbins- 토니 라빈스 '행동의 이유' - TED Talk.mp4	00:08:46	you've got testicular cancer. That's
Tony Robbins- 토니 라빈스 '행동의 이유' - TED Talk.mp4	00:08:48	pretty tough for any male, especially if you ride a bike.
Tony Robbins- 토니 라빈스 '행동의 이유' - TED Talk.mp4	00:08:51	Right?
Tony Robbins- 토니 라빈스 '행동의 이유' - TED Talk.mp4	00:08:52	You got it in your brain. You got it in your lungs.
Tony Robbins- 토니 라빈스 '행동의 이유' - TED Talk.mp4	00:08:54	But what was his decision
Tony Robbins- 토니 라빈스 '행동의 이유' - TED Talk.mp4	00:08:56	of what to focus on? Different than most people.
Tony Robbins- 토니 라빈스 '행동의 이유' - TED Talk.mp4	00:08:58	What did it mean? It wasn't the end, it was the beginning.
Tony Robbins- 토니 라빈스 '행동의 이유' - TED Talk.mp4	00:09:00	What am I going to do? He goes off and wins
Tony Robbins- 토니 라빈스 '행동의 이유' - TED Talk.mp4	00:09:02	seven championships he never won once before
Tony Robbins- 토니 라빈스 '행동의 이유' - TED Talk.mp4	00:09:04	the cancer, because he got emotional fitness.
Tony Robbins- 토니 라빈스 '행동의 이유' - TED Talk.mp4	00:09:07	Psychological strength.
Tony Robbins- 토니 라빈스 '행동의 이유' - TED Talk.mp4	00:09:08	That's the difference in human beings that
Tony Robbins- 토니 라빈스 '행동의 이유' - TED Talk.mp4	00:09:10	I've seen of the three million I've been around.
Tony Robbins- 토니 라빈스 '행동의 이유' - TED Talk.mp4	00:09:12	Because that's about my lab. I've had three million people
Tony Robbins- 토니 라빈스 '행동의 이유' - TED Talk.mp4	00:09:14	from 80 different countries that I've had a chance
Tony Robbins- 토니 라빈스 '행동의 이유' - TED Talk.mp4	00:09:16	to interact with over the last 29 years.
Tony Robbins- 토니 라빈스 '행동의 이유' - TED Talk.mp4	00:09:18	And after a while, patterns become
Tony Robbins- 토니 라빈스 '행동의 이유' - TED Talk.mp4	00:09:20	obvious. You see that South America
Tony Robbins- 토니 라빈스 '행동의 이유' - TED Talk.mp4	00:09:22	and Africa maybe connect in a certain way, right?
Tony Robbins- 토니 라빈스 '행동의 이유' - TED Talk.mp4	00:09:24	Other people say, oh, that sounds ridiculous.
Tony Robbins- 토니 라빈스 '행동의 이유' - TED Talk.mp4	00:09:26	It's simple. So, what shaped Lance?
Tony Robbins- 토니 라빈스 '행동의 이유' - TED Talk.mp4	00:09:28	What shapes you? Two invisible forces.
Tony Robbins- 토니 라빈스 '행동의 이유' - TED Talk.mp4	00:09:31	Very quickly.
Tony Robbins- 토니 라빈스 '행동의 이유' - TED Talk.mp4	00:09:32	One. State.
Tony Robbins- 토니 라빈스 '행동의 이유' - TED Talk.mp4	00:09:34	We all have had times. Have you had a time
Tony Robbins- 토니 라빈스 '행동의 이유' - TED Talk.mp4	00:09:36	you did something, and after you did it, you thought to yourself,
Tony Robbins- 토니 라빈스 '행동의 이유' - TED Talk.mp4	00:09:38	I can't believe I said that. I can't believe I did that.
Tony Robbins- 토니 라빈스 '행동의 이유' - TED Talk.mp4	00:09:40	It was so stupid. Who's been there? Say, aye.
Tony Robbins- 토니 라빈스 '행동의 이유' - TED Talk.mp4	00:09:42	Have you ever done something after you did it?
Tony Robbins- 토니 라빈스 '행동의 이유' - TED Talk.mp4	00:09:44	You go, that was me.
Tony Robbins- 토니 라빈스 '행동의 이유' - TED Talk.mp4	00:09:48	It wasn't your ability, it was your state.
Tony Robbins- 토니 라빈스 '행동의 이유' - TED Talk.mp4	00:09:50	Your model of the world is what shapes you.
Tony Robbins- 토니 라빈스 '행동의 이유' - TED Talk.mp4	00:09:52	Long term. Your model of the world
Tony Robbins- 토니 라빈스 '행동의 이유' - TED Talk.mp4	00:09:54	is the filter. That's what's shaping us.
Tony Robbins- 토니 라빈스 '행동의 이유' - TED Talk.mp4	00:09:56	That's what makes people make decisions.
Tony Robbins- 토니 라빈스 '행동의 이유' - TED Talk.mp4	00:09:58	We want to influence somebody, we've got to know
Tony Robbins- 토니 라빈스 '행동의 이유' - TED Talk.mp4	00:09:59	what already influences them. And it's made up
Tony Robbins- 토니 라빈스 '행동의 이유' - TED Talk.mp4	00:10:02	of three parts, I believe. First,
Tony Robbins- 토니 라빈스 '행동의 이유' - TED Talk.mp4	00:10:04	what's your target? What are you after?
Tony Robbins- 토니 라빈스 '행동의 이유' - TED Talk.mp4	00:10:05	Which I believe, it's not your desires.
Tony Robbins- 토니 라빈스 '행동의 이유' - TED Talk.mp4	00:10:07	You can get your desires and goals. How many of you got a goal,
Tony Robbins- 토니 라빈스 '행동의 이유' - TED Talk.mp4	00:10:09	desire, and thought, is this all there is?
Tony Robbins- 토니 라빈스 '행동의 이유' - TED Talk.mp4	00:10:11	How many been there? Say, aye.
Tony Robbins- 토니 라빈스 '행동의 이유' - TED Talk.mp4	00:10:13	So, it's needs we have. I believe there are six human needs.
Tony Robbins- 토니 라빈스 '행동의 이유' - TED Talk.mp4	00:10:16	Second, once you know
Tony Robbins- 토니 라빈스 '행동의 이유' - TED Talk.mp4	00:10:18	what the target that's driving you is, and you uncover
Tony Robbins- 토니 라빈스 '행동의 이유' - TED Talk.mp4	00:10:20	it for the truth. You don't form it. You uncover it.
Tony Robbins- 토니 라빈스 '행동의 이유' - TED Talk.mp4	00:10:22	Then you find out what's your map.
Tony Robbins- 토니 라빈스 '행동의 이유' - TED Talk.mp4	00:10:24	What's the belief systems that are telling you how to get those needs?
17Min.mp4	00:00:00	Arthur C. Clarke had a sequel to 2001 A Space Odyssey.
17Min.mp4	00:00:03	It's called 2010 Odyssey 2.
17Min.mp4	00:00:05	And at the end of it, an alien intelligence converts Jupiter into a star.
17Min.mp4	00:00:10	As a group of astronauts narrowly escape the implosion,
17Min.mp4	00:00:14	they receive the following message from the aliens.
17Min.mp4	00:00:17	All these worlds are yours, except Europa.
17Min.mp4	00:00:21	Attempt no landing there.
17Min.mp4	00:00:23	Now, that was just a novel, but it suggests that already in 1982,
17Min.mp4	00:00:28	we suspected that Europa might offer our best chance of finding alien life in our solar system.
17Min.mp4	00:00:34	42 years later, in October 2024,
17Min.mp4	00:00:38	NASA is actually launching the most advanced mission to hunt for signs of alien life.
17Min.mp4	00:00:43	And it's going to Jupiter's moon, Europa.
17Min.mp4	00:00:48	There's just one problem.
17Min.mp4	00:00:51	Jupiter kills everything around it.
17Min.mp4	00:00:54	So how could life even exist there?
17Min.mp4	00:00:58	And how do you make a probe that can withstand the perilous conditions?
17Min.mp4	00:01:07	Deep inside Jupiter there is so much pressure that
17Min.mp4	00:01:10	hydrogen is believed to take the form of a metallic liquid.
17Min.mp4	00:01:15	And this metallic liquid hydrogen generates an incredibly powerful magnetic field,
17Min.mp4	00:01:20	almost 20,000 times stronger than Earth if you measure at the same distance away.
17Min.mp4	00:01:25	So if you could see this magnetic field, it would be the first time in history that you would see it.
17Min.mp4	00:01:28	If you could see this magnetic field from Earth, it would appear twice as big as the full moon.
17Min.mp4	00:01:33	On its own, that magnetic field is harmless.
17Min.mp4	00:01:36	But right in the middle of it is the most volcanically active world in the solar system,
17Min.mp4	00:01:42	Jupiter's moon, Io.
17Min.mp4	00:01:45	The volcanoes on Io's surface shoot out tons of sulfur dioxide,
17Min.mp4	00:01:50	and every second, one ton of this material gets ionized and trapped inside Jupiter's magnetic field.
17Min.mp4	00:01:56	And the field accelerates these particles to rotate incredibly fast with Jupiter.
17Min.mp4	00:02:02	So they whiz around at over 300 kilometers per second.
17Min.mp4	00:02:06	Their inertia actually pulls back on the field,
17Min.mp4	00:02:09	stretching it out.
17Min.mp4	00:02:11	And this trapped material slams into other moons,
17Min.mp4	00:02:14	ejecting even more particles from their surfaces.
17Min.mp4	00:02:17	This cycle forms massive radiation belts which span past Europa and the other moons of Jupiter.
17Min.mp4	00:02:25	Now for
17Min.mp4	00:02:26	electronics,
17Min.mp4	00:02:27	this intense radiation is kryptonite.
17Min.mp4	00:02:29	In the 1970s, the Pioneer 10 and Voyager missions only briefly passed by Jupiter.
17Min.mp4	00:02:35	But the radiation caused glitches, gave the instruments false commands, and corrupted some of their data.
17Min.mp4	00:02:42	Even with modern shielding, a spacecraft within the radiation belts would only survive for around three months.
17Min.mp4	00:02:49	So how will NASA's new mission, the Europa Clipper, orbit Europa for over four years
17Min.mp4	00:02:55	without getting fired?
17Min.mp4	00:02:56	
17Min.mp4	00:02:56	Well, the solution is it won't.
17Min.mp4	00:02:59	It'll orbit Jupiter from afar and then swoop in every few weeks to quickly fly by Europa and then leave again.
17Min.mp4	00:03:06	And since the mission is going to collect a lot of data, it can use the downtime while it's way out here to
17Min.mp4	00:03:12	transmit it all back to Earth before going in for another swoop.
17Min.mp4	00:03:16	In all, it'll do 49 flybys, mapping almost the entire surface.
17Min.mp4	00:03:21	That's actually how the Clipper got its name, after the fast and nimble
17Min.mp4	00:03:25	19th century Clipper ships quickly dipping in and out of ports.
17Min.mp4	00:03:30	But of all the places in the solar system to look for life, why Europa?
17Min.mp4	00:03:34	If you stood on Europa's surface, you'd be hit with 5,400 millisieverts of radiation in a single day.
17Min.mp4	00:03:41	That's 1,800 times more than the annual dose here on Earth.
17Min.mp4	00:03:47	If you stay here for a couple hours, you would eventually die from radiation sickness.
17Min.mp4	00:03:52	But Europa contains a signal.
17Min.mp4	00:03:55	A secret.
17Min.mp4	00:03:56	When Voyager 1 passed by Jupiter in 1979, it took this photo of Europa.
17Min.mp4	00:04:01	If you compare that to most of the other moons in the solar system, you'll notice something is missing.
17Min.mp4	00:04:08	Craters.
17Min.mp4	00:04:10	Every planet and moon has been bombarded by asteroids over billions of years, and most planetary surfaces show it.
17Min.mp4	00:04:18	But not Europa.
17Min.mp4	00:04:20	So why not?
17Min.mp4	00:04:23	Well, something recent.
17Min.mp4	00:04:24	Say.
17Min.mp4	00:04:24	Over the past 60 million years or so, must have been happening on Europa to erase most of these craters from the surface.
17Min.mp4	00:04:33	Sixteen years after Voyager, Galileo arrived to Jupiter.
17Min.mp4	00:04:38	It spent eight years studying both the gas giant and its moons.
17Min.mp4	00:04:42	And Galileo's magnetometer picked up something interesting on Europa.
17Min.mp4	00:04:47	Jupiter's magnetic poles, like Earth's, aren't aligned with its geographic poles.
17Min.mp4	00:04:52	So as the planet rotates every 10 years, it's not aligned with its geographic poles.
17Min.mp4	00:04:54	So when you're at the surface of Europa, you can see the entire magnetic field wobbling.
17Min.mp4	00:04:54	
17Min.mp4	00:04:54	
17Min.mp4	00:04:54	In a matter of only 10 hours, the whole magnetic field wobbles.
17Min.mp4	00:04:58	This changing field from Jupiter induces a magnetic field on Europa, and a relatively strong one at that.
17Min.mp4	00:05:06	The magnetic field is a magnetic field that is directly connected to the water's surface.
17Min.mp4	00:05:07	That means there must be an electrically conductive layer within Europa that reacts to Jupiter's field.
17Min.mp4	00:05:12	And readings from Galileo indicate that it must be somewhere close to the surface, only tens of kilometers deep.
17Min.mp4	00:05:21	So what kind of conductive layer?
17Min.mp4	00:05:25	Well, Europa's white surface is almost entirely covered in a thick crust of water ice.
17Min.mp4	00:05:31	These reddish-brown regions, when observed through a spectrometer, fit the description
17Min.mp4	00:05:36	of a lot of things, like hydrated salts, sulfuric acid, or even bacteria.
17Min.mp4	00:05:41	We need more data to be sure, but recent experiments at JPL found that sea salt, when bombarded
17Min.mp4	00:05:47	with intense radiation, turns from white to this same brownish color found on Europa.
17Min.mp4	00:05:55	So scientists suspect that there's a whole saltwater ocean inside Europa that could be
17Min.mp4	00:06:00	100 kilometers deep, meaning Europa would contain twice as much water as the whole of
17Min.mp4	00:06:06	the Earth.
17Min.mp4	00:06:07	And it must be driving geological activity that constantly smooths out and renews the
17Min.mp4	00:06:13	surface of the Moon.
17Min.mp4	00:06:16	But the Jupiterian Earth is a very small and very small planet.
17Min.mp4	00:06:17	
Tony Robbins- 토니 라빈스 '행동의 이유' - TED Talk.mp4	00:10:26	Some people think the way to get those needs
Tony Robbins- 토니 라빈스 '행동의 이유' - TED Talk.mp4	00:10:28	is to destroy the world. Some people is to build something.
Tony Robbins- 토니 라빈스 '행동의 이유' - TED Talk.mp4	00:10:30	Create something. Love someone.
Tony Robbins- 토니 라빈스 '행동의 이유' - TED Talk.mp4	00:10:32	And then there's the fuel you pick.
Tony Robbins- 토니 라빈스 '행동의 이유' - TED Talk.mp4	00:10:33	So very quickly, six needs. Let me tell you what they are.
Tony Robbins- 토니 라빈스 '행동의 이유' - TED Talk.mp4	00:10:36	First one, certainty.
Tony Robbins- 토니 라빈스 '행동의 이유' - TED Talk.mp4	00:10:37	Now these are not goals or desires. These are universal.
Tony Robbins- 토니 라빈스 '행동의 이유' - TED Talk.mp4	00:10:39	Everyone needs certainty that they can avoid pain
Tony Robbins- 토니 라빈스 '행동의 이유' - TED Talk.mp4	00:10:41	and at least be comfortable. Now how do you get it?
Tony Robbins- 토니 라빈스 '행동의 이유' - TED Talk.mp4	00:10:44	Control everybody. Develop a skill.
Tony Robbins- 토니 라빈스 '행동의 이유' - TED Talk.mp4	00:10:45	Give up. Smoke a cigarette.
Tony Robbins- 토니 라빈스 '행동의 이유' - TED Talk.mp4	00:10:48	And if you got totally certain, ironically,
Tony Robbins- 토니 라빈스 '행동의 이유' - TED Talk.mp4	00:10:50	even though we all need that, like you're not certain
Tony Robbins- 토니 라빈스 '행동의 이유' - TED Talk.mp4	00:10:52	about your health or your children or money,
Tony Robbins- 토니 라빈스 '행동의 이유' - TED Talk.mp4	00:10:54	you don't think about much more. You're not sure
Tony Robbins- 토니 라빈스 '행동의 이유' - TED Talk.mp4	00:10:56	if the ceiling's gonna hold up. You're not gonna listen to any speaker.
Tony Robbins- 토니 라빈스 '행동의 이유' - TED Talk.mp4	00:10:59	But, while we go for
Tony Robbins- 토니 라빈스 '행동의 이유' - TED Talk.mp4	00:11:00	certainty differently, if we get total certainty,
Tony Robbins- 토니 라빈스 '행동의 이유' - TED Talk.mp4	00:11:02	we get what? What do you feel if you're certain?
Tony Robbins- 토니 라빈스 '행동의 이유' - TED Talk.mp4	00:11:03	You know, what's gonna happen? When it's gonna happen? How it's gonna happen?
Tony Robbins- 토니 라빈스 '행동의 이유' - TED Talk.mp4	00:11:05	What would you feel? Bored out of your mind.
Tony Robbins- 토니 라빈스 '행동의 이유' - TED Talk.mp4	00:11:07	So God, in her infinite wisdom,
Tony Robbins- 토니 라빈스 '행동의 이유' - TED Talk.mp4	00:11:10	gave us a second human need
Tony Robbins- 토니 라빈스 '행동의 이유' - TED Talk.mp4	00:11:12	which is uncertainty.
Tony Robbins- 토니 라빈스 '행동의 이유' - TED Talk.mp4	00:11:13	We need variety. We need surprise.
Tony Robbins- 토니 라빈스 '행동의 이유' - TED Talk.mp4	00:11:16	How many of you here love surprises? Say aye.
Tony Robbins- 토니 라빈스 '행동의 이유' - TED Talk.mp4	00:11:18	Aye. Bullshit. You like the surprises
Tony Robbins- 토니 라빈스 '행동의 이유' - TED Talk.mp4	00:11:20	you want.
Tony Robbins- 토니 라빈스 '행동의 이유' - TED Talk.mp4	00:11:22	The ones you don't want you call problems,
Tony Robbins- 토니 라빈스 '행동의 이유' - TED Talk.mp4	00:11:24	but you need them.
Tony Robbins- 토니 라빈스 '행동의 이유' - TED Talk.mp4	00:11:26	So, variety's important. Have you ever rented a
Tony Robbins- 토니 라빈스 '행동의 이유' - TED Talk.mp4	00:11:28	video or a film that you've already seen?
Tony Robbins- 토니 라빈스 '행동의 이유' - TED Talk.mp4	00:11:30	Who's done this? Get a fucking
Tony Robbins- 토니 라빈스 '행동의 이유' - TED Talk.mp4	00:11:32	life.
Tony Robbins- 토니 라빈스 '행동의 이유' - TED Talk.mp4	00:11:34	Right? Why are you doing it?
Tony Robbins- 토니 라빈스 '행동의 이유' - TED Talk.mp4	00:11:36	You're certain it's good because you read it before, saw it
Tony Robbins- 토니 라빈스 '행동의 이유' - TED Talk.mp4	00:11:38	before, but you're hoping it's been long enough you forgot
Tony Robbins- 토니 라빈스 '행동의 이유' - TED Talk.mp4	00:11:40	enough there's variety. Third human need.
Tony Robbins- 토니 라빈스 '행동의 이유' - TED Talk.mp4	00:11:42	Critical. Significance.
Tony Robbins- 토니 라빈스 '행동의 이유' - TED Talk.mp4	00:11:43	We all need to feel important, special,
Tony Robbins- 토니 라빈스 '행동의 이유' - TED Talk.mp4	00:11:46	unique. You can get it by making more money.
Tony Robbins- 토니 라빈스 '행동의 이유' - TED Talk.mp4	00:11:48	You can do it by being more spiritual. You can do it by
Tony Robbins- 토니 라빈스 '행동의 이유' - TED Talk.mp4	00:11:50	getting yourself in a situation where you
Tony Robbins- 토니 라빈스 '행동의 이유' - TED Talk.mp4	00:11:52	put more tattoos and earrings in places
Tony Robbins- 토니 라빈스 '행동의 이유' - TED Talk.mp4	00:11:53	humans don't want to know. Whatever it
Tony Robbins- 토니 라빈스 '행동의 이유' - TED Talk.mp4	00:11:56	takes. The fastest way
Tony Robbins- 토니 라빈스 '행동의 이유' - TED Talk.mp4	00:11:57	to do this if you have no background, no culture,
Tony Robbins- 토니 라빈스 '행동의 이유' - TED Talk.mp4	00:11:59	no belief in resources or resourcefulness is violence.
Tony Robbins- 토니 라빈스 '행동의 이유' - TED Talk.mp4	00:12:02	If I put a gun to your head
Tony Robbins- 토니 라빈스 '행동의 이유' - TED Talk.mp4	00:12:04	and I live in the hood, instantly I'm significant.
Tony Robbins- 토니 라빈스 '행동의 이유' - TED Talk.mp4	00:12:06	Zero to ten, how high? Ten.
Tony Robbins- 토니 라빈스 '행동의 이유' - TED Talk.mp4	00:12:08	How certain am I you're going to respond to me?
Tony Robbins- 토니 라빈스 '행동의 이유' - TED Talk.mp4	00:12:10	Ten. How much uncertainty?
Tony Robbins- 토니 라빈스 '행동의 이유' - TED Talk.mp4	00:12:12	Who knows what's going to happen next? Kind of exciting.
17Min.mp4	00:06:17	
17Min.mp4	00:06:17	The Jupiter system only gets about 4% of the sunlight we get here on Earth.
17Min.mp4	00:06:22	So Europa's surface is constantly below negative 160 degrees Celsius, so you'd expect the
17Min.mp4	00:06:29	whole ocean to be frozen solid.
17Min.mp4	00:06:31	But there's a way to generate heat that doesn't rely on the Sun.
17Min.mp4	00:06:36	And I've got a little demo here to prove it.
17Min.mp4	00:06:41	Europa's orbit around Jupiter isn't a perfect circle.
17Min.mp4	00:06:43	This is because Io, Europa, and Ganymede are all in orbit.
17Min.mp4	00:06:47	Each time Ganymede completes one orbit, Europa completes two, and Io four.
17Min.mp4	00:06:53	Because of that, Io tugs Europa inward on one side of the orbit, while Ganymede pulls
17Min.mp4	00:06:59	it out on the other, making its orbit more eccentric.
17Min.mp4	00:07:03	Now Jupiter's pull is stronger on the closer side of the orbit than on the farther side.
17Min.mp4	00:07:08	So Europa is constantly being stretched and squeezed, stretched and squeezed.
17Min.mp4	00:07:15	And you can see how this rock is moving.
17Min.mp4	00:07:17	
17Min.mp4	00:07:17	
17Min.mp4	00:07:17	The rubber ball gets warmer as I squeeze it.
17Min.mp4	00:07:22	Scientists believe that the friction caused by the tidal flexing of the entire moon can
17Min.mp4	00:07:27	generate enough heat to keep the ocean liquid.
17Min.mp4	00:07:30	This effect gets stronger the closer you get to Jupiter, which is why Io is so volcanically
17Min.mp4	00:07:36	active.
17Min.mp4	00:07:37	So you can see, this ball is significantly hotter now.
17Min.mp4	00:07:41	I held onto this ball at the same time to make sure it wasn't just the heat coming in
17Min.mp4	00:07:45	from my hand.
17Min.mp4	00:07:46	What sort of...
17Min.mp4	00:07:47	What sort of temperature of the ocean are we thinking?
17Min.mp4	00:07:49	So it depends on how salty it is.
17Min.mp4	00:07:52	So melting temperature of ice, or maybe depressed by 10 degrees Celsius below that if it's a
17Min.mp4	00:08:00	very salty ocean.
17Min.mp4	00:08:02	Similar to cold oceans on Earth.
17Min.mp4	00:08:06	And how would the flexing differ if there's this big liquid ocean versus if there's no
17Min.mp4	00:08:11	ocean there?
17Min.mp4	00:08:12	If there's no ocean, Europa should flex by only about one meter in amplitude.
17Min.mp4	00:08:17	But if there's an ocean in there, then it flexes with an amplitude of 30 meters.
17Min.mp4	00:08:22	So that's an enormous deflection, and that will come out pretty clearly in the gravity
17Min.mp4	00:08:27	data.
17Min.mp4	00:08:27	Another argument for how thick the ice shell is, we see these very strange features on
17Min.mp4	00:08:33	the surface that are arcuate in shape, but like multiple arcs put together.
17Min.mp4	00:08:37	We call them cycloids, and not something you'd expect to see on an icy moon.
17Min.mp4	00:08:42	And we think they form if a crack propagates at just the right speed.
17Min.mp4	00:08:47	About the speed someone would walk.
17Min.mp4	00:08:49	And is following the changing stress field of Europa being squeezed as it orbits around
17Min.mp4	00:08:54	Jupiter.
17Min.mp4	00:08:55	And if there were no ocean down there, there wouldn't be enough of an amplitude of that
17Min.mp4	00:09:00	motion to explain the cracking.
Tony Robbins- 토니 라빈스 '행동의 이유' - TED Talk.mp4	00:12:14	Like climbing up into a cave and doing that
Tony Robbins- 토니 라빈스 '행동의 이유' - TED Talk.mp4	00:12:16	stuff all the way down there. Total variety and uncertainty.
Tony Robbins- 토니 라빈스 '행동의 이유' - TED Talk.mp4	00:12:18	And it's significant, isn't it?
Tony Robbins- 토니 라빈스 '행동의 이유' - TED Talk.mp4	00:12:20	So you're willing to risk your life for it.
Tony Robbins- 토니 라빈스 '행동의 이유' - TED Talk.mp4	00:12:22	So that's why violence has always been around, will be
Tony Robbins- 토니 라빈스 '행동의 이유' - TED Talk.mp4	00:12:24	around, unless we have a consciousness change
Tony Robbins- 토니 라빈스 '행동의 이유' - TED Talk.mp4	00:12:25	as a species. Now you can get significance
17Min.mp4	00:09:02	But if there is an ocean, then it could explain the cracking.
17Min.mp4	00:09:06	All that tidal flexing pushes magma in the outer core up, closer to the seafloor.
Tony Robbins- 토니 라빈스 '행동의 이유' - TED Talk.mp4	00:12:28	a million ways, but to be significant you've got to be unique
Tony Robbins- 토니 라빈스 '행동의 이유' - TED Talk.mp4	00:12:30	and different. Here's what we really need.
Tony Robbins- 토니 라빈스 '행동의 이유' - TED Talk.mp4	00:12:32	Connection and love. Fourth need.
17Min.mp4	00:09:12	Water flowing through the crust above it is heated, and it picks up minerals from the
17Min.mp4	00:09:17	ground, ejecting them into the ocean.
17Min.mp4	00:09:19	This creates hydrothermal vents.
17Min.mp4	00:09:22	And where we find these on Earth, we also find life.
17Min.mp4	00:09:27	Thousands of meters below the surface, with no sunlight, these vents are oases for ocean
17Min.mp4	00:09:33	life.
17Min.mp4	00:09:34	The life forms down here rely on unique bacteria.
17Min.mp4	00:09:37	Bacteria that feed on the minerals from the vents, rather than from the energy provided
17Min.mp4	00:09:42	by the sun.
17Min.mp4	00:09:44	How long are we thinking that Europa is?
17Min.mp4	00:09:47	It could be 4 billion years.
17Min.mp4	00:09:50	We don't know for sure.
17Min.mp4	00:09:51	That amount of time could give life the opportunity to evolve in those oceans.
17Min.mp4	00:09:56	Right.
17Min.mp4	00:09:56	Exactly right.
17Min.mp4	00:09:57	Organisms can use methane, carbon dioxide, sulfur reactions.
17Min.mp4	00:10:03	Any chemical reaction you can think of that might happen in the ocean can potentially
17Min.mp4	00:10:07	be used as a fuel for that organism's metabolism.
17Min.mp4	00:10:12	So we're not talking about searching for fishes or whales or squids or something.
17Min.mp4	00:10:16	We're talking about looking for single-celled organisms.
17Min.mp4	00:10:21	We were so concerned there might be life on Europa that when the Galileo mission was ending
17Min.mp4	00:10:26	in 2003, it was deliberately crashed into Jupiter to avoid the risk of contaminating
17Min.mp4	00:10:31	Europa.
17Min.mp4	00:10:32	But Clipper will not be able to drill through the kilometers thick ice crust.
17Min.mp4	00:10:37	So how are we going to find evidence for life beneath that thick surface?
17Min.mp4	00:10:43	This is the Snotbot.
17Min.mp4	00:10:45	It's a drone with petri-salt.
17Min.mp4	00:10:46	It has petri dishes glued to the top, and it flies right through whale blows to collect
17Min.mp4	00:10:51	whale snot right here on Earth.
17Min.mp4	00:10:53	And zoologists can use the Snotbot to retrieve all sorts of info on a whale's biology.
17Min.mp4	00:11:00	And it turns out we can do something very similar for celestial bodies too.
17Min.mp4	00:11:04	We've actually captured images of water geysers shooting out of Enceladus, a moon of Saturn,
17Min.mp4	00:11:10	housing a subsurface ocean.
17Min.mp4	00:11:12	And the Hubble Space Telescope has picked up some evidence of what could be similar
17Min.mp4	00:11:16	geyser eruptions on Europa.
17Min.mp4	00:11:18	And the hope is that Clipper could fly through one of these plumes like the Snotbot and reveal
17Min.mp4	00:11:23	their chemical composition using a mass spectrometer.
17Min.mp4	00:11:28	But evidence for an ocean on Europa isn't conclusive.
17Min.mp4	00:11:32	Enceladus seems like a stronger candidate.
17Min.mp4	00:11:34	We have actual images of its plumes, and we've even flown through them.
17Min.mp4	00:11:38	We are almost 100% certain there's a subsurface ocean there.
17Min.mp4	00:11:43	If we have these plumes on Enceladus and there's clippings, then we're pretty sure that's
17Min.mp4	00:11:46	
17Min.mp4	00:11:46	clearly maybe a liquid ocean there.
17Min.mp4	00:11:48	Why does Europa have your attention more than Enceladus?
17Min.mp4	00:11:52	Is there something that draws you?
17Min.mp4	00:11:54	We don't know how long it takes life to get going, but it's possible that Enceladus
17Min.mp4	00:12:00	may have just kind of started up its engines, whereas Europa has more likely been well evolved
17Min.mp4	00:12:09	over a long time.
17Min.mp4	00:12:12	Surprisingly, being bombarded by Jupiter's radiation actually makes Europa's energy
17Min.mp4	00:12:16	a better candidate.
17Min.mp4	00:12:18	See, those high-speed particles hitting Europa's surface give water and carbon dioxide molecules
17Min.mp4	00:12:23	enough energy to form new compounds like formaldehyde or hydrogen peroxide.
17Min.mp4	00:12:28	And these can serve as food for life beneath the surface, if they can get down that far.
17Min.mp4	00:12:34	And we have evidence of overturn of the icy shell at chaos zones where the icy crust seems
17Min.mp4	00:12:41	to have collided and material has been shoved into the icy shell.
17Min.mp4	00:12:45	So there may be ways to get that.
17Min.mp4	00:12:46	There are ways for this fuel for life to get down into the icy shell and potentially
17Min.mp4	00:12:51	to the ocean.
17Min.mp4	00:12:53	And Clipper doesn't have to touch down on the surface to confirm this.
17Min.mp4	00:12:58	There's an infrared spectrometer to look at the chemical fingerprints of light bounced
17Min.mp4	00:13:03	off the surface to help identify and map out where the salts are, find if there are organics
17Min.mp4	00:13:09	there.
17Min.mp4	00:13:10	There's an ultraviolet spectrograph that's aboard the spacecraft to look for plumes.
17Min.mp4	00:13:15	Are they there?
17Min.mp4	00:13:16	And of course, then can we fly through them?
Tony Robbins- 토니 라빈스 '행동의 이유' - TED Talk.mp4	00:12:34	We all want it. Most people settle for
17Min.mp4	00:13:18	And then there'll be imaging of essentially the whole globe at better than 100 meters
17Min.mp4	00:13:24	per pixel resolution.
17Min.mp4	00:13:26	So one camera will take swaths of images as we fly over the surface, and that's called
17Min.mp4	00:13:32	the wide angle camera.
17Min.mp4	00:13:33	And then the other camera is the narrow angle camera.
17Min.mp4	00:13:35	From 50 kilometers altitude, it will get half meter per pixel images, right?
17Min.mp4	00:13:41	So it'll be able to resolve my desk here if it were on Europa.
17Min.mp4	00:13:45	And then it would be a future mission like a lander that would go and actually search
17Min.mp4	00:13:50	for signs of life at Europa.
17Min.mp4	00:13:51	Do you think a lander would have a chance of survival?
17Min.mp4	00:13:54	There have been studies that say we can get a lander living on the surface for a month
17Min.mp4	00:13:59	if we think that's sufficient to go in there, scoop some stuff up from below the depth of
17Min.mp4	00:14:05	radiation processing and put it into a mass spectrometer and see what we see.
17Min.mp4	00:14:10	But the Europa Clipper won't be studying Jupiter's moons alone.
17Min.mp4	00:14:14	The European Space Agency's ESA has already published a report that says that the ESA's
17Min.mp4	00:14:15	
17Min.mp4	00:14:15	JUICE mission, or the Jupiter Icy Moons Explorer, is already on its way to Jupiter.
17Min.mp4	00:14:20	It will come to the system just 15 months after Clipper, and it'll even be doing a
17Min.mp4	00:14:25	few flybys of Europa before settling into a tight orbit around Ganymede.
17Min.mp4	00:14:30	So the European Space Agency will also have a mission there at the same time?
17Min.mp4	00:14:35	Yes.
17Min.mp4	00:14:36	We're having informal conversations with members of the JUICE science team.
17Min.mp4	00:14:41	What would it mean to have two spacecraft there at the same time?
17Min.mp4	00:14:45	Well, the JUICE mission will end up in orbit around Ganymede, and Ganymede has its own magnetosphere.
17Min.mp4	00:14:51	Well, we'll be outside Ganymede's magnetosphere, so we might say, oh, look, there's this big
17Min.mp4	00:14:56	burst coming from Jupiter.
17Min.mp4	00:14:58	And then JUICE might say, oh, we felt that over here in our magnetic signals.
17Min.mp4	00:15:03	So we wouldn't have to really do anything different except talk to each other and make
17Min.mp4	00:15:08	sure that the sum of the whole is even bigger than its parts.
17Min.mp4	00:15:13	Europa Clipper was scheduled to launch on a
17Min.mp4	00:15:15	October 10th, 2024, but NASA is waiting for Hurricane Milton to clear Florida before the
17Min.mp4	00:15:20	spacecraft can take off safely.
17Min.mp4	00:15:22	When will we get the first results?
17Min.mp4	00:15:25	You'll start seeing distant observations coming in in 2030 as we look at Europa from afar
17Min.mp4	00:15:32	and search for plumes.
17Min.mp4	00:15:34	And then you'll see the first really high resolution data in 2031.
17Min.mp4	00:15:39	So after, say, 26 years of thinking about a mission to Europa, how does it feel to be
17Min.mp4	00:15:45	so close to launch?
17Min.mp4	00:15:47	It's a little surreal, I must say.
17Min.mp4	00:15:49	This has been such a long time coming.
Tony Robbins- 토니 라빈스 '행동의 이유' - TED Talk.mp4	00:12:36	connection because love's too scary.
Tony Robbins- 토니 라빈스 '행동의 이유' - TED Talk.mp4	00:12:38	Don't want to get hurt. Who here has ever been hurt in an
Tony Robbins- 토니 라빈스 '행동의 이유' - TED Talk.mp4	00:12:40	intimate relationship? Say aye.
Tony Robbins- 토니 라빈스 '행동의 이유' - TED Talk.mp4	00:12:42	If you don't raise your hand, you'll have had other shit
Tony Robbins- 토니 라빈스 '행동의 이유' - TED Talk.mp4	00:12:44	too. Come on.
Tony Robbins- 토니 라빈스 '행동의 이유' - TED Talk.mp4	00:12:45	And you're going to get hurt again. Aren't you glad you came to this positive
Tony Robbins- 토니 라빈스 '행동의 이유' - TED Talk.mp4	00:12:48	visit? But here's what's
Tony Robbins- 토니 라빈스 '행동의 이유' - TED Talk.mp4	00:12:50	true. We need it. We can do it
Tony Robbins- 토니 라빈스 '행동의 이유' - TED Talk.mp4	00:12:52	through intimacy, through friendship, through
Tony Robbins- 토니 라빈스 '행동의 이유' - TED Talk.mp4	00:12:54	prayer, through walking in nature.
Tony Robbins- 토니 라빈스 '행동의 이유' - TED Talk.mp4	00:12:56	If nothing else works for you, get a dog. Don't get
Tony Robbins- 토니 라빈스 '행동의 이유' - TED Talk.mp4	00:12:58	a cat, get a dog. Because if you leave for two minutes, it's like
17Min.mp4	00:15:53	It's occasionally hitting me that our spacecraft is going to be up there in the heavens, right,
17Min.mp4	00:15:59	on its way.
17Min.mp4	00:16:01	It turns out that during a Europa Ocean Conference in the late 90s, NASA actually video called
17Min.mp4	00:16:06	Arthur C. Clarke, and after showing him plans for a future mission to explore the faraway
17Min.mp4	00:16:11	ocean world, Clarke finally gave NASA permission to land.
17Min.mp4	00:16:15	And on Europa.
17Min.mp4	00:16:22	Europa Clipper is a perfect example of the amazing things we can do when we set ourselves
17Min.mp4	00:16:27	ambitious goals and then work together with others to achieve them.
17Min.mp4	00:16:31	But I think we often get wrapped up in our everyday lives and forget just how much of
17Min.mp4	00:16:35	an impact we can make on the world.
17Min.mp4	00:16:37	That's true on a society-wide level like these big international space missions, but
17Min.mp4	00:16:41	I also think it's true at an individual level.
17Min.mp4	00:16:43	You, yourself, can probably accomplish much more than you think when it comes to making
17Min.mp4	00:16:48	the world a better place.
17Min.mp4	00:16:49	And today's sponsor, 80,000 Hours, wants to help you do just that.
17Min.mp4	00:16:53	They are not selling anything.
17Min.mp4	00:16:55	80,000 Hours is a nonprofit that can help you work out a plan for achieving a big, positive
17Min.mp4	00:17:01	impact on the world and then executing on it.
17Min.mp4	00:17:03	Career advice typically aims to help you find a job that suits your preferences.
17Min.mp4	00:17:07	But what if you really care about helping the world?
17Min.mp4	00:17:10	Well, sure, they can tell you to be a doctor or a teacher.
17Min.mp4	00:17:13	But these aren't your only options, which is why 80,000 Hours have done over 10 years
Johan Sverdrup – System 18 – Havbunnsbrønner og.mp4	00:00:04	Hvordan kan jeg få en bedre systemforståelse?
Johan Sverdrup – System 18 – Havbunnsbrønner og.mp4	00:00:05	Velkommen til denne introduksjonen som skal gi deg en bedre systemforståelse.
Johan Sverdrup – System 18 – Havbunnsbrønner og.mp4	00:00:10	Faremålet med denne gjennomgangen er at du
Johan Sverdrup – System 18 – Havbunnsbrønner og.mp4	00:00:13	Forstår hensikten med systemet
Johan Sverdrup – System 18 – Havbunnsbrønner og.mp4	00:00:16	Kjenner hovedutstyret og hvor det er plassert
Johan Sverdrup – System 18 – Havbunnsbrønner og.mp4	00:00:21	Forstår reguleringen og beskyttelsesfunksjonene
Johan Sverdrup – System 18 – Havbunnsbrønner og.mp4	00:00:24	Kjenner til spesielle driftsforhold, aktuelle hjelpesystemer
Johan Sverdrup – System 18 – Havbunnsbrønner og.mp4	00:00:28	Og hvilke kjemikalier som indiseres
Johan Sverdrup – System 18 – Havbunnsbrønner og.mp4	00:00:31	Og at du vet hvilke analyser og prøvetakinger som gjøres i systemet
Johan Sverdrup – System 18 – Havbunnsbrønner og.mp4	00:00:38	Du kan lese mer om systemet i systembeskrivelsen
Johan Sverdrup – System 18 – Havbunnsbrønner og.mp4	00:00:43	Trykk på «Neste» for å få en kort systemintroduksjon
Johan Sverdrup – System 18 – Havbunnsbrønner og.mp4	00:00:51	Her ser du Sabsi- og brønnrammesystemet på Johan Sverdrup
Tony Robbins- 토니 라빈스 '행동의 이유' - TED Talk.mp4	00:13:00	you've been gone for six months when you show back up again
Tony Robbins- 토니 라빈스 '행동의 이유' - TED Talk.mp4	00:13:01	five minutes later, right?
Tony Robbins- 토니 라빈스 '행동의 이유' - TED Talk.mp4	00:13:03	Now these first four needs, every human finds a way to meet.
Tony Robbins- 토니 라빈스 '행동의 이유' - TED Talk.mp4	00:13:06	Even if you lie to yourself, you need to
Tony Robbins- 토니 라빈스 '행동의 이유' - TED Talk.mp4	00:13:08	have split personalities. But
Tony Robbins- 토니 라빈스 '행동의 이유' - TED Talk.mp4	00:13:10	the last two needs, the first four
Tony Robbins- 토니 라빈스 '행동의 이유' - TED Talk.mp4	00:13:12	needs are called the needs of the personality, is what
Tony Robbins- 토니 라빈스 '행동의 이유' - TED Talk.mp4	00:13:14	I call it. The last two are the
Tony Robbins- 토니 라빈스 '행동의 이유' - TED Talk.mp4	00:13:16	needs of the spirit. And this is
Tony Robbins- 토니 라빈스 '행동의 이유' - TED Talk.mp4	00:13:18	where fulfillment comes. You won't get fulfillment from the
Tony Robbins- 토니 라빈스 '행동의 이유' - TED Talk.mp4	00:13:20	first four. You'll figure a way, smoke, drink, do whatever,
Tony Robbins- 토니 라빈스 '행동의 이유' - TED Talk.mp4	00:13:22	meet the first four. But the last two, number
Tony Robbins- 토니 라빈스 '행동의 이유' - TED Talk.mp4	00:13:24	five, you must grow.
Tony Robbins- 토니 라빈스 '행동의 이유' - TED Talk.mp4	00:13:25	We all know the answer here. If you don't grow, you what?
Tony Robbins- 토니 라빈스 '행동의 이유' - TED Talk.mp4	00:13:28	If a relationship's not growing, if a
Tony Robbins- 토니 라빈스 '행동의 이유' - TED Talk.mp4	00:13:30	business is not growing, if you're not growing, it doesn't matter how much
Tony Robbins- 토니 라빈스 '행동의 이유' - TED Talk.mp4	00:13:32	money you have, how many friends you have, how many people
Tony Robbins- 토니 라빈스 '행동의 이유' - TED Talk.mp4	00:13:34	love you, you feel like hell.
Tony Robbins- 토니 라빈스 '행동의 이유' - TED Talk.mp4	00:13:35	And the reason we grow, I believe,
Tony Robbins- 토니 라빈스 '행동의 이유' - TED Talk.mp4	00:13:37	is so we have something to give of value.
Tony Robbins- 토니 라빈스 '행동의 이유' - TED Talk.mp4	00:13:40	Because the sixth need is to contribute beyond
Tony Robbins- 토니 라빈스 '행동의 이유' - TED Talk.mp4	00:13:42	ourselves. Because we all
Tony Robbins- 토니 라빈스 '행동의 이유' - TED Talk.mp4	00:13:43	know, corny as it sounds, the secret to living
Tony Robbins- 토니 라빈스 '행동의 이유' - TED Talk.mp4	00:13:46	is giving. We all know life's not
Tony Robbins- 토니 라빈스 '행동의 이유' - TED Talk.mp4	00:13:47	about me, it's about we. This culture knows that.
Tony Robbins- 토니 라빈스 '행동의 이유' - TED Talk.mp4	00:13:50	This room knows that. And it's exciting.
Tony Robbins- 토니 라빈스 '행동의 이유' - TED Talk.mp4	00:13:51	When you see Nicholas up here talking about his
Tony Robbins- 토니 라빈스 '행동의 이유' - TED Talk.mp4	00:13:53	hundred dollar computer, the most passionate, exciting thing is
Tony Robbins- 토니 라빈스 '행동의 이유' - TED Talk.mp4	00:13:56	here's a genius, but he's got a
Tony Robbins- 토니 라빈스 '행동의 이유' - TED Talk.mp4	00:13:57	calling now. You can feel the
Tony Robbins- 토니 라빈스 '행동의 이유' - TED Talk.mp4	00:13:59	difference in him. And it's beautiful.
Tony Robbins- 토니 라빈스 '행동의 이유' - TED Talk.mp4	00:14:01	And that calling can touch other people.
Tony Robbins- 토니 라빈스 '행동의 이유' - TED Talk.mp4	00:14:03	In my own life, my life was touched because when I was
Tony Robbins- 토니 라빈스 '행동의 이유' - TED Talk.mp4	00:14:06	11 years old, Thanksgiving, no money,
Tony Robbins- 토니 라빈스 '행동의 이유' - TED Talk.mp4	00:14:08	no food, and we're not gonna starve,
Tony Robbins- 토니 라빈스 '행동의 이유' - TED Talk.mp4	00:14:10	but my father was totally messed up. My mom
Tony Robbins- 토니 라빈스 '행동의 이유' - TED Talk.mp4	00:14:12	was letting him know how bad he messed up.
Tony Robbins- 토니 라빈스 '행동의 이유' - TED Talk.mp4	00:14:14	And somebody came to the door and delivered food.
Tony Robbins- 토니 라빈스 '행동의 이유' - TED Talk.mp4	00:14:16	My father made three decisions.
Tony Robbins- 토니 라빈스 '행동의 이유' - TED Talk.mp4	00:14:18	I know what they were briefly. His focus
Tony Robbins- 토니 라빈스 '행동의 이유' - TED Talk.mp4	00:14:20	was, this is charity. What does it
Tony Robbins- 토니 라빈스 '행동의 이유' - TED Talk.mp4	00:14:22	mean? I'm worthless. What do I gotta do?
Tony Robbins- 토니 라빈스 '행동의 이유' - TED Talk.mp4	00:14:24	Leave my family, which he did.
Tony Robbins- 토니 라빈스 '행동의 이유' - TED Talk.mp4	00:14:26	At the time, one of the most painful experiences of life.
Tony Robbins- 토니 라빈스 '행동의 이유' - TED Talk.mp4	00:14:28	My three decisions gave me
Tony Robbins- 토니 라빈스 '행동의 이유' - TED Talk.mp4	00:14:30	a different path. I said, focus
Tony Robbins- 토니 라빈스 '행동의 이유' - TED Talk.mp4	00:14:31	on, there's food, what a concept.
Tony Robbins- 토니 라빈스 '행동의 이유' - TED Talk.mp4	00:14:34	You know? Second,
Tony Robbins- 토니 라빈스 '행동의 이유' - TED Talk.mp4	00:14:36	but this is what changed my life. This is what shaped me as a human
Tony Robbins- 토니 라빈스 '행동의 이유' - TED Talk.mp4	00:14:38	being. Somebody's gift. I don't even know
Tony Robbins- 토니 라빈스 '행동의 이유' - TED Talk.mp4	00:14:40	who it is. I thought, my father
Tony Robbins- 토니 라빈스 '행동의 이유' - TED Talk.mp4	00:14:42	always said, no one gives a shit.
Tony Robbins- 토니 라빈스 '행동의 이유' - TED Talk.mp4	00:14:44	And all of a sudden, somebody I don't know, they're not
Tony Robbins- 토니 라빈스 '행동의 이유' - TED Talk.mp4	00:14:46	asking for it, this is giving our family food, looking out
17Min.mp4	00:17:18	of research into how to find a career that does a lot of good and also feels satisfying.
17Min.mp4	00:17:23	They have everything from an in-depth career guide to a podcast on the world's most pressing
17Min.mp4	00:17:28	problems and how we can solve them.
17Min.mp4	00:17:30	They even have a curated job board with hundreds of high-impact career opportunities.
17Min.mp4	00:17:35	And everything they provide is free forever.
17Min.mp4	00:17:37	So if you want to make a difference with the 80,000 hours you have to shape your career,
17Min.mp4	00:17:42	then sign up now at 80,000Hours.com.
17Min.mp4	00:17:45	There's a link in the description or you can scan this QR code.
17Min.mp4	00:17:49	So I want to thank 80,000 Hours for sponsoring this video and I want to thank you for watching.
Dan Dennett- Let's teach religion -- all religion -- in schools - TED Talk.mp4	00:00:00	Tanya Cushman Reviewer's Name Reviewer's Name
Dan Dennett- Let's teach religion -- all religion -- in schools - TED Talk.mp4	00:00:05	It's wonderful to be back.
Dan Dennett- Let's teach religion -- all religion -- in schools - TED Talk.mp4	00:00:07	I love this wonderful gathering,
Dan Dennett- Let's teach religion -- all religion -- in schools - TED Talk.mp4	00:00:10	and you must be wondering, what on earth?
Dan Dennett- Let's teach religion -- all religion -- in schools - TED Talk.mp4	00:00:12	Have they put up the wrong slide? No, no.
Dan Dennett- Let's teach religion -- all religion -- in schools - TED Talk.mp4	00:00:16	Look at this magnificent beast
Dan Dennett- Let's teach religion -- all religion -- in schools - TED Talk.mp4	00:00:20	and ask the question,
Dan Dennett- Let's teach religion -- all religion -- in schools - TED Talk.mp4	00:00:23	who designed it?
Dan Dennett- Let's teach religion -- all religion -- in schools - TED Talk.mp4	00:00:26	This is Ted, this is technology entertainment design,
Dan Dennett- Let's teach religion -- all religion -- in schools - TED Talk.mp4	00:00:30	and there's a dairy cow.
Dan Dennett- Let's teach religion -- all religion -- in schools - TED Talk.mp4	00:00:32	It's a quite wonderfully designed animal.
Dan Dennett- Let's teach religion -- all religion -- in schools - TED Talk.mp4	00:00:36	And I was thinking, how do I introduce this?
Dan Dennett- Let's teach religion -- all religion -- in schools - TED Talk.mp4	00:00:38	And I thought, well, maybe that old doggerel by Joyce Kilmer,
Dan Dennett- Let's teach religion -- all religion -- in schools - TED Talk.mp4	00:00:43	you know, poems are made by fools like me,
Tony Robbins- 토니 라빈스 '행동의 이유' - TED Talk.mp4	00:14:48	for us. It made me believe this.
Tony Robbins- 토니 라빈스 '행동의 이유' - TED Talk.mp4	00:14:50	What does it mean? That strangers care.
Tony Robbins- 토니 라빈스 '행동의 이유' - TED Talk.mp4	00:14:52	And what that made me decide
Tony Robbins- 토니 라빈스 '행동의 이유' - TED Talk.mp4	00:14:54	is that strangers care about me and my family. I care
Tony Robbins- 토니 라빈스 '행동의 이유' - TED Talk.mp4	00:14:55	about them. What am I gonna do? I'm gonna do something
Tony Robbins- 토니 라빈스 '행동의 이유' - TED Talk.mp4	00:14:58	to make a difference. So when I was 17,
Tony Robbins- 토니 라빈스 '행동의 이유' - TED Talk.mp4	00:15:00	I went out one day on Thanksgiving. It was my target
Tony Robbins- 토니 라빈스 '행동의 이유' - TED Talk.mp4	00:15:02	for years. Have enough money, feed two families.
Tony Robbins- 토니 라빈스 '행동의 이유' - TED Talk.mp4	00:15:04	Most fun thing I ever did in my life. Most moving.
Tony Robbins- 토니 라빈스 '행동의 이유' - TED Talk.mp4	00:15:06	Then next year, I did four. And I didn't
Tony Robbins- 토니 라빈스 '행동의 이유' - TED Talk.mp4	00:15:08	tell anybody what I was doing. Next year, eight.
Tony Robbins- 토니 라빈스 '행동의 이유' - TED Talk.mp4	00:15:09	I wasn't doing it for brownie points, but after eight,
Tony Robbins- 토니 라빈스 '행동의 이유' - TED Talk.mp4	00:15:12	I thought, shit, I could use some help.
Tony Robbins- 토니 라빈스 '행동의 이유' - TED Talk.mp4	00:15:14	So sure enough, I went out,
Tony Robbins- 토니 라빈스 '행동의 이유' - TED Talk.mp4	00:15:16	and what did I do? I got my friends involved, and I grew
Tony Robbins- 토니 라빈스 '행동의 이유' - TED Talk.mp4	00:15:18	companies, and I got 11 companies, and I built a family.
Tony Robbins- 토니 라빈스 '행동의 이유' - TED Talk.mp4	00:15:20	I built a foundation. Now, 18 years later,
Tony Robbins- 토니 라빈스 '행동의 이유' - TED Talk.mp4	00:15:22	I'm proud to tell you, last year, we fed 2 million
Tony Robbins- 토니 라빈스 '행동의 이유' - TED Talk.mp4	00:15:23	people in 35 countries through our foundation.
Tony Robbins- 토니 라빈스 '행동의 이유' - TED Talk.mp4	00:15:26	All during the holidays. Thanksgiving, Christmas,
Tony Robbins- 토니 라빈스 '행동의 이유' - TED Talk.mp4	00:15:28	and all the different countries around the world. It's been fantastic.
Tony Robbins- 토니 라빈스 '행동의 이유' - TED Talk.mp4	00:15:31	Thank you.
Tony Robbins- 토니 라빈스 '행동의 이유' - TED Talk.mp4	00:15:32	So I don't tell you
Tony Robbins- 토니 라빈스 '행동의 이유' - TED Talk.mp4	00:15:34	to brag. I tell you because I'm proud of
Tony Robbins- 토니 라빈스 '행동의 이유' - TED Talk.mp4	00:15:36	human beings because they get excited
Tony Robbins- 토니 라빈스 '행동의 이유' - TED Talk.mp4	00:15:38	to contribute once they've had the chance to
Tony Robbins- 토니 라빈스 '행동의 이유' - TED Talk.mp4	00:15:39	experience it and not talk about it.
Tony Robbins- 토니 라빈스 '행동의 이유' - TED Talk.mp4	00:15:42	So finally, now I'm about out of time,
Tony Robbins- 토니 라빈스 '행동의 이유' - TED Talk.mp4	00:15:44	the target that
Tony Robbins- 토니 라빈스 '행동의 이유' - TED Talk.mp4	00:15:45	shapes you, here's what's different about
Tony Robbins- 토니 라빈스 '행동의 이유' - TED Talk.mp4	00:15:48	people. We have the same needs, but are you
Tony Robbins- 토니 라빈스 '행동의 이유' - TED Talk.mp4	00:15:50	a certainty freak? Is that what you value most?
Tony Robbins- 토니 라빈스 '행동의 이유' - TED Talk.mp4	00:15:51	Or uncertainty?
Tony Robbins- 토니 라빈스 '행동의 이유' - TED Talk.mp4	00:15:53	This man here couldn't be a certainty freak if he climbed
Tony Robbins- 토니 라빈스 '행동의 이유' - TED Talk.mp4	00:15:55	through those caves. Are you driven by
Tony Robbins- 토니 라빈스 '행동의 이유' - TED Talk.mp4	00:15:57	significance or love? We all need all six,
Tony Robbins- 토니 라빈스 '행동의 이유' - TED Talk.mp4	00:16:00	but whatever your lead system is tilts you
Tony Robbins- 토니 라빈스 '행동의 이유' - TED Talk.mp4	00:16:02	in a different direction. And as you move in a direction,
Tony Robbins- 토니 라빈스 '행동의 이유' - TED Talk.mp4	00:16:04	you have a destination or destiny.
Tony Robbins- 토니 라빈스 '행동의 이유' - TED Talk.mp4	00:16:05	The second piece is the map. Think of that
Tony Robbins- 토니 라빈스 '행동의 이유' - TED Talk.mp4	00:16:08	as the operating system tells you how to get there.
Tony Robbins- 토니 라빈스 '행동의 이유' - TED Talk.mp4	00:16:10	And some people's map is, I'm gonna
Tony Robbins- 토니 라빈스 '행동의 이유' - TED Talk.mp4	00:16:11	save lives even if I die for other people,
Tony Robbins- 토니 라빈스 '행동의 이유' - TED Talk.mp4	00:16:14	and they're a fireman. Somebody else says, I'm gonna kill people
Tony Robbins- 토니 라빈스 '행동의 이유' - TED Talk.mp4	00:16:16	to do it. They're trying to meet the same
Tony Robbins- 토니 라빈스 '행동의 이유' - TED Talk.mp4	00:16:18	needs of significance, right?
Tony Robbins- 토니 라빈스 '행동의 이유' - TED Talk.mp4	00:16:20	They wanna honor God or honor their family,
Tony Robbins- 토니 라빈스 '행동의 이유' - TED Talk.mp4	00:16:22	but they have a different map. And there are
Tony Robbins- 토니 라빈스 '행동의 이유' - TED Talk.mp4	00:16:24	seven different beliefs, you can't go through them because I'm done.
Tony Robbins- 토니 라빈스 '행동의 이유' - TED Talk.mp4	00:16:26	The last piece is
Tony Robbins- 토니 라빈스 '행동의 이유' - TED Talk.mp4	00:16:28	emotion. I say one of the parts of the map is like
Tony Robbins- 토니 라빈스 '행동의 이유' - TED Talk.mp4	00:16:30	time. Some people's idea of a long time
Tony Robbins- 토니 라빈스 '행동의 이유' - TED Talk.mp4	00:16:32	is a hundred years. Somebody else says
Tony Robbins- 토니 라빈스 '행동의 이유' - TED Talk.mp4	00:16:34	it's three seconds, which is what I have.
Tony Robbins- 토니 라빈스 '행동의 이유' - TED Talk.mp4	00:16:36	And the last one I've already mentioned
Tony Robbins- 토니 라빈스 '행동의 이유' - TED Talk.mp4	00:16:38	that felt you. If you got a target
Tony Robbins- 토니 라빈스 '행동의 이유' - TED Talk.mp4	00:16:40	and you got a map, and let's say
Tony Robbins- 토니 라빈스 '행동의 이유' - TED Talk.mp4	00:16:41	I can't use Google because I love maps, and they
Tony Robbins- 토니 라빈스 '행동의 이유' - TED Talk.mp4	00:16:44	haven't made it good for maps yet, so if you use MapQuest,
Tony Robbins- 토니 라빈스 '행동의 이유' - TED Talk.mp4	00:16:46	how many have made this fatal mistake of using
Tony Robbins- 토니 라빈스 '행동의 이유' - TED Talk.mp4	00:16:47	MapQuest at some time?
Tony Robbins- 토니 라빈스 '행동의 이유' - TED Talk.mp4	00:16:50	You use this thing and you don't get there. Well, imagine if your
Tony Robbins- 토니 라빈스 '행동의 이유' - TED Talk.mp4	00:16:52	beliefs guarantee you can never get to where you
Tony Robbins- 토니 라빈스 '행동의 이유' - TED Talk.mp4	00:16:54	wanna go.
Tony Robbins- 토니 라빈스 '행동의 이유' - TED Talk.mp4	00:16:55	The last thing is emotion.
Tony Robbins- 토니 라빈스 '행동의 이유' - TED Talk.mp4	00:16:58	Now here's what I'll tell you about emotion.
Tony Robbins- 토니 라빈스 '행동의 이유' - TED Talk.mp4	00:16:59	There are 6,000 emotions that we
Tony Robbins- 토니 라빈스 '행동의 이유' - TED Talk.mp4	00:17:02	all have words for in the English language, which is
Tony Robbins- 토니 라빈스 '행동의 이유' - TED Talk.mp4	00:17:04	just a linguistic representation, right? It changes
Tony Robbins- 토니 라빈스 '행동의 이유' - TED Talk.mp4	00:17:06	by language. But,
Tony Robbins- 토니 라빈스 '행동의 이유' - TED Talk.mp4	00:17:08	if your dominant emotions,
Tony Robbins- 토니 라빈스 '행동의 이유' - TED Talk.mp4	00:17:09	if I have more time, I have 20,000 people or
Tony Robbins- 토니 라빈스 '행동의 이유' - TED Talk.mp4	00:17:11	1,000, and I have them write down all the emotions
Tony Robbins- 토니 라빈스 '행동의 이유' - TED Talk.mp4	00:17:14	that they experience in an average week.
Tony Robbins- 토니 라빈스 '행동의 이유' - TED Talk.mp4	00:17:16	And I give them as long as they need. And on one side they write
Tony Robbins- 토니 라빈스 '행동의 이유' - TED Talk.mp4	00:17:18	empowering emotions, the other is disempowering. Guess how many
Tony Robbins- 토니 라빈스 '행동의 이유' - TED Talk.mp4	00:17:20	emotions people experience? Less than 12.
Tony Robbins- 토니 라빈스 '행동의 이유' - TED Talk.mp4	00:17:22	And half of those make them feel like shit.
Tony Robbins- 토니 라빈스 '행동의 이유' - TED Talk.mp4	00:17:24	So they got 5 or 6
Tony Robbins- 토니 라빈스 '행동의 이유' - TED Talk.mp4	00:17:26	good frickin' feelings.
Tony Robbins- 토니 라빈스 '행동의 이유' - TED Talk.mp4	00:17:27	Right? It's like they feel happy, happy, excited, oh shit,
Tony Robbins- 토니 라빈스 '행동의 이유' - TED Talk.mp4	00:17:30	frustrated, frustrated, overwhelmed, depressed.
Tony Robbins- 토니 라빈스 '행동의 이유' - TED Talk.mp4	00:17:32	How many of you know somebody who no matter what
Tony Robbins- 토니 라빈스 '행동의 이유' - TED Talk.mp4	00:17:34	happens, finds a way to get pissed off? How many know somebody
Tony Robbins- 토니 라빈스 '행동의 이유' - TED Talk.mp4	00:17:36	like this?
Tony Robbins- 토니 라빈스 '행동의 이유' - TED Talk.mp4	00:17:37	Or no matter what happens,
Tony Robbins- 토니 라빈스 '행동의 이유' - TED Talk.mp4	00:17:39	they find a way to be happy or excited.
Tony Robbins- 토니 라빈스 '행동의 이유' - TED Talk.mp4	00:17:42	How many know somebody like this? Come on.
Tony Robbins- 토니 라빈스 '행동의 이유' - TED Talk.mp4	00:17:43	When 9-1-1 happened, and I'll finish with this,
Tony Robbins- 토니 라빈스 '행동의 이유' - TED Talk.mp4	00:17:45	I was in Hawaii. I was with
Tony Robbins- 토니 라빈스 '행동의 이유' - TED Talk.mp4	00:17:47	2,000 people from 45 countries.
Tony Robbins- 토니 라빈스 '행동의 이유' - TED Talk.mp4	00:17:50	We were translating four languages simultaneously
Tony Robbins- 토니 라빈스 '행동의 이유' - TED Talk.mp4	00:17:51	for a program that I was conducting for a week.
Tony Robbins- 토니 라빈스 '행동의 이유' - TED Talk.mp4	00:17:54	The night before was called Emotional
Tony Robbins- 토니 라빈스 '행동의 이유' - TED Talk.mp4	00:17:55	Mastery. I got up, had no plan
Tony Robbins- 토니 라빈스 '행동의 이유' - TED Talk.mp4	00:17:58	for this, and I said,
Tony Robbins- 토니 라빈스 '행동의 이유' - TED Talk.mp4	00:17:59	we had all this fireworks, I do crazy shit, fun stuff.
Tony Robbins- 토니 라빈스 '행동의 이유' - TED Talk.mp4	00:18:02	And then at the end I stopped, and I had this plan
Tony Robbins- 토니 라빈스 '행동의 이유' - TED Talk.mp4	00:18:03	I was gonna say, but I never do what I'm gonna say.
Tony Robbins- 토니 라빈스 '행동의 이유' - TED Talk.mp4	00:18:05	And all of a sudden I said, when do people really start
Tony Robbins- 토니 라빈스 '행동의 이유' - TED Talk.mp4	00:18:07	to live when they face death?
Tony Robbins- 토니 라빈스 '행동의 이유' - TED Talk.mp4	00:18:10	And then with this whole thing
Tony Robbins- 토니 라빈스 '행동의 이유' - TED Talk.mp4	00:18:12	about if you were gonna get off this island,
Tony Robbins- 토니 라빈스 '행동의 이유' - TED Talk.mp4	00:18:13	if nine days from now you were gonna die,
Tony Robbins- 토니 라빈스 '행동의 이유' - TED Talk.mp4	00:18:16	who would you call, what would you say, what would you do?
Tony Robbins- 토니 라빈스 '행동의 이유' - TED Talk.mp4	00:18:19	One woman
Tony Robbins- 토니 라빈스 '행동의 이유' - TED Talk.mp4	00:18:20	Well that night is when 9-1-1 happened.
Tony Robbins- 토니 라빈스 '행동의 이유' - TED Talk.mp4	00:18:22	One woman had come to the seminar,
Tony Robbins- 토니 라빈스 '행동의 이유' - TED Talk.mp4	00:18:24	and when she came there, her previous
Tony Robbins- 토니 라빈스 '행동의 이유' - TED Talk.mp4	00:18:26	boyfriend had been kidnapped and murdered.
Tony Robbins- 토니 라빈스 '행동의 이유' - TED Talk.mp4	00:18:28	Her friend, or new boyfriend,
Tony Robbins- 토니 라빈스 '행동의 이유' - TED Talk.mp4	00:18:30	wanted to marry her, and she said no. He said,
Tony Robbins- 토니 라빈스 '행동의 이유' - TED Talk.mp4	00:18:31	if you leave and go to that Hawaii thing, it's over with us.
Tony Robbins- 토니 라빈스 '행동의 이유' - TED Talk.mp4	00:18:33	She said it's over. When I finished that night, she called him
Tony Robbins- 토니 라빈스 '행동의 이유' - TED Talk.mp4	00:18:35	and left a message, true story, at the top
Tony Robbins- 토니 라빈스 '행동의 이유' - TED Talk.mp4	00:18:37	of the World Trade Center where he worked.
Tony Robbins- 토니 라빈스 '행동의 이유' - TED Talk.mp4	00:18:40	Saying, honey, I love you, I just want you to know
Tony Robbins- 토니 라빈스 '행동의 이유' - TED Talk.mp4	00:18:42	I want to marry you, it was stupid of me.
Tony Robbins- 토니 라빈스 '행동의 이유' - TED Talk.mp4	00:18:44	She was asleep,
Tony Robbins- 토니 라빈스 '행동의 이유' - TED Talk.mp4	00:18:46	because it was 3 a.m. for us, when he called
Tony Robbins- 토니 라빈스 '행동의 이유' - TED Talk.mp4	00:18:48	her back from the top and said, honey, I can't tell you
Tony Robbins- 토니 라빈스 '행동의 이유' - TED Talk.mp4	00:18:50	what this means. He said,
Tony Robbins- 토니 라빈스 '행동의 이유' - TED Talk.mp4	00:18:52	I don't know how to tell you this, but you give me
Tony Robbins- 토니 라빈스 '행동의 이유' - TED Talk.mp4	00:18:54	the greatest gift, because I'm gonna die.
Tony Robbins- 토니 라빈스 '행동의 이유' - TED Talk.mp4	00:18:56	And she played the recording for us
Tony Robbins- 토니 라빈스 '행동의 이유' - TED Talk.mp4	00:18:58	in the room. She was on Larry King later.
Tony Robbins- 토니 라빈스 '행동의 이유' - TED Talk.mp4	00:19:00	And he said, you're probably wondering how
Tony Robbins- 토니 라빈스 '행동의 이유' - TED Talk.mp4	00:19:01	on earth this could happen to you twice.
Tony Robbins- 토니 라빈스 '행동의 이유' - TED Talk.mp4	00:19:03	And he said, all I can say to you is, this must be
Tony Robbins- 토니 라빈스 '행동의 이유' - TED Talk.mp4	00:19:05	God's message to you, honey, from now on,
Tony Robbins- 토니 라빈스 '행동의 이유' - TED Talk.mp4	00:19:07	every day, give your all, love your all,
Tony Robbins- 토니 라빈스 '행동의 이유' - TED Talk.mp4	00:19:10	don't let anything ever stop you.
Tony Robbins- 토니 라빈스 '행동의 이유' - TED Talk.mp4	00:19:12	She finishes, and a man stands up
Tony Robbins- 토니 라빈스 '행동의 이유' - TED Talk.mp4	00:19:14	and he says, I'm from Pakistan, I'm a Muslim,
Tony Robbins- 토니 라빈스 '행동의 이유' - TED Talk.mp4	00:19:16	I'd love to hold your hand
Tony Robbins- 토니 라빈스 '행동의 이유' - TED Talk.mp4	00:19:17	and say I'm sorry, but frankly, this is
Tony Robbins- 토니 라빈스 '행동의 이유' - TED Talk.mp4	00:19:20	an execution. I can't tell you
Tony Robbins- 토니 라빈스 '행동의 이유' - TED Talk.mp4	00:19:22	the rest, because I'm out of time.
Tony Robbins- 토니 라빈스 '행동의 이유' - TED Talk.mp4	00:19:30	Are you sure?
Tony Robbins- 토니 라빈스 '행동의 이유' - TED Talk.mp4	00:19:36	Ten seconds!
Tony Robbins- 토니 라빈스 '행동의 이유' - TED Talk.mp4	00:19:40	Ten seconds, no, I want to be respectful.
Tony Robbins- 토니 라빈스 '행동의 이유' - TED Talk.mp4	00:19:42	Ten seconds, all I can tell you is, I brought this man
Tony Robbins- 토니 라빈스 '행동의 이유' - TED Talk.mp4	00:19:44	on stage with a man from New York
30Min.mp4	00:00:00	427 days into what should have been a 30-day mission, and it's turned into a nightmare.
30Min.mp4	00:00:05	On the surface of Mars, 297 million kilometers away, is Ingenuity, a tiny 680 gram helicopter.
30Min.mp4	00:00:13	It's made from off-the-shelf parts you'd find at home, it's got bits from an Android
30Min.mp4	00:00:18	smartphone, batteries from a cordless drill, and to everyone's surprise, it's been performing
30Min.mp4	00:00:23	well so far.
30Min.mp4	00:00:24	But something is wrong.
30Min.mp4	00:00:27	See, the Martian winter is coming.
30Min.mp4	00:00:29	At night, temperatures plummet to a frigid negative 85 degrees Celsius.
30Min.mp4	00:00:34	As Mars gets further away from the sun, the temperature keeps dropping, and it kicks up
30Min.mp4	00:00:39	more and more violent dust.
30Min.mp4	00:00:41	The sun is blotted from the sky.
30Min.mp4	00:00:44	On her 427th day on Mars, they try to reach her, just like the day before.
30Min.mp4	00:00:49	But they get no response.
30Min.mp4	00:00:52	They try again.
30Min.mp4	00:00:53	Nothing.
30Min.mp4	00:00:54	Back on Earth, the team gathers at the Jet Propulsion Laboratory in Southern California,
30Min.mp4	00:00:59	where they're going to be able to find Ingenuity.
30Min.mp4	00:01:00	All the signs point to Ingenuity being dead.
30Min.mp4	00:01:02	But there is still one thing, one final trick, that can try to re-establish a connection.
30Min.mp4	00:01:09	The first drone that's going to fly on another planet.
30Min.mp4	00:01:13	Six years ago, I visited JPL and saw Ingenuity before she left for Mars.
30Min.mp4	00:01:18	At the time, NASA didn't really believe much in her mission.
30Min.mp4	00:01:21	As Kenneth Farley, the project scientist of the Mars 2020 Perseverance mission said,
30Min.mp4	00:01:26	I've personally been opposed to it.
30Min.mp4	00:01:29	Spending 30 days working on a technology demonstration does not further the goals directly
30Min.mp4	00:01:33	from the science point of view.
30Min.mp4	00:01:35	In short, they thought it was a waste of time.
30Min.mp4	00:01:38	Most projects to Mars get billions of dollars.
30Min.mp4	00:01:41	Ingenuity got only $80 million, which is less than the budget of the movie The Martian.
30Min.mp4	00:01:48	But this scrappy team of scientists were working to prove a crazy concept.
30Min.mp4	00:01:53	And against the odds, they made it to Mars.
30Min.mp4	00:01:58	And they did.
30Min.mp4	00:01:59	
30Min.mp4	00:01:59	On February 18th, 2021, the Perseverance rover survives entry and lands on the Martian surface.
30Min.mp4	00:02:06	Attached underneath is Ingenuity.
30Min.mp4	00:02:08	This marks Sol Zero, her first day on Mars.
30Min.mp4	00:02:13	They sever the umbilical cord, and Ingenuity, affectionately known as Ginny by some on the
30Min.mp4	00:02:18	team, prepares herself.
30Min.mp4	00:02:21	Her mission is simple.
30Min.mp4	00:02:23	Prove that flight on the red planet is possible.
30Min.mp4	00:02:25	But with an atmosphere just 1% that of Earth?
30Min.mp4	00:02:28	Flying is really difficult.
30Min.mp4	00:02:31	She must be ultralight, and her blades must spin at over 2,400 rotations per minute to
30Min.mp4	00:02:37	generate enough lift.
30Min.mp4	00:02:39	It's a design that no one is really sure about.
30Min.mp4	00:02:42	For two months, they rigorously check her systems, running up the engine, testing navigation,
30Min.mp4	00:02:47	and her control computer.
30Min.mp4	00:02:50	Then, on Sol 58, they finally think they're ready.
30Min.mp4	00:02:54	The blades spin up, and…
30Min.mp4	00:02:57	She does.
30Min.mp4	00:02:58	She takes off.
30Min.mp4	00:03:00	Only 120 years after the Wright brothers on Earth, humanity flies on another planet.
30Min.mp4	00:03:09	Within days, they fly again, and then again, and again.
30Min.mp4	00:03:15	In just one month, they complete five flights.
30Min.mp4	00:03:18	So the mission has been accomplished.
30Min.mp4	00:03:23	We were a tech demo, right?
30Min.mp4	00:03:25	Meaning a specified narrow 30 sol mission.
30Min.mp4	00:03:28	
30Min.mp4	00:03:28	Get in, get out, we're done, right?
30Min.mp4	00:03:31	We go to a bar and party, and that should be the end of it.
30Min.mp4	00:03:34	But with success comes new expectations.
30Min.mp4	00:03:38	NASA tells them to keep going.
30Min.mp4	00:03:40	Ingenuity's new mission is to assist Perseverance in the search for evidence of ancient life
30Min.mp4	00:03:45	on Mars.
30Min.mp4	00:03:46	So she will scout ahead, gathering data in areas too risky or costly for the rover to
30Min.mp4	00:03:52	explore.
30Min.mp4	00:03:53	For the team, this is great news.
30Min.mp4	00:03:55	But it's also a problem.
30Min.mp4	00:03:57	There was no guarantee that we would be able to get to Mars.
30Min.mp4	00:03:58	So we're going to have to go to the moon.
30Min.mp4	00:03:59	But the thing is, if we don't get to Mars, we don't have any guarantee, you know, after
30Min.mp4	00:04:00	flight five, we may be dead by flight seven, right?
30Min.mp4	00:04:03	We may be dead by flight 10.
30Min.mp4	00:04:04	We were kind of thrown into the deep end of the pool.
30Min.mp4	00:04:07	We had no processes or no plans developed for such a thing.
30Min.mp4	00:04:12	Until now, every flight had been carefully planned.
30Min.mp4	00:04:16	They've all started from an area selected and analyzed by both satellites and the Perseverance
30Min.mp4	00:04:21	rover itself.
30Min.mp4	00:04:22	These flights were tested hundreds of times in JPL's wind tunnel and tens of thousands
30Min.mp4	00:04:27	of times in simulation.
30Min.mp4	00:04:28	So you can see the difference.
30Min.mp4	00:04:28	But now that they have to keep up with the rover, they're flying into the unknown.
30Min.mp4	00:04:34	Now flying the helicopter isn't easy.
30Min.mp4	00:04:37	At its closest, Mars is 56 million kilometers from Earth, which means there's at least a
30Min.mp4	00:04:42	six minute round trip communications time delay, which is way longer than Ingenuity's
30Min.mp4	00:04:48	two minute maximum flight time.
30Min.mp4	00:04:50	So she has to fly autonomously.
30Min.mp4	00:04:53	So what happens is the pilot programs in a route and Ginny does the rest.
30Min.mp4	00:04:57	But to start, JPL first needs to know exactly where she's located.
30Min.mp4	00:05:02	You might think that they would use GPS, but for GPS to work on Earth, you need at least
30Min.mp4	00:05:07	24 satellites for full coverage.
30Min.mp4	00:05:09	And around Mars, there are only seven satellites total.
30Min.mp4	00:05:12	So Ingenuity can't use this method.
30Min.mp4	00:05:15	So instead, what she does is far simpler.
30Min.mp4	00:05:18	We have two cameras, a forward facing 13 megapixel camera, and then the one pointing down is
30Min.mp4	00:05:25	the one that we use to navigate.
30Min.mp4	00:05:26	The navigation control is very simple.
30Min.mp4	00:05:27	The navigation camera takes 30 black and white images per second.
30Min.mp4	00:05:31	Ingenuity's computer analyzes the image and identifies features on the surface.
30Min.mp4	00:05:35	You can think of it sort of like an optical mouse, like your optical mouse is on the mousepad.
30Min.mp4	00:05:40	It doesn't know where on the mousepad it is, but when you move to the right, it knows you
30Min.mp4	00:05:44	move to the right because what it's doing is it's looking at features on the surface
30Min.mp4	00:05:48	of the mousepad and watching them move under its field of view.
30Min.mp4	00:05:51	So Ingenuity is essentially doing the same thing.
30Min.mp4	00:05:54	It's looking at the surface.
30Min.mp4	00:05:55	It's picking out features like rocks and other things.
30Min.mp4	00:05:57	
30Min.mp4	00:05:57	
30Min.mp4	00:05:57	
30Min.mp4	00:05:57	
30Min.mp4	00:05:57	And between camera images, it says, oh, this rock moved this way.
30Min.mp4	00:06:01	This thing over here moved this way.
30Min.mp4	00:06:03	And from that, you can compute a transform to say my helicopter was here and now it's
30Min.mp4	00:06:07	here relative to this image.
30Min.mp4	00:06:09	Now this sounds good, but the method isn't 100% reliable.
30Min.mp4	00:06:15	On flight six, the first time she leaves her testing area, Ingenuity detects an error.
30Min.mp4	00:06:21	Fifty four seconds into the flight, she starts wobbling wildly, tilting 20 degrees at a time.
30Min.mp4	00:06:26	Her amazing ability to detect an error is just amazing.
30Min.mp4	00:06:27	
30Min.mp4	00:06:27	Ingenuity detects an error, and so does the mission.
30Min.mp4	00:06:28	
30Min.mp4	00:06:28	
30Min.mp4	00:06:28	And then she starts the next step, which is to make the emergency alarms blare.
30Min.mp4	00:06:30	We had a black and white image, black and white image, black and white image, and we
30Min.mp4	00:06:35	had a color image come very closely to where that black and white image occurred in time.
30Min.mp4	00:06:39	This color camera was added late in development, leaving little time for testing.
30Min.mp4	00:06:44	During this flight, one of the images arrives at the exact same moment as a black and white
30Min.mp4	00:06:49	image.
30Min.mp4	00:06:49	The system doesn't know what to do, so it drops the black and white image.
30Min.mp4	00:06:54	This makes every following image one step behind.
30Min.mp4	00:06:57	
30Min.mp4	00:06:57	This means Ingenuity's cameras are giving her outdated information.
30Min.mp4	00:07:02	So even when she's in the right spot, the computer thinks she's lagging behind and pushes
30Min.mp4	00:07:07	her forward.
30Min.mp4	00:07:08	So she overshoots, tilts too far, and then has to overcorrect in the other direction.
30Min.mp4	00:07:12	This cycle repeats, making her wobble worse in a positive feedback loop.
30Min.mp4	00:07:18	Now that is a problem, but it isn't fatal.
30Min.mp4	00:07:21	The desyncing issue was like one camera frame off.
30Min.mp4	00:07:25	If it had been more than that, I think you could have done better.
30Min.mp4	00:07:27	
30Min.mp4	00:07:27	
30Min.mp4	00:07:27	
30Min.mp4	00:07:27	
30Min.mp4	00:07:27	
30Min.mp4	00:07:27	So you can imagine that it might have death spiraled.
30Min.mp4	00:07:30	Instead, Ginny detects the problem and is able to emergency land before it gets too
30Min.mp4	00:07:34	ugly.
30Min.mp4	00:07:35	While safely on the ground, JPL discovers the error and quickly corrects it with a software
30Min.mp4	00:07:40	patch.
30Min.mp4	00:07:41	It's a close call, but they recover.
30Min.mp4	00:07:43	Over the next dozen flights, they keep up with the rover and support the mission.
30Min.mp4	00:07:47	That is until flight 19.
30Min.mp4	00:07:53	You were about to fly that flight, and I got a flight that wasn't very good.
30Min.mp4	00:07:57	
30Min.mp4	00:07:57	
30Min.mp4	00:07:57	
30Min.mp4	00:07:57	We got a phone call the afternoon before,
30Min.mp4	00:08:00	basically saying there's a dust storm brewing
30Min.mp4	00:08:03	near Jezero Crater.
30Min.mp4	00:08:07	So we quickly canceled the flight and said,
30Min.mp4	00:08:10	well, we're just going to hunker down and see what happens.
30Min.mp4	00:08:14	They brace for impact.
30Min.mp4	00:08:21	It lasts six days with winds gusting up to 20 meters per second.
30Min.mp4	00:08:26	That first dust storm in the middle of fall,
30Min.mp4	00:08:29	in the first Martian year that we were on the surface,
30Min.mp4	00:08:31	it clobbered us.
30Min.mp4	00:08:34	But they make it through.
30Min.mp4	00:08:38	Nervously, they try to make contact.
30Min.mp4	00:08:40	And she survived.
30Min.mp4	00:08:43	She hasn't died or toppled over,
30Min.mp4	00:08:45	but now they have a new problem.
30Min.mp4	00:08:48	Dust.
30Min.mp4	00:08:50	Dust on Mars is no joke.
30Min.mp4	00:08:52	I mean, for Ginny, there are two big problems.
30Min.mp4	00:08:55	First, dust is a problem
30Min.mp4	00:08:56	because it's covering her solar panels,
30Min.mp4	00:08:58	reducing power by 18%.
30Min.mp4	00:09:00	And second, it's clogging her mechanical components.
30Min.mp4	00:09:03	We went to go fly.
30Min.mp4	00:09:05	When we went to wiggle the servos,
30Min.mp4	00:09:07	they were actually stuck.
30Min.mp4	00:09:08	They were kind of jammed from the dust.
30Min.mp4	00:09:10	So that aborted the first attempt at Flight 19.
30Min.mp4	00:09:14	Now, JPL had anticipated both of these problems,
30Min.mp4	00:09:17	but they hadn't had the time or budget to fix them.
30Min.mp4	00:09:20	So for the first, they just have to accept
30Min.mp4	00:09:23	that they have reduced solar power,
30Min.mp4	00:09:24	and they adjust their flight durations.
30Min.mp4	00:09:26	For the second, they find a workaround
30Min.mp4	00:09:30	by repeatedly wiggling the servos
30Min.mp4	00:09:32	until the joints clear.
30Min.mp4	00:09:34	So she's able to keep flying, albeit wounded.
30Min.mp4	00:09:38	And survival isn't getting any easier.
30Min.mp4	00:09:41	See, every Martian night,
30Min.mp4	00:09:43	the temperature drops precipitously.
30Min.mp4	00:09:45	My friend Alex from the channel Astrum describes it well.
30Min.mp4	00:09:49	With less atmosphere,
30Min.mp4	00:09:50	Mars became far worse at retaining heat.
30Min.mp4	00:09:54	When the surface starts to cool,
30Min.mp4	00:09:56	there is no air to catch the escaping warmth.
30Min.mp4	00:09:59	It is at the point where,
30Min.mp4	00:10:00	if you were to stand on the planet's equator
30Min.mp4	00:10:02	during its warmest time of the day,
30Min.mp4	00:10:05	your feet might feel 23 degrees Celsius,
30Min.mp4	00:10:08	while at your head, it would be 0 degrees Celsius.
30Min.mp4	00:10:11	This means, between day and night,
30Min.mp4	00:10:14	Mars has some intense temperature swings.
30Min.mp4	00:10:18	Temperatures there now range from highs of around 27 degrees Celsius
30Min.mp4	00:10:22	down to a freezing minus 133 degrees Celsius.
30Min.mp4	00:10:26	If you want to learn more about how this leads to
30Min.mp4	00:10:30	entire planet-covering dust storms,
30Min.mp4	00:10:33	Astrum has a whole video on the Martian climate.
30Min.mp4	00:10:36	So these massive shifts in temperature
30Min.mp4	00:10:38	are happening all the time.
30Min.mp4	00:10:40	But as Ginny's mission progresses,
30Min.mp4	00:10:42	Mars gets farther away from the Sun
30Min.mp4	00:10:44	and enters the Martian winter.
30Min.mp4	00:10:47	So it gets even colder at night,
30Min.mp4	00:10:49	which is a problem.
30Min.mp4	00:10:51	Many of Ingenuity's key electrical components
30Min.mp4	00:10:54	are hand-soldered.
30Min.mp4	00:10:55	And big temperature swings cause
30Min.mp4	00:10:58	expansion and contraction of this metal.
30Min.mp4	00:11:00	And so that can eventually break these connections.
30Min.mp4	00:11:03	Also, inside the batteries,
30Min.mp4	00:11:05	a liquid electrolyte solution allows lithium ions
30Min.mp4	00:11:08	to move between the cathode and anode
30Min.mp4	00:11:10	during charging and discharging.
30Min.mp4	00:11:12	But if this solution freezes,
30Min.mp4	00:11:14	JPL fears that the whole thing will stop working entirely.
30Min.mp4	00:11:18	So what they do is keep all the components
30Min.mp4	00:11:20	sensitive to the cold inside a warm box,
30Min.mp4	00:11:23	which has resistance heaters that run during the night.
30Min.mp4	00:11:25	You might spend 25 or 30% of your battery flying,
30Min.mp4	00:11:30	and the other 60 to 75% is all just staying warm at night.
30Min.mp4	00:11:35	The problem is, the colder it gets,
30Min.mp4	00:11:37	the harder the heaters have to work.
30Min.mp4	00:11:39	And if they can't keep up,
30Min.mp4	00:11:40	and the batteries cool too much,
30Min.mp4	00:11:42	they become less efficient.
30Min.mp4	00:11:43	So they supply even less power to the heaters.
30Min.mp4	00:11:46	Performance can continue to degrade
30Min.mp4	00:11:48	in a vicious death spiral.
30Min.mp4	00:11:53	On the morning of May 3rd,
30Min.mp4	00:11:55	the team at JPL goes about a normal day.
30Min.mp4	00:11:57	They check the data from the previous downlink.
30Min.mp4	00:12:00	Nothing.
30Min.mp4	00:12:01	They try pinging Ingenuity.
30Min.mp4	00:12:04	Still nothing.
30Min.mp4	00:12:06	Have they finally lost her?
30Min.mp4	00:12:08	Did we just lose our $70 million helicopter on Mars?
30Min.mp4	00:12:12	Is this the end of the mission?
30Min.mp4	00:12:15	We thought this was it,
30Min.mp4	00:12:16	so let's just make sure,
30Min.mp4	00:12:17	before we close the door on Ingenuity,
30Min.mp4	00:12:19	we've thought of everything.
30Min.mp4	00:12:23	We'll just keep working through it.
30Min.mp4	00:12:25	They run through all the possible problems
30Min.mp4	00:12:27	until they narrow it down to just one.
30Min.mp4	00:12:29	The way she was designed,
30Min.mp4	00:12:31	Ginny has an alarm clock that wakes her up.
30Min.mp4	00:12:34	It stays awake for 15 minutes.
30Min.mp4	00:12:36	If it doesn't hear anything after 15 minutes,
30Min.mp4	00:12:38	it goes back to sleep.
30Min.mp4	00:12:39	Then it doesn't wake up until the next alarm.
30Min.mp4	00:12:41	Their hypothesis is this.
30Min.mp4	00:12:43	If the lack of sunlight forced Ginny
30Min.mp4	00:12:45	to fully deplete her batteries,
30Min.mp4	00:12:46	then during the night,
30Min.mp4	00:12:48	her heaters would have stopped,
30Min.mp4	00:12:49	and she would have powered off completely.
30Min.mp4	00:12:51	When the sun rises,
30Min.mp4	00:12:53	as long as her essential components stay on,
30Min.mp4	00:12:55	she may recharge enough to wake up.
30Min.mp4	00:12:58	Only now her clock will have reset.
30Min.mp4	00:13:01	So they run the calculations.
30Min.mp4	00:13:03	If she's still alive,
30Min.mp4	00:13:05	based on when the sun comes up,
30Min.mp4	00:13:06	she should be waking up at 11.45 a.m. Martian time.
30Min.mp4	00:13:11	That is not the time they had been trying.
30Min.mp4	00:13:14	So they change their search window
30Min.mp4	00:13:16	and start calling out to Ginny
30Min.mp4	00:13:17	around when they expect her to power up.
30Min.mp4	00:13:20	They send out ping after ping,
30Min.mp4	00:13:22	until finally...
30Min.mp4	00:13:25	she's alive!
30Min.mp4	00:13:28	They check to see whether everything is still working.
30Min.mp4	00:13:31	And despite the components in her warm box
30Min.mp4	00:13:34	only being rated to negative 45 degrees,
30Min.mp4	00:13:36	they survive being completely frozen.
30Min.mp4	00:13:39	Well, all except for one.
30Min.mp4	00:13:41	The inclinometer is dead.
30Min.mp4	00:13:43	The inclinometer is what lets Ingenuity
30Min.mp4	00:13:45	know her physical orientation in 3D space before flight.
30Min.mp4	00:13:50	And that is pretty essential for getting the right heading.
30Min.mp4	00:13:53	You can imagine if you're off and heading,
30Min.mp4	00:13:55	by 10 degrees you could fly into a mountain.
30Min.mp4	00:13:57	Without the inclinometer,
30Min.mp4	00:13:58	there is no way for her to fly.
30Min.mp4	00:14:01	So at first, the whole team is stumped.
30Min.mp4	00:14:03	But then they have an idea.
30Min.mp4	00:14:05	Because Ingenuity is made of phone parts.
30Min.mp4	00:14:08	Literally, parts from phones people carry around every day.
30Min.mp4	00:14:11	Her processor is from a Samsung Galaxy S5.
30Min.mp4	00:14:14	And some of her sensors are from a Google Pixel 3.
30Min.mp4	00:14:17	And these phones can do a lot of the things
30Min.mp4	00:14:19	that an inclinometer can do.
30Min.mp4	00:14:22	Inside every smartphone are at least
30Min.mp4	00:14:25	three little micro-electromechanical systems
30Min.mp4	00:14:27	aligned perpendicular to each other.
30Min.mp4	00:14:29	Like X, Y, Z.
30Min.mp4	00:14:30	At their core is a small mass suspended by flexible arms.
30Min.mp4	00:14:34	They work like springs and follow Hooke's law,
30Min.mp4	00:14:37	F equals minus KX,
30Min.mp4	00:14:39	where force is proportional to displacement.
30Min.mp4	00:14:43	The mass also follows Newton's second law,
30Min.mp4	00:14:45	F equals MA.
30Min.mp4	00:14:46	If you combine these equations,
30Min.mp4	00:14:48	you get A equals minus KX over M,
30Min.mp4	00:14:51	which links acceleration and displacement.
30Min.mp4	00:14:53	Surrounding the mass are fixed arms.
30Min.mp4	00:14:56	When a voltage is applied to the mass and arms,
30Min.mp4	00:14:59	they form a capacitor,
30Min.mp4	00:15:00	where epsilon and A stay constant.
30Min.mp4	00:15:03	But as the mass moves,
30Min.mp4	00:15:05	the distance between them changes with X.
30Min.mp4	00:15:08	This alters the capacitance,
30Min.mp4	00:15:10	which becomes more noticeable with multiple plates.
30Min.mp4	00:15:13	Hence why they have so many little arms.
30Min.mp4	00:15:15	By measuring capacitance,
30Min.mp4	00:15:17	you can determine displacement.
30Min.mp4	00:15:19	And since displacement is proportional to acceleration,
30Min.mp4	00:15:21	changes in capacitance,
30Min.mp4	00:15:23	allow us to measure acceleration.
30Min.mp4	00:15:25	That's why these devices are called accelerometers.
30Min.mp4	00:15:28	And by integrating acceleration over time,
30Min.mp4	00:15:31	you can work out velocity and then position.
30Min.mp4	00:15:33	This is how motion tracking works
30Min.mp4	00:15:36	for screen rotation, gaming controls, and step counting.
30Min.mp4	00:15:40	If you add gyroscopes,
30Min.mp4	00:15:41	you get an inertial measurement unit, or IMU.
30Min.mp4	00:15:44	And Ingenuity has the same IMU as the Google Pixel 3.
30Min.mp4	00:15:50	So the team at JPL had an idea.
30Min.mp4	00:15:52	They could reprogram the computer
30Min.mp4	00:15:54	to use the IMU to replace the inclinometer.
30Min.mp4	00:15:58	The inclinometer is really just accelerometers
30Min.mp4	00:16:01	that allows us to tell the initial attitude of the vehicle
30Min.mp4	00:16:05	in roll and pitch.
30Min.mp4	00:16:06	And the IMU also has accelerometers.
30Min.mp4	00:16:09	So in principle, it gives you the same information.
30Min.mp4	00:16:11	So from the clutches of failure,
30Min.mp4	00:16:13	they get her running again.
30Min.mp4	00:16:16	We got lucky in that, like,
30Min.mp4	00:16:18	the one instrument we could afford to lose
30Min.mp4	00:16:20	was the one that died.
30Min.mp4	00:16:21	But the IMU isn't space grade.
30Min.mp4	00:16:24	In fact, none of these off-the-shelf parts are,
30Min.mp4	00:16:26	which means they're vulnerable to cosmic rays.
30Min.mp4	00:16:29	On Mars, the thin atmosphere
30Min.mp4	00:16:31	doesn't just make it harder to fly.
30Min.mp4	00:16:34	It also means cosmic rays reach the surface more easily.
30Min.mp4	00:16:37	And a single cosmic ray can strike a computer register
30Min.mp4	00:16:41	and flip a bit inside the computer,
30Min.mp4	00:16:43	which can lead to some strange behavior.
30Min.mp4	00:16:46	It even happens here on Earth.
30Min.mp4	00:16:47	It once added 4,096 unaccounted votes
30Min.mp4	00:16:51	to a candidate in a Belgian election.
30Min.mp4	00:16:53	Now, on a Martian helicopter,
30Min.mp4	00:16:55	flipping the wrong bit at the wrong time
30Min.mp4	00:16:57	could mean losing control and crashing.
30Min.mp4	00:17:00	So why doesn't that happen?
30Min.mp4	00:17:03	If you asked somebody 10 years ago,
30Min.mp4	00:17:05	can you fly just the latest cell phone processor,
30Min.mp4	00:17:08	they'd be like, nah, it'll last like two days
30Min.mp4	00:17:09	and you'll be dead, right?
30Min.mp4	00:17:11	Turns out that cosmic ray bit flips
30Min.mp4	00:17:13	are not as big a deal as NASA thought.
30Min.mp4	00:17:16	The off-the-shelf components hold up way better
30Min.mp4	00:17:19	than they expected.
30Min.mp4	00:17:20	And this is an important finding.
30Min.mp4	00:17:22	Rather than going through all of the development cost
30Min.mp4	00:17:25	of building up a processor from scratch
30Min.mp4	00:17:27	to be radiation tolerant,
30Min.mp4	00:17:29	what we're finding is you get a lot better bang for your buck
30Min.mp4	00:17:32	by just going and basically buying batches
30Min.mp4	00:17:34	of different processors and just qualling them.
30Min.mp4	00:17:36	That means throw them through a radiation test campaign,
30Min.mp4	00:17:38	look at the failure rates,
30Min.mp4	00:17:40	and figuring out, hey, this guy, we don't know why,
30Min.mp4	00:17:43	but for whatever reason, this processor over here is great.
30Min.mp4	00:17:46	It holds up. So we'll fly that.
30Min.mp4	00:17:48	Now, using these surprising facts,
30Min.mp4	00:17:50	and surprisingly robust off-the-shelf parts,
30Min.mp4	00:17:51	they survive the rest of the winter.
30Min.mp4	00:17:53	But they're only barely able to stay
30Min.mp4	00:17:56	within the communication range of the rover.
30Min.mp4	00:17:58	Springtime came.
30Min.mp4	00:17:59	Birds were chirping on Mars.
30Min.mp4	00:18:01	Talk about spring optimism, right?
30Min.mp4	00:18:03	Like, coming out of winter.
30Min.mp4	00:18:04	With the increased sunlight,
30Min.mp4	00:18:06	they can now fully recharge
30Min.mp4	00:18:07	and return to their scientific mission.
30Min.mp4	00:18:09	Over the next 41 flights,
30Min.mp4	00:18:11	they image craters Perseverance can't make it to.
30Min.mp4	00:18:14	They capture stunning images
30Min.mp4	00:18:15	of the Martian horizon from above.
30Min.mp4	00:18:19	They capture stunning images
30Min.mp4	00:18:20	of the Martian horizon from above.
30Min.mp4	00:18:20	They conduct daring aerodynamic tests,
30Min.mp4	00:18:22	and they begin to push the limits.
30Min.mp4	00:18:25	They want to fly faster,
30Min.mp4	00:18:27	but the faster they go,
30Min.mp4	00:18:28	the quicker features move across the camera's field of view.
30Min.mp4	00:18:31	And the vision navigation system
30Min.mp4	00:18:33	just can't keep up with that.
30Min.mp4	00:18:35	So JPL comes up with a solution.
30Min.mp4	00:18:37	They fly higher.
30Min.mp4	00:18:39	Then they can expand the field of view,
30Min.mp4	00:18:41	which means features will move more slowly
30Min.mp4	00:18:44	through frame.
30Min.mp4	00:18:45	So from an initial goal
30Min.mp4	00:18:47	of a 10-meter altitude,
30Min.mp4	00:18:50	they can fly up to 24 meters.
30Min.mp4	00:18:51	And as a result,
30Min.mp4	00:18:52	they're able to go from flying at 2 meters per second
30Min.mp4	00:18:54	all the way up to 10 meters per second.
30Min.mp4	00:18:57	We set speed records,
30Min.mp4	00:18:59	distance records, altitude records,
30Min.mp4	00:19:01	just everything we could think of
30Min.mp4	00:19:03	to push that flight envelope on Ingenuity.
30Min.mp4	00:19:05	Really make the most of this
30Min.mp4	00:19:06	once-in-a-lifetime opportunity
30Min.mp4	00:19:08	of having a helicopter on Mars.
30Min.mp4	00:19:10	Everything is going swimmingly.
30Min.mp4	00:19:12	Ginny and Perseverance have made it
30Min.mp4	00:19:14	all the way to Nuretva Valles,
30Min.mp4	00:19:16	a river delta in Jezero Crater.
30Min.mp4	00:19:20	There's a new problem,
30Min.mp4	00:19:21	and it's worse than any of the ones that came before.
30Min.mp4	00:19:24	Now, Ingenuity's
30Min.mp4	00:19:26	only scientific payload is a camera.
30Min.mp4	00:19:28	So she's taking hundreds of photos a day
30Min.mp4	00:19:30	and sending them to JPL.
Dan Dennett- Let's teach religion -- all religion -- in schools - TED Talk.mp4	00:00:46	but only God can make a tree.
Dan Dennett- Let's teach religion -- all religion -- in schools - TED Talk.mp4	00:00:48	And you might say, well, God designed the cow.
Dan Dennett- Let's teach religion -- all religion -- in schools - TED Talk.mp4	00:00:51	But of course, God got a lot of help.
Dan Dennett- Let's teach religion -- all religion -- in schools - TED Talk.mp4	00:00:54	And so,
Dan Dennett- Let's teach religion -- all religion -- in schools - TED Talk.mp4	00:00:54	this is the ancestor of cattle, this is the aurochs.
Dan Dennett- Let's teach religion -- all religion -- in schools - TED Talk.mp4	00:00:58	And it was designed by natural selection,
Dan Dennett- Let's teach religion -- all religion -- in schools - TED Talk.mp4	00:01:02	the process of natural selection over many millions of years.
Dan Dennett- Let's teach religion -- all religion -- in schools - TED Talk.mp4	00:01:05	And then it became domesticated thousands of years ago.
Dan Dennett- Let's teach religion -- all religion -- in schools - TED Talk.mp4	00:01:10	And human beings became its stewards,
Dan Dennett- Let's teach religion -- all religion -- in schools - TED Talk.mp4	00:01:15	and without even knowing what they were doing,
Dan Dennett- Let's teach religion -- all religion -- in schools - TED Talk.mp4	00:01:17	they gradually redesigned it and redesigned it and redesigned it.
Dan Dennett- Let's teach religion -- all religion -- in schools - TED Talk.mp4	00:01:21	And then more recently,
Dan Dennett- Let's teach religion -- all religion -- in schools - TED Talk.mp4	00:01:23	they really began to do sort of reverse engineering on this beast
Dan Dennett- Let's teach religion -- all religion -- in schools - TED Talk.mp4	00:01:27	and figure out just what the parts were,
Dan Dennett- Let's teach religion -- all religion -- in schools - TED Talk.mp4	00:01:30	how they worked, and how they might be optimized,
Dan Dennett- Let's teach religion -- all religion -- in schools - TED Talk.mp4	00:01:32	how they might be made better.
Dan Dennett- Let's teach religion -- all religion -- in schools - TED Talk.mp4	00:01:35	Now, why am I talking about cows?
Dan Dennett- Let's teach religion -- all religion -- in schools - TED Talk.mp4	00:01:39	Because I want to say that much the same thing is true of religions.
Dan Dennett- Let's teach religion -- all religion -- in schools - TED Talk.mp4	00:01:45	Religions are natural phenomena.
Dan Dennett- Let's teach religion -- all religion -- in schools - TED Talk.mp4	00:01:46	They're just as natural as cows.
Dan Dennett- Let's teach religion -- all religion -- in schools - TED Talk.mp4	00:01:50	They have evolved over many, many years.
Dan Dennett- Let's teach religion -- all religion -- in schools - TED Talk.mp4	00:01:53	Millennia.
Dan Dennett- Let's teach religion -- all religion -- in schools - TED Talk.mp4	00:01:54	They have a biological base, just like the aurochs.
Dan Dennett- Let's teach religion -- all religion -- in schools - TED Talk.mp4	00:01:59	They have become domesticated.
Dan Dennett- Let's teach religion -- all religion -- in schools - TED Talk.mp4	00:02:01	And human beings have been redesigning their religions
Dan Dennett- Let's teach religion -- all religion -- in schools - TED Talk.mp4	00:02:05	for thousands of years.
Dan Dennett- Let's teach religion -- all religion -- in schools - TED Talk.mp4	00:02:07	This is TED, and I want to talk about design.
Dan Dennett- Let's teach religion -- all religion -- in schools - TED Talk.mp4	00:02:11	Because what I've been doing for the last four years,
Dan Dennett- Let's teach religion -- all religion -- in schools - TED Talk.mp4	00:02:14	really since the first time you saw me,
Dan Dennett- Let's teach religion -- all religion -- in schools - TED Talk.mp4	00:02:16	some of you saw me at TED when I was talking about religion,
Dan Dennett- Let's teach religion -- all religion -- in schools - TED Talk.mp4	00:02:18	and in the last four years, I've been working just about nonstop,
Dan Dennett- Let's teach religion -- all religion -- in schools - TED Talk.mp4	00:02:22	on this topic.
Dan Dennett- Let's teach religion -- all religion -- in schools - TED Talk.mp4	00:02:24	And you might say it's about the reverse engineering of religions.
Dan Dennett- Let's teach religion -- all religion -- in schools - TED Talk.mp4	00:02:30	Now, that very idea, I think,
Dan Dennett- Let's teach religion -- all religion -- in schools - TED Talk.mp4	00:02:33	strikes terror in many people,
Dan Dennett- Let's teach religion -- all religion -- in schools - TED Talk.mp4	00:02:35	or anger, or anxiety of one sort or another.
Dan Dennett- Let's teach religion -- all religion -- in schools - TED Talk.mp4	00:02:40	And that is the spell that I want to break.
Dan Dennett- Let's teach religion -- all religion -- in schools - TED Talk.mp4	00:02:43	I want to say, no, religions are an important natural phenomenon.
Dan Dennett- Let's teach religion -- all religion -- in schools - TED Talk.mp4	00:02:47	We should study them with the same intensity that we study all the other important natural phenomena.
Dan Dennett- Let's teach religion -- all religion -- in schools - TED Talk.mp4	00:02:52	Like global warming, as we heard so eloquently last night from Al Gore.
Dan Dennett- Let's teach religion -- all religion -- in schools - TED Talk.mp4	00:02:58	Today's religions are brilliantly designed.
Dan Dennett- Let's teach religion -- all religion -- in schools - TED Talk.mp4	00:03:01	Brilliantly designed.
Dan Dennett- Let's teach religion -- all religion -- in schools - TED Talk.mp4	00:03:02	They are immensely powerful social institutions,
Dan Dennett- Let's teach religion -- all religion -- in schools - TED Talk.mp4	00:03:07	and many of their features can be traced back to earlier features
Dan Dennett- Let's teach religion -- all religion -- in schools - TED Talk.mp4	00:03:12	that we can really make sense of by reverse engineering.
Dan Dennett- Let's teach religion -- all religion -- in schools - TED Talk.mp4	00:03:17	And as with the cow,
Dan Dennett- Let's teach religion -- all religion -- in schools - TED Talk.mp4	00:03:19	there's a mixture of evolution,
Dan Dennett- Let's teach religion -- all religion -- in schools - TED Talk.mp4	00:03:21	evolutionary design,
Dan Dennett- Let's teach religion -- all religion -- in schools - TED Talk.mp4	00:03:23	designed by natural selection itself,
Dan Dennett- Let's teach religion -- all religion -- in schools - TED Talk.mp4	00:03:25	and intelligent design,
Dan Dennett- Let's teach religion -- all religion -- in schools - TED Talk.mp4	00:03:28	more or less intelligent design,
Dan Dennett- Let's teach religion -- all religion -- in schools - TED Talk.mp4	00:03:29	and redesigned by human beings
Dan Dennett- Let's teach religion -- all religion -- in schools - TED Talk.mp4	00:03:31	who are trying to redesign their religions.
Dan Dennett- Let's teach religion -- all religion -- in schools - TED Talk.mp4	00:03:35	So this is,
Dan Dennett- Let's teach religion -- all religion -- in schools - TED Talk.mp4	00:03:36	you don't do book talks at TED,
Dan Dennett- Let's teach religion -- all religion -- in schools - TED Talk.mp4	00:03:39	but I'm going to have just one slide about my book,
Dan Dennett- Let's teach religion -- all religion -- in schools - TED Talk.mp4	00:03:44	because there's one message in it
Dan Dennett- Let's teach religion -- all religion -- in schools - TED Talk.mp4	00:03:46	which I think this group really needs to hear,
Dan Dennett- Let's teach religion -- all religion -- in schools - TED Talk.mp4	00:03:48	and I would be very interested to get your responses to this.
Dan Dennett- Let's teach religion -- all religion -- in schools - TED Talk.mp4	00:03:53	It's the one policy proposal that I make in the book
Dan Dennett- Let's teach religion -- all religion -- in schools - TED Talk.mp4	00:03:56	at this time,
Dan Dennett- Let's teach religion -- all religion -- in schools - TED Talk.mp4	00:03:58	when I claim not to know enough about religion
Dan Dennett- Let's teach religion -- all religion -- in schools - TED Talk.mp4	00:04:01	to know what other policy proposals to make,
Dan Dennett- Let's teach religion -- all religion -- in schools - TED Talk.mp4	00:04:04	and it's one that echoes
Dan Dennett- Let's teach religion -- all religion -- in schools - TED Talk.mp4	00:04:06	remarks that you've heard already today.
Dan Dennett- Let's teach religion -- all religion -- in schools - TED Talk.mp4	00:04:08	Here's my proposal.
Dan Dennett- Let's teach religion -- all religion -- in schools - TED Talk.mp4	00:04:09	I'm going to just take a couple of minutes to explain it.
Dan Dennett- Let's teach religion -- all religion -- in schools - TED Talk.mp4	00:04:12	That education in world religions,
Dan Dennett- Let's teach religion -- all religion -- in schools - TED Talk.mp4	00:04:14	on world religions,
Dan Dennett- Let's teach religion -- all religion -- in schools - TED Talk.mp4	00:04:16	for all of our children,
Dan Dennett- Let's teach religion -- all religion -- in schools - TED Talk.mp4	00:04:18	in primary school,
Dan Dennett- Let's teach religion -- all religion -- in schools - TED Talk.mp4	00:04:19	in high school,
Dan Dennett- Let's teach religion -- all religion -- in schools - TED Talk.mp4	00:04:20	in public schools,
Dan Dennett- Let's teach religion -- all religion -- in schools - TED Talk.mp4	00:04:21	in private schools,
Dan Dennett- Let's teach religion -- all religion -- in schools - TED Talk.mp4	00:04:22	and in home schooling.
Dan Dennett- Let's teach religion -- all religion -- in schools - TED Talk.mp4	00:04:24	So what I'm proposing is,
Dan Dennett- Let's teach religion -- all religion -- in schools - TED Talk.mp4	00:04:26	just as we require reading, writing, arithmetic,
Dan Dennett- Let's teach religion -- all religion -- in schools - TED Talk.mp4	00:04:30	American history,
Dan Dennett- Let's teach religion -- all religion -- in schools - TED Talk.mp4	00:04:32	so we should have a curriculum on facts
Dan Dennett- Let's teach religion -- all religion -- in schools - TED Talk.mp4	00:04:36	about all the religions of the world,
Dan Dennett- Let's teach religion -- all religion -- in schools - TED Talk.mp4	00:04:39	about their history,
Dan Dennett- Let's teach religion -- all religion -- in schools - TED Talk.mp4	00:04:40	about their creeds,
Dan Dennett- Let's teach religion -- all religion -- in schools - TED Talk.mp4	00:04:42	about their texts,
Dan Dennett- Let's teach religion -- all religion -- in schools - TED Talk.mp4	00:04:44	their music,
Dan Dennett- Let's teach religion -- all religion -- in schools - TED Talk.mp4	00:04:45	their symbolisms,
Dan Dennett- Let's teach religion -- all religion -- in schools - TED Talk.mp4	00:04:46	their prohibitions,
Dan Dennett- Let's teach religion -- all religion -- in schools - TED Talk.mp4	00:04:47	their requirements.
Dan Dennett- Let's teach religion -- all religion -- in schools - TED Talk.mp4	00:04:49	And that this should be presented factually,
Dan Dennett- Let's teach religion -- all religion -- in schools - TED Talk.mp4	00:04:54	straightforwardly,
Dan Dennett- Let's teach religion -- all religion -- in schools - TED Talk.mp4	00:04:55	with no particular spin,
Dan Dennett- Let's teach religion -- all religion -- in schools - TED Talk.mp4	00:04:56	to all of the children in the country.
Dan Dennett- Let's teach religion -- all religion -- in schools - TED Talk.mp4	00:05:02	And, as long as you teach them that,
Dan Dennett- Let's teach religion -- all religion -- in schools - TED Talk.mp4	00:05:05	you can teach them anything else you like.
Dan Dennett- Let's teach religion -- all religion -- in schools - TED Talk.mp4	00:05:07	That, I think, is maximal tolerance for religious freedom.
Dan Dennett- Let's teach religion -- all religion -- in schools - TED Talk.mp4	00:05:12	As long as you inform your children about other religions,
Dan Dennett- Let's teach religion -- all religion -- in schools - TED Talk.mp4	00:05:17	then you may,
Dan Dennett- Let's teach religion -- all religion -- in schools - TED Talk.mp4	00:05:18	and as early as you like,
Dan Dennett- Let's teach religion -- all religion -- in schools - TED Talk.mp4	00:05:19	and whatever you like,
Dan Dennett- Let's teach religion -- all religion -- in schools - TED Talk.mp4	00:05:20	teach them whatever creed you want them to learn,
Dan Dennett- Let's teach religion -- all religion -- in schools - TED Talk.mp4	00:05:23	but also let them know about other religions.
Dan Dennett- Let's teach religion -- all religion -- in schools - TED Talk.mp4	00:05:27	Now, why do I say that?
Dan Dennett- Let's teach religion -- all religion -- in schools - TED Talk.mp4	00:05:31	Because democracy depends on an informed citizenship.
Dan Dennett- Let's teach religion -- all religion -- in schools - TED Talk.mp4	00:05:37	Informed consent is the very bedrock
Dan Dennett- Let's teach religion -- all religion -- in schools - TED Talk.mp4	00:05:40	of our understanding of democracy.
Dan Dennett- Let's teach religion -- all religion -- in schools - TED Talk.mp4	00:05:45	Misinformed consent is not worth it.
Dan Dennett- Let's teach religion -- all religion -- in schools - TED Talk.mp4	00:05:48	It's like a coin flip.
Dan Dennett- Let's teach religion -- all religion -- in schools - TED Talk.mp4	00:05:49	It's just not,
Dan Dennett- Let's teach religion -- all religion -- in schools - TED Talk.mp4	00:05:50	it doesn't count, really.
Dan Dennett- Let's teach religion -- all religion -- in schools - TED Talk.mp4	00:05:51	Democracy depends on informed consent.
Dan Dennett- Let's teach religion -- all religion -- in schools - TED Talk.mp4	00:05:54	This is the way we treat people
Dan Dennett- Let's teach religion -- all religion -- in schools - TED Talk.mp4	00:05:56	as responsible adults.
Dan Dennett- Let's teach religion -- all religion -- in schools - TED Talk.mp4	00:05:59	Now, children,
Dan Dennett- Let's teach religion -- all religion -- in schools - TED Talk.mp4	00:06:02	below the age of consent,
Dan Dennett- Let's teach religion -- all religion -- in schools - TED Talk.mp4	00:06:05	are a special case.
Dan Dennett- Let's teach religion -- all religion -- in schools - TED Talk.mp4	00:06:09	Parents,
Dan Dennett- Let's teach religion -- all religion -- in schools - TED Talk.mp4	00:06:09	I'm going to use a word that Pastor Rick just used,
Dan Dennett- Let's teach religion -- all religion -- in schools - TED Talk.mp4	00:06:14	parents are stewards of their children.
Dan Dennett- Let's teach religion -- all religion -- in schools - TED Talk.mp4	00:06:17	They don't own them.
Dan Dennett- Let's teach religion -- all religion -- in schools - TED Talk.mp4	00:06:19	You can't own your children.
Dan Dennett- Let's teach religion -- all religion -- in schools - TED Talk.mp4	00:06:21	You have a responsibility to the world,
Dan Dennett- Let's teach religion -- all religion -- in schools - TED Talk.mp4	00:06:24	to the state,
Dan Dennett- Let's teach religion -- all religion -- in schools - TED Talk.mp4	00:06:26	to them,
Dan Dennett- Let's teach religion -- all religion -- in schools - TED Talk.mp4	00:06:27	to take care of them right.
Dan Dennett- Let's teach religion -- all religion -- in schools - TED Talk.mp4	00:06:30	You may teach them whatever creed you think is most important,
Dan Dennett- Let's teach religion -- all religion -- in schools - TED Talk.mp4	00:06:37	but I say you have a responsibility
Dan Dennett- Let's teach religion -- all religion -- in schools - TED Talk.mp4	00:06:40	to let them be informed about all the other creeds in the world, too.
Dan Dennett- Let's teach religion -- all religion -- in schools - TED Talk.mp4	00:06:45	Now, what,
Dan Dennett- Let's teach religion -- all religion -- in schools - TED Talk.mp4	00:06:45	the reason I've taken this time is
Dan Dennett- Let's teach religion -- all religion -- in schools - TED Talk.mp4	00:06:47	I've been fascinated to hear some of the reactions to this.
Dan Dennett- Let's teach religion -- all religion -- in schools - TED Talk.mp4	00:06:52	One reviewer
Dan Dennett- Let's teach religion -- all religion -- in schools - TED Talk.mp4	00:06:54	for a Roman Catholic newspaper called it totalitarian.
Dan Dennett- Let's teach religion -- all religion -- in schools - TED Talk.mp4	00:06:59	It strikes me as practically libertarian.
Dan Dennett- Let's teach religion -- all religion -- in schools - TED Talk.mp4	00:07:04	Is it totalitarian to require reading, writing, and arithmetic?
Dan Dennett- Let's teach religion -- all religion -- in schools - TED Talk.mp4	00:07:07	I don't think so.
Dan Dennett- Let's teach religion -- all religion -- in schools - TED Talk.mp4	00:07:08	All I'm saying is,
Dan Dennett- Let's teach religion -- all religion -- in schools - TED Talk.mp4	00:07:10	and facts,
Dan Dennett- Let's teach religion -- all religion -- in schools - TED Talk.mp4	00:07:12	facts only,
Dan Dennett- Let's teach religion -- all religion -- in schools - TED Talk.mp4	00:07:13	no values,
Dan Dennett- Let's teach religion -- all religion -- in schools - TED Talk.mp4	00:07:15	just facts,
Dan Dennett- Let's teach religion -- all religion -- in schools - TED Talk.mp4	00:07:15	facts about all the world's religions.
Dan Dennett- Let's teach religion -- all religion -- in schools - TED Talk.mp4	00:07:19	Another reviewer called it hilarious.
Dan Dennett- Let's teach religion -- all religion -- in schools - TED Talk.mp4	00:07:23	Well,
Dan Dennett- Let's teach religion -- all religion -- in schools - TED Talk.mp4	00:07:24	I'm really bothered by the fact
Dan Dennett- Let's teach religion -- all religion -- in schools - TED Talk.mp4	00:07:26	that anybody would think that was hilarious.
Dan Dennett- Let's teach religion -- all religion -- in schools - TED Talk.mp4	00:07:29	It seems to me to be such a plausible,
Dan Dennett- Let's teach religion -- all religion -- in schools - TED Talk.mp4	00:07:33	natural extension of the democratic principles we already have
Dan Dennett- Let's teach religion -- all religion -- in schools - TED Talk.mp4	00:07:37	that I'm shocked to think anybody would find that just ridiculous.
Dan Dennett- Let's teach religion -- all religion -- in schools - TED Talk.mp4	00:07:42	I know,
Dan Dennett- Let's teach religion -- all religion -- in schools - TED Talk.mp4	00:07:43	many religions
Dan Dennett- Let's teach religion -- all religion -- in schools - TED Talk.mp4	00:07:46	are so anxious
Dan Dennett- Let's teach religion -- all religion -- in schools - TED Talk.mp4	00:07:47	about preserving the purity of their faith among their children
Dan Dennett- Let's teach religion -- all religion -- in schools - TED Talk.mp4	00:07:53	that they are intent
Dan Dennett- Let's teach religion -- all religion -- in schools - TED Talk.mp4	00:07:54	on keeping their children ignorant of other faiths.
Dan Dennett- Let's teach religion -- all religion -- in schools - TED Talk.mp4	00:08:00	I don't think that's defensible.
Dan Dennett- Let's teach religion -- all religion -- in schools - TED Talk.mp4	00:08:03	But I'd really be pleased to get your answers on that.
Dan Dennett- Let's teach religion -- all religion -- in schools - TED Talk.mp4	00:08:05	Any reactions to that later.
Dan Dennett- Let's teach religion -- all religion -- in schools - TED Talk.mp4	00:08:07	But now I'm going to move on.
Dan Dennett- Let's teach religion -- all religion -- in schools - TED Talk.mp4	00:08:09	Back to the cow.
Dan Dennett- Let's teach religion -- all religion -- in schools - TED Talk.mp4	00:08:11	This picture, which I pulled off the web,
Dan Dennett- Let's teach religion -- all religion -- in schools - TED Talk.mp4	00:08:14	the fellow on the left is really an important part of this picture.
Dan Dennett- Let's teach religion -- all religion -- in schools - TED Talk.mp4	00:08:17	That's the steward.
Dan Dennett- Let's teach religion -- all religion -- in schools - TED Talk.mp4	00:08:19	Cows couldn't live without human stewards.
Dan Dennett- Let's teach religion -- all religion -- in schools - TED Talk.mp4	00:08:23	They're domesticated.
Dan Dennett- Let's teach religion -- all religion -- in schools - TED Talk.mp4	00:08:25	They're a sort of ecto-symbiont.
Dan Dennett- Let's teach religion -- all religion -- in schools - TED Talk.mp4	00:08:28	They depend on us for their survival.
Dan Dennett- Let's teach religion -- all religion -- in schools - TED Talk.mp4	00:08:35	And Pastor Rick was just talking about sheep.
Dan Dennett- Let's teach religion -- all religion -- in schools - TED Talk.mp4	00:08:37	I'm going to talk about sheep too.
Dan Dennett- Let's teach religion -- all religion -- in schools - TED Talk.mp4	00:08:38	There's a lot of serendipitous convergence here.
Dan Dennett- Let's teach religion -- all religion -- in schools - TED Talk.mp4	00:08:41	How clever it was of sheep to acquire shepherds.
Dan Dennett- Let's teach religion -- all religion -- in schools - TED Talk.mp4	00:08:48	Think of what this got them.
Dan Dennett- Let's teach religion -- all religion -- in schools - TED Talk.mp4	00:08:50	They could outsource all their problems.
Dan Dennett- Let's teach religion -- all religion -- in schools - TED Talk.mp4	00:08:53	Protection from predators,
Dan Dennett- Let's teach religion -- all religion -- in schools - TED Talk.mp4	00:08:54	food finding,
Dan Dennett- Let's teach religion -- all religion -- in schools - TED Talk.mp4	00:08:56	health maintenance.
Dan Dennett- Let's teach religion -- all religion -- in schools - TED Talk.mp4	00:09:00	The only cost in most flocks,
Dan Dennett- Let's teach religion -- all religion -- in schools - TED Talk.mp4	00:09:03	not even this,
Dan Dennett- Let's teach religion -- all religion -- in schools - TED Talk.mp4	00:09:03	a loss of free mating.
Dan Dennett- Let's teach religion -- all religion -- in schools - TED Talk.mp4	00:09:07	What a deal.
Dan Dennett- Let's teach religion -- all religion -- in schools - TED Talk.mp4	00:09:09	How clever of sheep,
Dan Dennett- Let's teach religion -- all religion -- in schools - TED Talk.mp4	00:09:11	you might say.
Dan Dennett- Let's teach religion -- all religion -- in schools - TED Talk.mp4	00:09:11	Except, of course, it wasn't the sheep's cleverness.
Dan Dennett- Let's teach religion -- all religion -- in schools - TED Talk.mp4	00:09:14	We all know sheep are not exactly rocket scientists.
Dan Dennett- Let's teach religion -- all religion -- in schools - TED Talk.mp4	00:09:17	They're not very smart.
Dan Dennett- Let's teach religion -- all religion -- in schools - TED Talk.mp4	00:09:19	It wasn't the cleverness of the sheep at all.
Dan Dennett- Let's teach religion -- all religion -- in schools - TED Talk.mp4	00:09:22	They were clueless.
Dan Dennett- Let's teach religion -- all religion -- in schools - TED Talk.mp4	00:09:24	But it was a very clever move.
Dan Dennett- Let's teach religion -- all religion -- in schools - TED Talk.mp4	00:09:26	Whose clever move was it?
Dan Dennett- Let's teach religion -- all religion -- in schools - TED Talk.mp4	00:09:27	It was a clever move of natural selection itself.
Dan Dennett- Let's teach religion -- all religion -- in schools - TED Talk.mp4	00:09:32	Francis Crick,
Dan Dennett- Let's teach religion -- all religion -- in schools - TED Talk.mp4	00:09:34	the co-discoverer of the structure of DNA with Jim Watson,
Dan Dennett- Let's teach religion -- all religion -- in schools - TED Talk.mp4	00:09:39	once joked about what he thought was a very clever move.
Dan Dennett- Let's teach religion -- all religion -- in schools - TED Talk.mp4	00:09:41	He led the line in a conversation that he called
Dan Dennett- Let's teach religion -- all religion -- in schools - TED Talk.mp4	00:09:41	Orgel's Second Rule.
Dan Dennett- Let's teach religion -- all religion -- in schools - TED Talk.mp4	00:09:42	Leslie Orgel is still a molecular biologist,
Dan Dennett- Let's teach religion -- all religion -- in schools - TED Talk.mp4	00:09:47	bright guy...
Dan Dennett- Let's teach religion -- all religion -- in schools - TED Talk.mp4	00:09:48	And Orgel's Second Rule is
Dan Dennett- Let's teach religion -- all religion -- in schools - TED Talk.mp4	00:09:49	evolution is cleverer than you are.
Dan Dennett- Let's teach religion -- all religion -- in schools - TED Talk.mp4	00:09:52	Now that is not intelligent design.
Dan Dennett- Let's teach religion -- all religion -- in schools - TED Talk.mp4	00:09:56	Not from Francis Crick.
Dan Dennett- Let's teach religion -- all religion -- in schools - TED Talk.mp4	00:09:59	Evolution is cleverer than you are.
Dan Dennett- Let's teach religion -- all religion -- in schools - TED Talk.mp4	00:10:01	If you understand Orgel's Second Rule,
Dan Dennett- Let's teach religion -- all religion -- in schools - TED Talk.mp4	00:10:03	you'll understand why the intelligent design
Dan Dennett- Let's teach religion -- all religion -- in schools - TED Talk.mp4	00:10:07	movement is basically a hoax.
Dan Dennett- Let's teach religion -- all religion -- in schools - TED Talk.mp4	00:10:10	But our...
Dan Dennett- Let's teach religion -- all religion -- in schools - TED Talk.mp4	00:10:11	The designs discovered by the process of natural selection are brilliant, unbelievably brilliant.
Dan Dennett- Let's teach religion -- all religion -- in schools - TED Talk.mp4	00:10:18	Again and again, biologists are fascinated with the brilliance of what's discovered.
Dan Dennett- Let's teach religion -- all religion -- in schools - TED Talk.mp4	00:10:23	But the process itself is without purpose, without foresight, without design.
Dan Dennett- Let's teach religion -- all religion -- in schools - TED Talk.mp4	00:10:29	When I was here four years ago, I told a story about an ant climbing a blade of grass.
Dan Dennett- Let's teach religion -- all religion -- in schools - TED Talk.mp4	00:10:33	And why was the ant doing it was because its brain had been infected with a lancet fluke
Dan Dennett- Let's teach religion -- all religion -- in schools - TED Talk.mp4	00:10:39	that was needed to get into the belly of a sheep or a cow in order to reproduce.
Dan Dennett- Let's teach religion -- all religion -- in schools - TED Talk.mp4	00:10:45	It was sort of a spooky story.
Dan Dennett- Let's teach religion -- all religion -- in schools - TED Talk.mp4	00:10:47	And I think some people may have misunderstood.
Dan Dennett- Let's teach religion -- all religion -- in schools - TED Talk.mp4	00:10:50	Lancet flukes aren't smart.
Dan Dennett- Let's teach religion -- all religion -- in schools - TED Talk.mp4	00:10:52	I submit that the intelligence of a lancet fluke is down there somewhere between petunia and carrot.
Dan Dennett- Let's teach religion -- all religion -- in schools - TED Talk.mp4	00:10:58	They're not really bright.
Dan Dennett- Let's teach religion -- all religion -- in schools - TED Talk.mp4	00:11:00	They don't have to be.
Dan Dennett- Let's teach religion -- all religion -- in schools - TED Talk.mp4	00:11:00	The lesson we learn from this is you don't have to have a mind.
Dan Dennett- Let's teach religion -- all religion -- in schools - TED Talk.mp4	00:11:03	To be a beneficiary.
Dan Dennett- Let's teach religion -- all religion -- in schools - TED Talk.mp4	00:11:05	The design is there in nature, but it's not in anybody's head.
Dan Dennett- Let's teach religion -- all religion -- in schools - TED Talk.mp4	00:11:10	It doesn't have to be.
Dan Dennett- Let's teach religion -- all religion -- in schools - TED Talk.mp4	00:11:12	That's the way evolution works.
Dan Dennett- Let's teach religion -- all religion -- in schools - TED Talk.mp4	00:11:14	Question, was domestication good for sheep?
Dan Dennett- Let's teach religion -- all religion -- in schools - TED Talk.mp4	00:11:17	It was great for their genetic fitness.
Dan Dennett- Let's teach religion -- all religion -- in schools - TED Talk.mp4	00:11:19	And here I want to remind you of a wonderful point that Paul McCready made at TED three years ago.
Dan Dennett- Let's teach religion -- all religion -- in schools - TED Talk.mp4	00:11:26	Here's what he said.
Dan Dennett- Let's teach religion -- all religion -- in schools - TED Talk.mp4	00:11:28	10,000 years ago at the dawn of agriculture,
Dan Dennett- Let's teach religion -- all religion -- in schools - TED Talk.mp4	00:11:31	human population plus livestock and pets
Dan Dennett- Let's teach religion -- all religion -- in schools - TED Talk.mp4	00:11:33	was approximately a tenth of one percent of the terrestrial vertebrate land mass.
Dan Dennett- Let's teach religion -- all religion -- in schools - TED Talk.mp4	00:11:38	That was just 10,000 years ago.
Dan Dennett- Let's teach religion -- all religion -- in schools - TED Talk.mp4	00:11:41	Yesterday in biological terms.
Dan Dennett- Let's teach religion -- all religion -- in schools - TED Talk.mp4	00:11:43	What is it today?
Dan Dennett- Let's teach religion -- all religion -- in schools - TED Talk.mp4	00:11:44	Anybody remember what he told us?
Dan Dennett- Let's teach religion -- all religion -- in schools - TED Talk.mp4	00:11:48	98%.
Dan Dennett- Let's teach religion -- all religion -- in schools - TED Talk.mp4	00:11:49	That is what we have done on this planet.
Dan Dennett- Let's teach religion -- all religion -- in schools - TED Talk.mp4	00:11:52	Now, I talked to Paul afterwards.
Dan Dennett- Let's teach religion -- all religion -- in schools - TED Talk.mp4	00:11:54	I wanted to check out to find out how he'd calculated this and get the sources and so forth.
Dan Dennett- Let's teach religion -- all religion -- in schools - TED Talk.mp4	00:11:58	And he also he gave me a paper that he had written on this and there was a passage in it which he did not.
Dan Dennett- Let's teach religion -- all religion -- in schools - TED Talk.mp4	00:12:03	I did not present here.
Dan Dennett- Let's teach religion -- all religion -- in schools - TED Talk.mp4	00:12:03	And I think it is so good I'm going to read it to you.
Dan Dennett- Let's teach religion -- all religion -- in schools - TED Talk.mp4	00:12:06	Over billions of years on a unique sphere,
Dan Dennett- Let's teach religion -- all religion -- in schools - TED Talk.mp4	00:12:10	chance has painted a thin covering of life.
Dan Dennett- Let's teach religion -- all religion -- in schools - TED Talk.mp4	00:12:13	Complex, improbable, wonderful and fragile.
Dan Dennett- Let's teach religion -- all religion -- in schools - TED Talk.mp4	00:12:16	Suddenly, we humans, a recently arrived species,
Dan Dennett- Let's teach religion -- all religion -- in schools - TED Talk.mp4	00:12:19	no longer subject to the checks and balances inherent in nature,
Dan Dennett- Let's teach religion -- all religion -- in schools - TED Talk.mp4	00:12:22	have grown in population technology and intelligence to a position of terrible power.
Dan Dennett- Let's teach religion -- all religion -- in schools - TED Talk.mp4	00:12:27	We now wield the paintbrush.
Dan Dennett- Let's teach religion -- all religion -- in schools - TED Talk.mp4	00:12:30	We heard about the atmosphere as a
Dan Dennett- Let's teach religion -- all religion -- in schools - TED Talk.mp4	00:12:32	thin layer of varnish.
Dan Dennett- Let's teach religion -- all religion -- in schools - TED Talk.mp4	00:12:34	Life itself is just a thin coat of paint on this planet.
Dan Dennett- Let's teach religion -- all religion -- in schools - TED Talk.mp4	00:12:38	And we're the ones that hold the paintbrush.
Dan Dennett- Let's teach religion -- all religion -- in schools - TED Talk.mp4	00:12:40	And how can we do that?
Dan Dennett- Let's teach religion -- all religion -- in schools - TED Talk.mp4	00:12:42	The key to our domination of the planet is culture.
Dan Dennett- Let's teach religion -- all religion -- in schools - TED Talk.mp4	00:12:46	And the key to culture is religion.
Dan Dennett- Let's teach religion -- all religion -- in schools - TED Talk.mp4	00:12:50	Suppose Martian scientists came to Earth.
Dan Dennett- Let's teach religion -- all religion -- in schools - TED Talk.mp4	00:12:53	They would be puzzled by many things.
Dan Dennett- Let's teach religion -- all religion -- in schools - TED Talk.mp4	00:12:55	See, I'm going to have to whip along.
Dan Dennett- Let's teach religion -- all religion -- in schools - TED Talk.mp4	00:12:57	Anybody know what this is? I'll tell you what it is.
Dan Dennett- Let's teach religion -- all religion -- in schools - TED Talk.mp4	00:13:00	This is a million people
Dan Dennett- Let's teach religion -- all religion -- in schools - TED Talk.mp4	00:13:02	gathering on the banks of the Ganges in 2001.
Dan Dennett- Let's teach religion -- all religion -- in schools - TED Talk.mp4	00:13:06	Perhaps the largest single gathering of human beings ever.
Dan Dennett- Let's teach religion -- all religion -- in schools - TED Talk.mp4	00:13:09	As seen from satellite photograph.
Dan Dennett- Let's teach religion -- all religion -- in schools - TED Talk.mp4	00:13:11	Here's a big crowd.
Dan Dennett- Let's teach religion -- all religion -- in schools - TED Talk.mp4	00:13:13	Here's another crowd in Mecca.
Dan Dennett- Let's teach religion -- all religion -- in schools - TED Talk.mp4	00:13:16	Martians would be amazed by this.
Dan Dennett- Let's teach religion -- all religion -- in schools - TED Talk.mp4	00:13:18	They'd want to know how it originated,
Dan Dennett- Let's teach religion -- all religion -- in schools - TED Talk.mp4	00:13:20	what it was for,
Dan Dennett- Let's teach religion -- all religion -- in schools - TED Talk.mp4	00:13:21	and how it perpetuates itself.
Dan Dennett- Let's teach religion -- all religion -- in schools - TED Talk.mp4	00:13:23	Actually, I'm going to pass over this.
Dan Dennett- Let's teach religion -- all religion -- in schools - TED Talk.mp4	00:13:25	This is a...
Dan Dennett- Let's teach religion -- all religion -- in schools - TED Talk.mp4	00:13:26	The ant isn't alone.
Dan Dennett- Let's teach religion -- all religion -- in schools - TED Talk.mp4	00:13:27	There's all sorts of wonderful cases of species,
Dan Dennett- Let's teach religion -- all religion -- in schools - TED Talk.mp4	00:13:31	which, in that case,
Dan Dennett- Let's teach religion -- all religion -- in schools - TED Talk.mp4	00:13:32	a parasite gets into a mouse,
Dan Dennett- Let's teach religion -- all religion -- in schools - TED Talk.mp4	00:13:36	and it needs to get into the belly of a cat,
Dan Dennett- Let's teach religion -- all religion -- in schools - TED Talk.mp4	00:13:38	and it turns the mouse into a mighty mouse.
Dan Dennett- Let's teach religion -- all religion -- in schools - TED Talk.mp4	00:13:40	It makes it fearless,
Dan Dennett- Let's teach religion -- all religion -- in schools - TED Talk.mp4	00:13:41	so it runs out in the open,
Dan Dennett- Let's teach religion -- all religion -- in schools - TED Talk.mp4	00:13:42	where it'll be eaten by a cat.
Dan Dennett- Let's teach religion -- all religion -- in schools - TED Talk.mp4	00:13:43	True story.
Dan Dennett- Let's teach religion -- all religion -- in schools - TED Talk.mp4	00:13:45	In other words, we have these hijackers.
Dan Dennett- Let's teach religion -- all religion -- in schools - TED Talk.mp4	00:13:48	You've seen this slide before, from four years ago.
Dan Dennett- Let's teach religion -- all religion -- in schools - TED Talk.mp4	00:13:50	A parasite that infects the brain
Dan Dennett- Let's teach religion -- all religion -- in schools - TED Talk.mp4	00:13:52	and induces even suicidal behavior
Dan Dennett- Let's teach religion -- all religion -- in schools - TED Talk.mp4	00:13:54	on behalf of a cause other than one's own genetic fitness.
Dan Dennett- Let's teach religion -- all religion -- in schools - TED Talk.mp4	00:13:58	Does that ever happen to us?
Dan Dennett- Let's teach religion -- all religion -- in schools - TED Talk.mp4	00:14:00	Yes, it does.
Dan Dennett- Let's teach religion -- all religion -- in schools - TED Talk.mp4	00:14:02	Quite wonderfully.
Dan Dennett- Let's teach religion -- all religion -- in schools - TED Talk.mp4	00:14:05	The Arabic word Islam means submission,
Dan Dennett- Let's teach religion -- all religion -- in schools - TED Talk.mp4	00:14:07	means surrender of self-interest to the will of Allah.
Dan Dennett- Let's teach religion -- all religion -- in schools - TED Talk.mp4	00:14:10	But I'm not just talking about Islam.
Dan Dennett- Let's teach religion -- all religion -- in schools - TED Talk.mp4	00:14:12	I'm talking also about Christianity.
Dan Dennett- Let's teach religion -- all religion -- in schools - TED Talk.mp4	00:14:14	This is a parchment music page
Dan Dennett- Let's teach religion -- all religion -- in schools - TED Talk.mp4	00:14:16	that I found in a Paris book stall 50 years ago.
Dan Dennett- Let's teach religion -- all religion -- in schools - TED Talk.mp4	00:14:19	And on it, it says, in Latin,
Dan Dennett- Let's teach religion -- all religion -- in schools - TED Talk.mp4	00:14:23	,
Dan Dennett- Let's teach religion -- all religion -- in schools - TED Talk.mp4	00:14:23	,
Dan Dennett- Let's teach religion -- all religion -- in schools - TED Talk.mp4	00:14:25	,
Dan Dennett- Let's teach religion -- all religion -- in schools - TED Talk.mp4	00:14:26	,
Dan Dennett- Let's teach religion -- all religion -- in schools - TED Talk.mp4	00:14:26	,
Dan Dennett- Let's teach religion -- all religion -- in schools - TED Talk.mp4	00:14:27	,
Dan Dennett- Let's teach religion -- all religion -- in schools - TED Talk.mp4	00:14:28	.
Dan Dennett- Let's teach religion -- all religion -- in schools - TED Talk.mp4	00:14:31	But in fact, Christians too
Dan Dennett- Let's teach religion -- all religion -- in schools - TED Talk.mp4	00:14:34	,
Dan Dennett- Let's teach religion -- all religion -- in schools - TED Talk.mp4	00:14:36	,
Dan Dennett- Let's teach religion -- all religion -- in schools - TED Talk.mp4	00:14:37	,
Dan Dennett- Let's teach religion -- all religion -- in schools - TED Talk.mp4	00:14:37	
Dan Dennett- Let's teach religion -- all religion -- in schools - TED Talk.mp4	00:14:37	,
Dan Dennett- Let's teach religion -- all religion -- in schools - TED Talk.mp4	00:14:38	,
Dan Dennett- Let's teach religion -- all religion -- in schools - TED Talk.mp4	00:14:38	,
Dan Dennett- Let's teach religion -- all religion -- in schools - TED Talk.mp4	00:14:39	,
Dan Dennett- Let's teach religion -- all religion -- in schools - TED Talk.mp4	00:14:39	,
Dan Dennett- Let's teach religion -- all religion -- in schools - TED Talk.mp4	00:14:39	,
Dan Dennett- Let's teach religion -- all religion -- in schools - TED Talk.mp4	00:14:47	.
Dan Dennett- Let's teach religion -- all religion -- in schools - TED Talk.mp4	00:14:51	And I want to turn now, briefly,
Dan Dennett- Let's teach religion -- all religion -- in schools - TED Talk.mp4	00:14:57	to talk about that book, which I've read.
Dan Dennett- Let's teach religion -- all religion -- in schools - TED Talk.mp4	00:14:59	You've all got a copy.
Dan Dennett- Let's teach religion -- all religion -- in schools - TED Talk.mp4	00:15:02	And what I want to do now is say a bit about this book from the design standpoint,
Dan Dennett- Let's teach religion -- all religion -- in schools - TED Talk.mp4	00:15:07	because I think it's actually a brilliant book.
Dan Dennett- Let's teach religion -- all religion -- in schools - TED Talk.mp4	00:15:11	First of all, the goal, and you heard just now what the goal is,
Dan Dennett- Let's teach religion -- all religion -- in schools - TED Talk.mp4	00:15:14	is to bring purpose to the lives of millions.
Dan Dennett- Let's teach religion -- all religion -- in schools - TED Talk.mp4	00:15:16	And he has succeeded.
Dan Dennett- Let's teach religion -- all religion -- in schools - TED Talk.mp4	00:15:18	Is it a good goal?
Dan Dennett- Let's teach religion -- all religion -- in schools - TED Talk.mp4	00:15:19	In itself, I'm sure we all agree, it is a wonderful goal.
Dan Dennett- Let's teach religion -- all religion -- in schools - TED Talk.mp4	00:15:22	He's absolutely right.
Dan Dennett- Let's teach religion -- all religion -- in schools - TED Talk.mp4	00:15:23	There are lots of people out there who don't have purpose in their life,
Dan Dennett- Let's teach religion -- all religion -- in schools - TED Talk.mp4	00:15:27	and bringing purpose to their life is a wonderful goal.
Dan Dennett- Let's teach religion -- all religion -- in schools - TED Talk.mp4	00:15:29	I give him an A-plus on this.
Dan Dennett- Let's teach religion -- all religion -- in schools - TED Talk.mp4	00:15:33	Is the goal achieved?
Dan Dennett- Let's teach religion -- all religion -- in schools - TED Talk.mp4	00:15:37	Yes.
Dan Dennett- Let's teach religion -- all religion -- in schools - TED Talk.mp4	00:15:39	30 million copies of this book.
Dan Dennett- Let's teach religion -- all religion -- in schools - TED Talk.mp4	00:15:43	Al Gore, eat your heart out.
Dan Dennett- Let's teach religion -- all religion -- in schools - TED Talk.mp4	00:15:45	I mean, just exactly what Al is trying to do, Rick is doing.
Dan Dennett- Let's teach religion -- all religion -- in schools - TED Talk.mp4	00:15:52	This is a fantastic achievement.
Dan Dennett- Let's teach religion -- all religion -- in schools - TED Talk.mp4	00:15:57	And the memes, how does he do it?
Dan Dennett- Let's teach religion -- all religion -- in schools - TED Talk.mp4	00:16:00	It's a brilliant redesign.
Dan Dennett- Let's teach religion -- all religion -- in schools - TED Talk.mp4	00:16:01	It's a brilliant redesign of traditional religious themes,
Dan Dennett- Let's teach religion -- all religion -- in schools - TED Talk.mp4	00:16:03	updating them, quietly dropping obsolete features,
Dan Dennett- Let's teach religion -- all religion -- in schools - TED Talk.mp4	00:16:06	putting new interpretations on other features.
Dan Dennett- Let's teach religion -- all religion -- in schools - TED Talk.mp4	00:16:08	This is the evolution of religion that's been going on for thousands of years,
Dan Dennett- Let's teach religion -- all religion -- in schools - TED Talk.mp4	00:16:12	and he's just the latest brilliant practitioner of it.
Dan Dennett- Let's teach religion -- all religion -- in schools - TED Talk.mp4	00:16:17	I don't have to tell you this.
Dan Dennett- Let's teach religion -- all religion -- in schools - TED Talk.mp4	00:16:18	You just heard the man.
Dan Dennett- Let's teach religion -- all religion -- in schools - TED Talk.mp4	00:16:19	Excellent insights into human psychology, wise advice on every page.
Dan Dennett- Let's teach religion -- all religion -- in schools - TED Talk.mp4	00:16:26	Moreover, he invites us to look under the hood.
Dan Dennett- Let's teach religion -- all religion -- in schools - TED Talk.mp4	00:16:29	I really appreciated that.
Dan Dennett- Let's teach religion -- all religion -- in schools - TED Talk.mp4	00:16:30	For instance, he has an appendix.
Dan Dennett- Let's teach religion -- all religion -- in schools - TED Talk.mp4	00:16:31	It's where he explains his choice of translations of different Bible verses.
Dan Dennett- Let's teach religion -- all religion -- in schools - TED Talk.mp4	00:16:36	The book is clear, vivid, accessible, beautifully formatted.
Dan Dennett- Let's teach religion -- all religion -- in schools - TED Talk.mp4	00:16:42	Just enough repetition.
Dan Dennett- Let's teach religion -- all religion -- in schools - TED Talk.mp4	00:16:44	That's really important.
Dan Dennett- Let's teach religion -- all religion -- in schools - TED Talk.mp4	00:16:46	Every time you read it or say it, you make another copy in your brain.
Dan Dennett- Let's teach religion -- all religion -- in schools - TED Talk.mp4	00:16:52	Every time you read it or say it, you make another copy in your brain.
Dan Dennett- Let's teach religion -- all religion -- in schools - TED Talk.mp4	00:16:56	With me, everybody.
Dan Dennett- Let's teach religion -- all religion -- in schools - TED Talk.mp4	00:16:58	Every time you read it or say it, you make another copy in your brain.
Dan Dennett- Let's teach religion -- all religion -- in schools - TED Talk.mp4	00:17:03	Thank you.
Dan Dennett- Let's teach religion -- all religion -- in schools - TED Talk.mp4	00:17:04	And now we come to my problem,
Dan Dennett- Let's teach religion -- all religion -- in schools - TED Talk.mp4	00:17:07	because I'm absolutely sincere in my appreciation of all that I've said about this book.
Dan Dennett- Let's teach religion -- all religion -- in schools - TED Talk.mp4	00:17:12	But I wish it were better.
Dan Dennett- Let's teach religion -- all religion -- in schools - TED Talk.mp4	00:17:14	I have some problems with the book,
Dan Dennett- Let's teach religion -- all religion -- in schools - TED Talk.mp4	00:17:16	and it would just be insincere of me not to address those problems.
Dan Dennett- Let's teach religion -- all religion -- in schools - TED Talk.mp4	00:17:20	I wish he could do this with a revision, a Mark 2 version of his book.
Dan Dennett- Let's teach religion -- all religion -- in schools - TED Talk.mp4	00:17:28	The truth will set you free.
Dan Dennett- Let's teach religion -- all religion -- in schools - TED Talk.mp4	00:17:30	That's what it says in the Bible.
Dan Dennett- Let's teach religion -- all religion -- in schools - TED Talk.mp4	00:17:31	
Dan Dennett- Let's teach religion -- all religion -- in schools - TED Talk.mp4	00:17:31	
Dan Dennett- Let's teach religion -- all religion -- in schools - TED Talk.mp4	00:17:31	And it's something that I want to live by, too.
Dan Dennett- Let's teach religion -- all religion -- in schools - TED Talk.mp4	00:17:35	My problem is, some of the bits in it I don't think are true.
Dan Dennett- Let's teach religion -- all religion -- in schools - TED Talk.mp4	00:17:40	Now, some of this is a difference of opinion, and that's not my main complaint.
Dan Dennett- Let's teach religion -- all religion -- in schools - TED Talk.mp4	00:17:47	It's worth mentioning.
Dan Dennett- Let's teach religion -- all religion -- in schools - TED Talk.mp4	00:17:48	Here's a passage.
Dan Dennett- Let's teach religion -- all religion -- in schools - TED Talk.mp4	00:17:49	It's very much what he said anyway.
Dan Dennett- Let's teach religion -- all religion -- in schools - TED Talk.mp4	00:17:51	If there was no God, we would all be accidents, the result of astronomical random chance in the universe.
Dan Dennett- Let's teach religion -- all religion -- in schools - TED Talk.mp4	00:17:57	You can stop reading this book because life would have no purpose or meaning or significance.
Dan Dennett- Let's teach religion -- all religion -- in schools - TED Talk.mp4	00:18:01	
Dan Dennett- Let's teach religion -- all religion -- in schools - TED Talk.mp4	00:18:01	
Dan Dennett- Let's teach religion -- all religion -- in schools - TED Talk.mp4	00:18:01	
Dan Dennett- Let's teach religion -- all religion -- in schools - TED Talk.mp4	00:18:01	
Dan Dennett- Let's teach religion -- all religion -- in schools - TED Talk.mp4	00:18:01	There would be no right or wrong and no hope beyond your brief years on earth.
Dan Dennett- Let's teach religion -- all religion -- in schools - TED Talk.mp4	00:18:05	Now, I just do not believe that.
Dan Dennett- Let's teach religion -- all religion -- in schools - TED Talk.mp4	00:18:07	By the way, I thought Homer Groening's film presented a beautiful alternative to that very claim.
Dan Dennett- Let's teach religion -- all religion -- in schools - TED Talk.mp4	00:18:16	Yes, there is meaning and a reason for right or wrong.
Dan Dennett- Let's teach religion -- all religion -- in schools - TED Talk.mp4	00:18:19	We don't need a belief in God to be good or to have meaning in our lives.
Dan Dennett- Let's teach religion -- all religion -- in schools - TED Talk.mp4	00:18:25	But that, as I say, that is just a difference of opinion.
Dan Dennett- Let's teach religion -- all religion -- in schools - TED Talk.mp4	00:18:30	That's not what I'm really worried about.
Dan Dennett- Let's teach religion -- all religion -- in schools - TED Talk.mp4	00:18:32	How about this?
Dan Dennett- Let's teach religion -- all religion -- in schools - TED Talk.mp4	00:18:33	God designed this planet's environment just so we could live in it.
Dan Dennett- Let's teach religion -- all religion -- in schools - TED Talk.mp4	00:18:38	I'm afraid that a lot of people take that sentiment to mean that we don't have to do the sorts of things that Al Gore is trying so hard to get us to do.
Dan Dennett- Let's teach religion -- all religion -- in schools - TED Talk.mp4	00:18:48	I'm not happy with that sentiment at all.
Dan Dennett- Let's teach religion -- all religion -- in schools - TED Talk.mp4	00:18:50	And then I find this.
Dan Dennett- Let's teach religion -- all religion -- in schools - TED Talk.mp4	00:18:51	All the evidence available in the biological sciences supports the core proposition that the cosmos is especially designed whole with life and mankind as its fundamental goal and purpose.
Dan Dennett- Let's teach religion -- all religion -- in schools - TED Talk.mp4	00:19:01	A whole in which all facets of reality have their meaning and explanation in this central fact.
Dan Dennett- Let's teach religion -- all religion -- in schools - TED Talk.mp4	00:19:06	Well, that's Michael Dennett.
Dan Dennett- Let's teach religion -- all religion -- in schools - TED Talk.mp4	00:19:07	He's a creationist.
Dan Dennett- Let's teach religion -- all religion -- in schools - TED Talk.mp4	00:19:10	And here, I think, wait a minute.
Dan Dennett- Let's teach religion -- all religion -- in schools - TED Talk.mp4	00:19:12	I read this again.
Dan Dennett- Let's teach religion -- all religion -- in schools - TED Talk.mp4	00:19:13	I read it three or four times.
Dan Dennett- Let's teach religion -- all religion -- in schools - TED Talk.mp4	00:19:14	Is he really endorsing intelligent design?
Dan Dennett- Let's teach religion -- all religion -- in schools - TED Talk.mp4	00:19:18	Is he endorsing creationism here?
Dan Dennett- Let's teach religion -- all religion -- in schools - TED Talk.mp4	00:19:19	And you can't tell.
Dan Dennett- Let's teach religion -- all religion -- in schools - TED Talk.mp4	00:19:21	So I'm starting to think, well, I don't know.
Dan Dennett- Let's teach religion -- all religion -- in schools - TED Talk.mp4	00:19:22	I don't know if I want to get upset with this yet.
Dan Dennett- Let's teach religion -- all religion -- in schools - TED Talk.mp4	00:19:25	But then I read on.
Dan Dennett- Let's teach religion -- all religion -- in schools - TED Talk.mp4	00:19:26	And I read this.
Dan Dennett- Let's teach religion -- all religion -- in schools - TED Talk.mp4	00:19:27	First, Noah had never seen rain because prior to the flood, God irrigated the earth from the ground up.
Dan Dennett- Let's teach religion -- all religion -- in schools - TED Talk.mp4	00:19:34	I wish that sentence weren't in there.
Dan Dennett- Let's teach religion -- all religion -- in schools - TED Talk.mp4	00:19:37	Because I think it is false.
Dan Dennett- Let's teach religion -- all religion -- in schools - TED Talk.mp4	00:19:39	And I think that thinking this way about the history of the planet after we've just been hearing about the history of the planet over millions of years discourages people from scientific understanding.
Dan Dennett- Let's teach religion -- all religion -- in schools - TED Talk.mp4	00:19:53	Now, Rick Warren,
Dan Dennett- Let's teach religion -- all religion -- in schools - TED Talk.mp4	00:19:58	uses scientific terms and scientific factoids and information in a very interesting way.
Dan Dennett- Let's teach religion -- all religion -- in schools - TED Talk.mp4	00:20:04	Here's one.
Dan Dennett- Let's teach religion -- all religion -- in schools - TED Talk.mp4	00:20:04	God deliberately shaped and formed you to serve him in a way that makes your ministry unique.
Dan Dennett- Let's teach religion -- all religion -- in schools - TED Talk.mp4	00:20:09	He carefully mixed the DNA cocktail that created you.
Dan Dennett- Let's teach religion -- all religion -- in schools - TED Talk.mp4	00:20:15	I think that's false.
Dan Dennett- Let's teach religion -- all religion -- in schools - TED Talk.mp4	00:20:18	Now, maybe we want to treat it as metaphorical.
Dan Dennett- Let's teach religion -- all religion -- in schools - TED Talk.mp4	00:20:21	Here's another one.
Dan Dennett- Let's teach religion -- all religion -- in schools - TED Talk.mp4	00:20:23	For instance, your brain can store 100 trillion facts.
Dan Dennett- Let's teach religion -- all religion -- in schools - TED Talk.mp4	00:20:25	Your mind can handle 15,000 seconds.
Dan Dennett- Let's teach religion -- all religion -- in schools - TED Talk.mp4	00:20:27	You can make decisions in a second.
Dan Dennett- Let's teach religion -- all religion -- in schools - TED Talk.mp4	00:20:29	Well, it would be interesting to find the interpretation where I would accept that.
Dan Dennett- Let's teach religion -- all religion -- in schools - TED Talk.mp4	00:20:32	There might be some way of treating that as true.
Dan Dennett- Let's teach religion -- all religion -- in schools - TED Talk.mp4	00:20:37	Anthropologists have noted that worship is a universal urge hardwired by God into the very fiber of our being.
Dan Dennett- Let's teach religion -- all religion -- in schools - TED Talk.mp4	00:20:42	But being an inbuilt need to connect with God.
Dan Dennett- Let's teach religion -- all religion -- in schools - TED Talk.mp4	00:20:46	Well, there's a sense in which I agree with him.
Dan Dennett- Let's teach religion -- all religion -- in schools - TED Talk.mp4	00:20:48	Except I think it has an evolutionary explanation.
Dan Dennett- Let's teach religion -- all religion -- in schools - TED Talk.mp4	00:20:51	And what I find deeply troubling in this book is that he seems to be arguing that God is not the only one who can do that.
Dan Dennett- Let's teach religion -- all religion -- in schools - TED Talk.mp4	00:20:57	That if you want to be moral, if you want to have meaning in your life, you have to be an intelligent designer.
Dan Dennett- Let's teach religion -- all religion -- in schools - TED Talk.mp4	00:21:03	You have to deny the theory of evolution by natural selection.
Dan Dennett- Let's teach religion -- all religion -- in schools - TED Talk.mp4	00:21:07	And I think on the contrary.
Dan Dennett- Let's teach religion -- all religion -- in schools - TED Talk.mp4	00:21:08	That it is very important to solving the world's problems that we take evolutionary biology seriously.
Dan Dennett- Let's teach religion -- all religion -- in schools - TED Talk.mp4	00:21:15	Whose truth are we going to listen to?
Dan Dennett- Let's teach religion -- all religion -- in schools - TED Talk.mp4	00:21:18	Well, this from Purpose Driven Life.
Dan Dennett- Let's teach religion -- all religion -- in schools - TED Talk.mp4	00:21:21	The Bible must become the authoritative standard for my life.
Dan Dennett- Let's teach religion -- all religion -- in schools - TED Talk.mp4	00:21:24	The compass I rely on for direction.
Dan Dennett- Let's teach religion -- all religion -- in schools - TED Talk.mp4	00:21:26	The counsel I listen to for making wise decisions.
Dan Dennett- Let's teach religion -- all religion -- in schools - TED Talk.mp4	00:21:29	And the benchmark I use for evaluating everything.
Dan Dennett- Let's teach religion -- all religion -- in schools - TED Talk.mp4	00:21:33	Well, maybe okay.
Dan Dennett- Let's teach religion -- all religion -- in schools - TED Talk.mp4	00:21:34	But what's going to follow from this?
Dan Dennett- Let's teach religion -- all religion -- in schools - TED Talk.mp4	00:21:37	And here's one that does concern me.
Dan Dennett- Let's teach religion -- all religion -- in schools - TED Talk.mp4	00:21:40	Well, remember I quoted him before with this line.
Dan Dennett- Let's teach religion -- all religion -- in schools - TED Talk.mp4	00:21:43	Surrendered people obey God's word even if it doesn't make sense.
Dan Dennett- Let's teach religion -- all religion -- in schools - TED Talk.mp4	00:21:48	And that's a problem.
Dan Dennett- Let's teach religion -- all religion -- in schools - TED Talk.mp4	00:21:53	Don't ever argue with the devil.
Dan Dennett- Let's teach religion -- all religion -- in schools - TED Talk.mp4	00:21:55	He's better at arguing with the devil than you.
Dan Dennett- Let's teach religion -- all religion -- in schools - TED Talk.mp4	00:21:56	And he's better at arguing than you are having had thousands of years to practice.
Dan Dennett- Let's teach religion -- all religion -- in schools - TED Talk.mp4	00:22:00	Now, Rick Warren didn't invent this clever move.
Dan Dennett- Let's teach religion -- all religion -- in schools - TED Talk.mp4	00:22:04	It's an old move.
Dan Dennett- Let's teach religion -- all religion -- in schools - TED Talk.mp4	00:22:05	It's a very clever adaptation of religions.
Dan Dennett- Let's teach religion -- all religion -- in schools - TED Talk.mp4	00:22:08	It's a wild card for disarming any reasonable criticism.
Dan Dennett- Let's teach religion -- all religion -- in schools - TED Talk.mp4	00:22:13	You don't like my interpretation?
Dan Dennett- Let's teach religion -- all religion -- in schools - TED Talk.mp4	00:22:15	You've got a reasonable objection to it?
Dan Dennett- Let's teach religion -- all religion -- in schools - TED Talk.mp4	00:22:17	Don't listen, don't listen.
Dan Dennett- Let's teach religion -- all religion -- in schools - TED Talk.mp4	00:22:19	That's the devil speaking.
Dan Dennett- Let's teach religion -- all religion -- in schools - TED Talk.mp4	00:22:23	This discourages the sort of reasoning.
Dan Dennett- Let's teach religion -- all religion -- in schools - TED Talk.mp4	00:22:26	This discourages the sort of reasoning.
Dan Dennett- Let's teach religion -- all religion -- in schools - TED Talk.mp4	00:22:27	Citizenship, it seems to me, that we want to have.
Dan Dennett- Let's teach religion -- all religion -- in schools - TED Talk.mp4	00:22:30	I've got one more problem, then I'm through.
Dan Dennett- Let's teach religion -- all religion -- in schools - TED Talk.mp4	00:22:33	And I'd really like to get a response if Rick is able to do it.
Dan Dennett- Let's teach religion -- all religion -- in schools - TED Talk.mp4	00:22:38	In the Great Commission, Jesus said,
Dan Dennett- Let's teach religion -- all religion -- in schools - TED Talk.mp4	00:22:40	Go to all people of all nations and make them my disciples.
Dan Dennett- Let's teach religion -- all religion -- in schools - TED Talk.mp4	00:22:43	Baptize them in the name of the Father, the Son, and the Holy Spirit.
Dan Dennett- Let's teach religion -- all religion -- in schools - TED Talk.mp4	00:22:46	Teach them to do everything I have told you.
Dan Dennett- Let's teach religion -- all religion -- in schools - TED Talk.mp4	00:22:48	Teach them to do everything I have told you.
Dan Dennett- Let's teach religion -- all religion -- in schools - TED Talk.mp4	00:22:49	The Bible says Jesus is the only one who can save the world.
Dan Dennett- Let's teach religion -- all religion -- in schools - TED Talk.mp4	00:22:53	The Bible says Jesus is the only one who can save the world.
Dan Dennett- Let's teach religion -- all religion -- in schools - TED Talk.mp4	00:22:53	Now, here we've seen many wonderful maps of the world in the last century.
Dan Dennett- Let's teach religion -- all religion -- in schools - TED Talk.mp4	00:22:57	Here's one, not as beautiful as the others.
Dan Dennett- Let's teach religion -- all religion -- in schools - TED Talk.mp4	00:23:00	Here's one, not as beautiful as the others.
Dan Dennett- Let's teach religion -- all religion -- in schools - TED Talk.mp4	00:23:00	It simply shows the religions of the world.
Dan Dennett- Let's teach religion -- all religion -- in schools - TED Talk.mp4	00:23:03	And here's one that shows the sort of current breakdown of the different religions.
Dan Dennett- Let's teach religion -- all religion -- in schools - TED Talk.mp4	00:23:07	
Dan Dennett- Let's teach religion -- all religion -- in schools - TED Talk.mp4	00:23:07	Now,
Dan Dennett- Let's teach religion -- all religion -- in schools - TED Talk.mp4	00:23:08	Now,
Dan Dennett- Let's teach religion -- all religion -- in schools - TED Talk.mp4	00:23:10	do we really want to
Dan Dennett- Let's teach religion -- all religion -- in schools - TED Talk.mp4	00:23:13	commit ourselves
Dan Dennett- Let's teach religion -- all religion -- in schools - TED Talk.mp4	00:23:14	to
Dan Dennett- Let's teach religion -- all religion -- in schools - TED Talk.mp4	00:23:16	engulfing all the other religions
Dan Dennett- Let's teach religion -- all religion -- in schools - TED Talk.mp4	00:23:19	when
Dan Dennett- Let's teach religion -- all religion -- in schools - TED Talk.mp4	00:23:20	their holy books are telling them
Dan Dennett- Let's teach religion -- all religion -- in schools - TED Talk.mp4	00:23:23	don't listen to the other side,
Dan Dennett- Let's teach religion -- all religion -- in schools - TED Talk.mp4	00:23:25	don't listen to the other side,
Dan Dennett- Let's teach religion -- all religion -- in schools - TED Talk.mp4	00:23:26	and that's just Satan talking?
Dan Dennett- Let's teach religion -- all religion -- in schools - TED Talk.mp4	00:23:27	It seems to me that that's
Dan Dennett- Let's teach religion -- all religion -- in schools - TED Talk.mp4	00:23:30	a very problematic
Dan Dennett- Let's teach religion -- all religion -- in schools - TED Talk.mp4	00:23:33	ship
Dan Dennett- Let's teach religion -- all religion -- in schools - TED Talk.mp4	00:23:33	to get on for the future.
Dan Dennett- Let's teach religion -- all religion -- in schools - TED Talk.mp4	00:23:37	I found this
Dan Dennett- Let's teach religion -- all religion -- in schools - TED Talk.mp4	00:23:38	sign as I was driving
Dan Dennett- Let's teach religion -- all religion -- in schools - TED Talk.mp4	00:23:40	to Maine recently in front of a church.
Dan Dennett- Let's teach religion -- all religion -- in schools - TED Talk.mp4	00:23:42	Good without God becomes zero.
Dan Dennett- Let's teach religion -- all religion -- in schools - TED Talk.mp4	00:23:44	Sort of cute. A very
Dan Dennett- Let's teach religion -- all religion -- in schools - TED Talk.mp4	00:23:46	clever little meme.
Dan Dennett- Let's teach religion -- all religion -- in schools - TED Talk.mp4	00:23:49	I don't believe it.
Dan Dennett- Let's teach religion -- all religion -- in schools - TED Talk.mp4	00:23:51	I don't believe it.
Dan Dennett- Let's teach religion -- all religion -- in schools - TED Talk.mp4	00:23:51	And I think this idea, popular as it is,
Dan Dennett- Let's teach religion -- all religion -- in schools - TED Talk.mp4	00:23:55	And I think this idea, popular as it is,
Dan Dennett- Let's teach religion -- all religion -- in schools - TED Talk.mp4	00:23:56	but in general,
Dan Dennett- Let's teach religion -- all religion -- in schools - TED Talk.mp4	00:23:57	is itself one of the main problems that we face.
Dan Dennett- Let's teach religion -- all religion -- in schools - TED Talk.mp4	00:24:00	If you are like me,
Dan Dennett- Let's teach religion -- all religion -- in schools - TED Talk.mp4	00:24:01	you know many wonderful,
Dan Dennett- Let's teach religion -- all religion -- in schools - TED Talk.mp4	00:24:05	committed,
Dan Dennett- Let's teach religion -- all religion -- in schools - TED Talk.mp4	00:24:07	engaged atheists,
Dan Dennett- Let's teach religion -- all religion -- in schools - TED Talk.mp4	00:24:08	agnostics,
Dan Dennett- Let's teach religion -- all religion -- in schools - TED Talk.mp4	00:24:09	who are being very good
Dan Dennett- Let's teach religion -- all religion -- in schools - TED Talk.mp4	00:24:11	without God.
Dan Dennett- Let's teach religion -- all religion -- in schools - TED Talk.mp4	00:24:13	And you also know many religious people
Dan Dennett- Let's teach religion -- all religion -- in schools - TED Talk.mp4	00:24:15	who hide behind their sanctity
Dan Dennett- Let's teach religion -- all religion -- in schools - TED Talk.mp4	00:24:18	instead of doing good works.
Dan Dennett- Let's teach religion -- all religion -- in schools - TED Talk.mp4	00:24:21	So, I wish we could
Dan Dennett- Let's teach religion -- all religion -- in schools - TED Talk.mp4	00:24:22	drop this meme.
Dan Dennett- Let's teach religion -- all religion -- in schools - TED Talk.mp4	00:24:24	I wish this meme would go extinct.
Dan Dennett- Let's teach religion -- all religion -- in schools - TED Talk.mp4	00:24:26	Thanks very much for your attention.
David Pogue- Simplicity sells - TED Talk.mp4	00:00:06	Hello voicemail my old friend I've called for tech support again I ignored my boss's warning
David Pogue- Simplicity sells - TED Talk.mp4	00:00:17	I called on a Monday morning now it's evening and my dinner first grew cold and then grew
David Pogue- Simplicity sells - TED Talk.mp4	00:00:26	mold I'm still on hold I'm listening to the sounds of silence I don't think you understand
David Pogue- Simplicity sells - TED Talk.mp4	00:00:37	I think your phone lines are unmanned I punched every touch tone I was told but I still spent 18
David Pogue- Simplicity sells - TED Talk.mp4	00:00:47	hours on hold it's not enough your software crashed my Mac and it constantly hangs and
David Pogue- Simplicity sells - TED Talk.mp4	00:00:56	erased my roms now the Mac makes the sounds of silence in my dreams I fantasize a freaking
David Pogue- Simplicity sells - TED Talk.mp4	00:01:07	vengeance on you guys say your motorcycle crashes blood comes gushing from your gashes
David Pogue- Simplicity sells - TED Talk.mp4	00:01:17	with your fading strength you call 9-1-1 and you pray for a trained MD but you get me
David Pogue- Simplicity sells - TED Talk.mp4	00:01:26	and you listen to the sounds of silence
David Pogue- Simplicity sells - TED Talk.mp4	00:01:37	good evening and welcome to spot the Ted presenter who used to be a Broadway accompanist okay um when
David Pogue- Simplicity sells - TED Talk.mp4	00:01:43	I was offered the times column six years ago it was the deal was like this you will be sent the
David Pogue- Simplicity sells - TED Talk.mp4	00:01:49	coolest hottest slickest new gadgets every week it'll arrive at your door you get to try them out
David Pogue- Simplicity sells - TED Talk.mp4	00:01:56	until the novelty wears back before you have to send them back and you'll get paid for it you can
David Pogue- Simplicity sells - TED Talk.mp4	00:02:01	think about it if you want so I've always been a technology nut and I absolutely love it the the
David Pogue- Simplicity sells - TED Talk.mp4	00:02:08	job though came with one small downside and that is they intended to publish my email address at
David Pogue- Simplicity sells - TED Talk.mp4	00:02:13	the end of every column and what I've noticed is first of all you get an incredible amount of email
David Pogue- Simplicity sells - TED Talk.mp4	00:02:21	if you ever are feeling lonely get a New York Times column because you will get hundreds and hundreds of
David Pogue- Simplicity sells - TED Talk.mp4	00:02:26	hundreds of emails. And the email I'm getting a lot today is about frustration. People are
David Pogue- Simplicity sells - TED Talk.mp4	00:02:31	feeling like things... Okay, I just had an alarm come up on my screen. Lucky you can't
David Pogue- Simplicity sells - TED Talk.mp4	00:02:37	see it. People are feeling overwhelmed. They're feeling like it's too much technology, too
David Pogue- Simplicity sells - TED Talk.mp4	00:02:41	fast. It may be good technology, but I feel like there's not enough of the support structure.
David Pogue- Simplicity sells - TED Talk.mp4	00:02:47	There's not enough help. There's not enough thought put into the design of it to make
David Pogue- Simplicity sells - TED Talk.mp4	00:02:51	it easy and enjoyable to use. One time I wrote a column about my efforts to reach Dell technical
David Pogue- Simplicity sells - TED Talk.mp4	00:02:56	support and within 12 hours there were 700 messages from readers on the feedback boards
David Pogue- Simplicity sells - TED Talk.mp4	00:03:03	on the Times website from users saying, me too and here's my tale of woe. I call it software
David Pogue- Simplicity sells - TED Talk.mp4	00:03:10	rage. And man, let me tell you, whoever figures out how to make money off of this frustration
David Pogue- Simplicity sells - TED Talk.mp4	00:03:15	will... Oh, how did that get up there? Just kidding.
David Pogue- Simplicity sells - TED Talk.mp4	00:03:20	Okay. So, I'm going to go ahead and get started. I'm going to go ahead and get started. Okay.
David Pogue- Simplicity sells - TED Talk.mp4	00:03:21	
David Pogue- Simplicity sells - TED Talk.mp4	00:03:21	
David Pogue- Simplicity sells - TED Talk.mp4	00:03:21	So, why is the problem accelerating? And part of the problem is, ironically, it's because
David Pogue- Simplicity sells - TED Talk.mp4	00:03:26	the industry has put so much thought into making things easier to use. I'll show you
David Pogue- Simplicity sells - TED Talk.mp4	00:03:30	what I mean. This is what the computer interface used to look like, DOS. Over the years, it's
David Pogue- Simplicity sells - TED Talk.mp4	00:03:37	gotten easier to use. This is the original Mac operating system. Reagan was president.
David Pogue- Simplicity sells - TED Talk.mp4	00:03:42	Madonna was still brunette. And the entire operating system, this is the good part, the
David Pogue- Simplicity sells - TED Talk.mp4	00:03:46	entire operating system fit in 211K.
David Pogue- Simplicity sells - TED Talk.mp4	00:03:50	You couldn't put the Mac OS X logo in 211K. So, the irony is that as these things became
David Pogue- Simplicity sells - TED Talk.mp4	00:03:58	easier to use, a less technical, broader audience were coming into contact with this equipment
David Pogue- Simplicity sells - TED Talk.mp4	00:04:04	for the first time. I once had the distinct privilege of sitting in on the Apple call
David Pogue- Simplicity sells - TED Talk.mp4	00:04:10	center for a day. The guy had a duplicate headset for me to listen to. And the calls...
David Pogue- Simplicity sells - TED Talk.mp4	00:04:16	You know how they say your call may be recorded for a day? Well, I don't know. I don't know.
David Pogue- Simplicity sells - TED Talk.mp4	00:04:20	I don't know if you're here for quality assurance. Your call may be recorded so that they can
David Pogue- Simplicity sells - TED Talk.mp4	00:04:25	collect the funniest dumb user stories and pass them around on a CD, which they do.
David Pogue- Simplicity sells - TED Talk.mp4	00:04:30	And I have a copy. It's in your gift bag. No, no, no, no, no. With your voices on it.
David Pogue- Simplicity sells - TED Talk.mp4	00:04:39	So some of the stories are just so classical, classic and yet so understandable. A woman
David Pogue- Simplicity sells - TED Talk.mp4	00:04:45	called Apple to complain that her mouse was squeaking, making a squeaking noise. And the
David Pogue- Simplicity sells - TED Talk.mp4	00:04:49	technician said, well, I don't know. I don't know. I don't know. I don't know. I don't know.
David Pogue- Simplicity sells - TED Talk.mp4	00:04:50	And the technician said, well, man, what do you mean your mouse is squeaking? She said,
David Pogue- Simplicity sells - TED Talk.mp4	00:04:52	all I can tell you is that it squeaks louder the faster I move it across the screen.
David Pogue- Simplicity sells - TED Talk.mp4	00:05:00	And the technician's like, ma'am, you've got the mouse up against the screen? She goes,
David Pogue- Simplicity sells - TED Talk.mp4	00:05:05	well, the message said click here to continue. Well, if you like that one, how much time
David Pogue- Simplicity sells - TED Talk.mp4	00:05:14	we got. Another one, a guy called, this is absolutely true, his computer had crashed
David Pogue- Simplicity sells - TED Talk.mp4	00:05:19	and he told the technician, well, I don't know. I don't know. I don't know. I don't know.
David Pogue- Simplicity sells - TED Talk.mp4	00:05:20	And the technician, he couldn't restart it no matter how many times he typed 11. And
David Pogue- Simplicity sells - TED Talk.mp4	00:05:24	the technician said, what? Why are you typing 11? He said, the message says, error, type
David Pogue- Simplicity sells - TED Talk.mp4	00:05:30	11.
David Pogue- Simplicity sells - TED Talk.mp4	00:05:35	So we must admit that some of the blame falls squarely at the feet of the users. But why
David Pogue- Simplicity sells - TED Talk.mp4	00:05:44	is the technical overload crisis, the complexity of the crisis accelerating now in the hardware
David Pogue- Simplicity sells - TED Talk.mp4	00:05:49	world? It's because we, the consumers, want everything to be smaller, smaller, smaller.
David Pogue- Simplicity sells - TED Talk.mp4	00:05:53	So the gadgets are getting tinier and tinier, but our fingers are essentially staying the
David Pogue- Simplicity sells - TED Talk.mp4	00:05:58	same size. So it gets more and more of a challenge. Software is subject to another primal force,
David Pogue- Simplicity sells - TED Talk.mp4	00:06:03	the mandate to release more and more versions. When you buy a piece of software, it's not
David Pogue- Simplicity sells - TED Talk.mp4	00:06:07	like buying a vase or a candy bar where you own it. It's more like joining a club where
David Pogue- Simplicity sells - TED Talk.mp4	00:06:12	you pay dues every year. And every year they say, we've added more features and we'll sell
David Pogue- Simplicity sells - TED Talk.mp4	00:06:17	it to you for $99. I know that's a lot of money. But I think it's a lot of money. And I think
David Pogue- Simplicity sells - TED Talk.mp4	00:06:19	
David Pogue- Simplicity sells - TED Talk.mp4	00:06:19	it's worth it. I know one guy who spent $4,000 just on Photoshop over the years. And software
David Pogue- Simplicity sells - TED Talk.mp4	00:06:25	companies make 35% of their revenue from just these software upgrades. I call it the software
David Pogue- Simplicity sells - TED Talk.mp4	00:06:30	upgrade paradox which is that if you improve a piece of software enough times, you eventually
David Pogue- Simplicity sells - TED Talk.mp4	00:06:36	ruin it. I mean Microsoft Word was last. Just a word processor in the Eisenhower administration.
David Pogue- Simplicity sells - TED Talk.mp4	00:06:43	But what's the alternative? Microsoft actually did this experiment. They said, wait a minute,
David Pogue- Simplicity sells - TED Talk.mp4	00:06:49	everyone complains. They're all in a different world. They're all saying, they want exactly
David Pogue- Simplicity sells - TED Talk.mp4	00:06:49	that we're adding so many features, let's create a word processor that's just a word
David Pogue- Simplicity sells - TED Talk.mp4	00:06:53	processor. Simple, pure, does not do web pages, is not a database. And it came out. And it
David Pogue- Simplicity sells - TED Talk.mp4	00:06:59	was called Microsoft Write. And none of you are nodding in acknowledgement because it
David Pogue- Simplicity sells - TED Talk.mp4	00:07:03	died. It tanked. No one ever bought it. I call this the sport utility principle. People
David Pogue- Simplicity sells - TED Talk.mp4	00:07:09	like to surround themselves with unnecessary power. Right? They don't need the database
David Pogue- Simplicity sells - TED Talk.mp4	00:07:14	and the website. But they're like, well, I'll upgrade because I might. I might need that
David Pogue- Simplicity sells - TED Talk.mp4	00:07:19	someday. So the problem is, as you add more features, where are they going to go? Where
David Pogue- Simplicity sells - TED Talk.mp4	00:07:24	are you going to stick them? You only have so many design tools. You can do buttons.
David Pogue- Simplicity sells - TED Talk.mp4	00:07:29	You can do sliders, pop-up menus, submenus. But if you're not careful about how you choose,
David Pogue- Simplicity sells - TED Talk.mp4	00:07:35	you wind up with this. This is an unretouched, this is not a joke, unretouched photo of Microsoft
David Pogue- Simplicity sells - TED Talk.mp4	00:07:42	Word, the copy that you have with all the toolbars open. You've obviously never opened
David Pogue- Simplicity sells - TED Talk.mp4	00:07:48	all the toolbars.
30Min.mp4	00:19:32	And she's not alone.
30Min.mp4	00:19:33	Perseverance does the same,
30Min.mp4	00:19:35	including this selfie with Ingenuity.
30Min.mp4	00:19:37	Honestly, they're the most chronically online
30Min.mp4	00:19:40	duo on Mars.
30Min.mp4	00:19:41	We always know exactly where they are,
30Min.mp4	00:19:43	what they're up to, and they're constantly sharing photos.
30Min.mp4	00:19:46	But really, how different is that from us?
30Min.mp4	00:19:49	I mean, we spend most of our time
30Min.mp4	00:19:50	in our lives online, constantly sharing data.
30Min.mp4	00:19:52	Except in our case,
30Min.mp4	00:19:54	that data doesn't just sit in a NASA archive.
30Min.mp4	00:19:56	It gets bought,
30Min.mp4	00:19:58	sold, and used in ways
30Min.mp4	00:19:59	we're not always aware of.
30Min.mp4	00:20:01	That's why I've been using today's sponsor,
30Min.mp4	00:20:04	Incogni.
30Min.mp4	00:20:04	I created my account a year ago,
30Min.mp4	00:20:06	and since then, they've filed over 300 requests
30Min.mp4	00:20:09	on my behalf,
30Min.mp4	00:20:11	resulting in my data being removed from over 100
30Min.mp4	00:20:14	marketing and spam databases.
30Min.mp4	00:20:15	If I tried to do that myself,
30Min.mp4	00:20:17	it would have taken around 230 hours
30Min.mp4	00:20:20	of work.
30Min.mp4	00:20:21	That is time I can better spend making videos.
30Min.mp4	00:20:24	Which I'm sure you appreciate.
30Min.mp4	00:20:27	So to try Incogni,
30Min.mp4	00:20:28	visit incogni.com
30Min.mp4	00:20:30	slash veritasium.
30Min.mp4	00:20:31	I'll put that link down in the description,
30Min.mp4	00:20:32	or you can scan this QR code.
30Min.mp4	00:20:35	And when you do, make sure to use code veritasium
30Min.mp4	00:20:38	to get 60% off your annual subscription.
30Min.mp4	00:20:41	So head over to
30Min.mp4	00:20:42	incogni.com slash veritasium
30Min.mp4	00:20:44	and protect your online data today.
30Min.mp4	00:20:46	I want to thank Incogni for sponsoring
30Min.mp4	00:20:48	this part of the video, and now,
30Min.mp4	00:20:50	back to Ingenuity.
30Min.mp4	00:20:53	So we just had this one final thing to do.
30Min.mp4	00:20:55	We needed to cross this sand dune
30Min.mp4	00:20:57	and make it to Bright Angel,
30Min.mp4	00:20:59	to rendezvous with the rover.
30Min.mp4	00:21:00	So on 71, we basically went up,
30Min.mp4	00:21:02	we were flying,
30Min.mp4	00:21:04	and then after about 10 seconds
30Min.mp4	00:21:07	of flying with degraded navigation,
30Min.mp4	00:21:08	we went into an emergency landing mode
30Min.mp4	00:21:10	and sort of came down hard.
30Min.mp4	00:21:13	They hail Ginny,
30Min.mp4	00:21:14	and luckily, she's still alive.
30Min.mp4	00:21:17	In the error code,
30Min.mp4	00:21:18	they discover the problem.
30Min.mp4	00:21:20	As she was flying over the dunes,
30Min.mp4	00:21:21	there just weren't enough rocks or landmarks
30Min.mp4	00:21:24	for her camera to identify.
30Min.mp4	00:21:26	And without those references,
30Min.mp4	00:21:27	she quickly lost track of her position
30Min.mp4	00:21:30	and had to make an emergency landing.
30Min.mp4	00:21:34	It's similar to the camera issue
30Min.mp4	00:21:36	from flight 6, but this time,
30Min.mp4	00:21:38	there's no software fix.
30Min.mp4	00:21:40	They check for structural damage,
30Min.mp4	00:21:42	but surprisingly, everything is still intact.
30Min.mp4	00:21:46	So they attempt another flight,
30Min.mp4	00:21:48	this time going straight up to scan
30Min.mp4	00:21:50	the surroundings and then coming straight back down.
30Min.mp4	00:21:52	Simple.
30Min.mp4	00:21:53	We popped up, took pictures,
30Min.mp4	00:21:55	and then on the way back down,
30Min.mp4	00:21:56	we hit the same problems we did on 71.
30Min.mp4	00:21:59	Only this time, it's fatal.
30Min.mp4	00:22:04	Perseverance drives over
30Min.mp4	00:22:05	and captures this image of her crash site.
30Min.mp4	00:22:09	When we saw the blades broken,
30Min.mp4	00:22:12	when we saw that first image after flight 72,
30Min.mp4	00:22:14	that was heart-wrenching.
30Min.mp4	00:22:15	It was like, no, there's no way
30Min.mp4	00:22:18	this mission is going to continue.
30Min.mp4	00:22:20	That was very depressing.
30Min.mp4	00:22:23	So why?
30Min.mp4	00:22:25	Because 71
30Min.mp4	00:22:26	was also a crash landing,
30Min.mp4	00:22:27	for the same reasons.
30Min.mp4	00:22:28	The nav system was confused and drove us into the ground.
30Min.mp4	00:22:31	But we came out of that apparently unscathed,
30Min.mp4	00:22:34	and yet on 72,
30Min.mp4	00:22:36	we self-destructed.
30Min.mp4	00:22:38	This is the first air crash
30Min.mp4	00:22:39	investigation on another planet, right?
30Min.mp4	00:22:41	Yeah, that's right.
30Min.mp4	00:22:42	First aircraft on another planet,
30Min.mp4	00:22:44	and then the first air crash investigation on another planet.
30Min.mp4	00:22:47	They kind of go hand in hand.
30Min.mp4	00:22:50	On the crash site,
30Min.mp4	00:22:50	they find Ingenuity's blades scattered,
30Min.mp4	00:22:53	but not in the way they expect.
30Min.mp4	00:22:55	We noticed something interesting,
30Min.mp4	00:22:56	which was there was no blade strike spot.
30Min.mp4	00:22:59	Blades spinning this fast,
30Min.mp4	00:23:00	when they hit the ground,
30Min.mp4	00:23:01	they're going to create a spray.
30Min.mp4	00:23:03	There's going to be a pattern,
30Min.mp4	00:23:04	probably even visible from orbit.
30Min.mp4	00:23:06	And we didn't see anything like that.
30Min.mp4	00:23:07	So if the blades didn't strike the ground,
30Min.mp4	00:23:10	then what happened?
30Min.mp4	00:23:11	So this is an actual prototype blade
30Min.mp4	00:23:14	from the development phase.
30Min.mp4	00:23:20	It's a thin fiber composite with a foam core.
30Min.mp4	00:23:23	It's incredibly light,
30Min.mp4	00:23:24	if you want to feel it.
30Min.mp4	00:23:25	Whoa!
30Min.mp4	00:23:27	That's actually crazy!
30Min.mp4	00:23:29	That's like at least a quarter of what I expected
30Min.mp4	00:23:31	just looking at it.
30Min.mp4	00:23:32	It doesn't feel physical.
30Min.mp4	00:23:34	So why did they break?
30Min.mp4	00:23:36	Well, as the blades spin,
30Min.mp4	00:23:38	the tips of the blades trace out a circle,
30Min.mp4	00:23:40	which you can think of like a hula hoop.
30Min.mp4	00:23:42	If there's a force up on the near side,
30Min.mp4	00:23:45	you might expect the rotor to tilt
30Min.mp4	00:23:47	immediately in this direction.
30Min.mp4	00:23:50	But that is not actually what happens.
30Min.mp4	00:23:52	See, the blade isn't stationary,
30Min.mp4	00:23:54	it's moving really fast.
30Min.mp4	00:23:55	So when you apply this force,
30Min.mp4	00:23:57	it actually only moves after that point.
30Min.mp4	00:23:59	So the maximum displacement occurs 90 degrees later.
30Min.mp4	00:24:03	So even though we push up on the near side,
30Min.mp4	00:24:05	the blades tilt up on the right
30Min.mp4	00:24:07	and down on the left.
30Min.mp4	00:24:09	This effect is called precession.
30Min.mp4	00:24:11	And it's the same principle
30Min.mp4	00:24:12	that explains this spinning bike wheel demonstration.
30Min.mp4	00:24:16	Now, Ingenuity has a second set of blades
30Min.mp4	00:24:18	that are moving in the opposite direction.
30Min.mp4	00:24:20	Which means that when a force is applied,
30Min.mp4	00:24:22	each set of blades experiences
30Min.mp4	00:24:24	precession in the opposite direction.
30Min.mp4	00:24:27	For the helicopter overall,
30Min.mp4	00:24:29	these torques cancel out.
30Min.mp4	00:24:31	But each individual blade
30Min.mp4	00:24:32	still flexes because of that precession torque.
30Min.mp4	00:24:36	That results in a stress concentration
30Min.mp4	00:24:38	right about here
30Min.mp4	00:24:39	where that final reinforcement tapers off.
30Min.mp4	00:24:42	And so if you had a precession-based failure,
30Min.mp4	00:24:44	you'd expect it to fail right here.
30Min.mp4	00:24:46	And sure enough,
30Min.mp4	00:24:47	that's exactly where you see it in the pictures.
30Min.mp4	00:24:49	You can see sort of this
30Min.mp4	00:24:50	jaggy place where the blade tip
30Min.mp4	00:24:52	just got ripped off.
30Min.mp4	00:24:54	So that is what happened
30Min.mp4	00:24:56	on Flight 72.
30Min.mp4	00:24:57	As Ginny came down hard,
30Min.mp4	00:24:59	she hit a dune at an angle.
30Min.mp4	00:25:01	The force was transmitted up through the body
30Min.mp4	00:25:03	of the helicopter,
30Min.mp4	00:25:04	and this created a precession torque
30Min.mp4	00:25:06	that bent the rotors.
30Min.mp4	00:25:08	And they snapped right where the reinforcement tapers down.
30Min.mp4	00:25:12	This thing came down hard.
30Min.mp4	00:25:13	It didn't destroy the landing gear.
30Min.mp4	00:25:15	It didn't break the avionics.
30Min.mp4	00:25:17	It didn't kill the servos.
30Min.mp4	00:25:20	And they're all intact.
30Min.mp4	00:25:21	It's the rotors.
30Min.mp4	00:25:22	That's the weak link.
30Min.mp4	00:25:25	So that is the first thing they're changing
30Min.mp4	00:25:28	on the next generation of Mars helicopter,
30Min.mp4	00:25:30	which is called Chopper.
30Min.mp4	00:25:31	You had a chance to hold
30Min.mp4	00:25:33	the Ingenuity blade.
30Min.mp4	00:25:34	This is the next-gen baby blade.
30Min.mp4	00:25:37	It looks fairly similar
30Min.mp4	00:25:39	with a couple of key differences.
30Min.mp4	00:25:41	They reinforced the blades to withstand
30Min.mp4	00:25:43	the torques caused by hard landings.
30Min.mp4	00:25:45	Now they also have six rotors instead of two,
30Min.mp4	00:25:48	which means Chopper can hold
30Min.mp4	00:25:50	a lot, even carrying a scientific
30Min.mp4	00:25:52	payload of its own.
30Min.mp4	00:25:53	We've developed now a very lightweight
30Min.mp4	00:25:56	radio that can communicate directly to orbit.
30Min.mp4	00:25:58	So we're a free bird
30Min.mp4	00:25:59	when it comes to exploring the planet now.
30Min.mp4	00:26:02	That's huge, because you were sort of trying to trail
30Min.mp4	00:26:03	Perseverance, right? And now you can go anywhere.
30Min.mp4	00:26:06	Yep. We're our own spacecraft.
30Min.mp4	00:26:07	In this blue box, you can shove
30Min.mp4	00:26:09	about five kilograms of science payload
30Min.mp4	00:26:12	and bring it anywhere on the planet on Mars.
30Min.mp4	00:26:14	You can fly three kilometers per sol
30Min.mp4	00:26:16	in a matter of minutes.
30Min.mp4	00:26:17	That's really generated a lot of excitement
30Min.mp4	00:26:19	in the science community.
30Min.mp4	00:26:21	So this is a fifth-scale model of Chopper.
30Min.mp4	00:26:24	It's really two systems.
30Min.mp4	00:26:25	So this is our Chopper platform.
30Min.mp4	00:26:27	This is what's going to go on and explore
30Min.mp4	00:26:29	the entire surface of Mars one day.
30Min.mp4	00:26:32	That's the point of the concept.
30Min.mp4	00:26:34	But underneath is a mid-air
30Min.mp4	00:26:36	helicopter delivery platform.
30Min.mp4	00:26:38	See, Mars rovers all need
30Min.mp4	00:26:40	complex sky cranes to land.
30Min.mp4	00:26:42	But a helicopter is different.
30Min.mp4	00:26:44	It just needs a platform to take off from.
30Min.mp4	00:26:47	
30Min.mp4	00:26:47	So the idea is we come down
30Min.mp4	00:26:49	through the atmosphere.
30Min.mp4	00:26:51	We have this jet pack that
30Min.mp4	00:26:53	we need to slow us down to get us down
30Min.mp4	00:26:55	to a regime that is controllable
30Min.mp4	00:26:57	so that we can take off from that platform
30Min.mp4	00:26:59	mid-air and land under our own power.
30Min.mp4	00:27:02	For this, it needs rockets.
30Min.mp4	00:27:04	Three, two, one.
30Min.mp4	00:27:13	Awesome!
30Min.mp4	00:27:16	You're envisioning like a theater.
30Min.mp4	00:27:17	The future of aviation all over Mars
30Min.mp4	00:27:19	as a primary explorative capacity.
30Min.mp4	00:27:21	In my mind, it's absolutely going to happen.
30Min.mp4	00:27:23	It's just a matter of time.
30Min.mp4	00:27:24	There will be fleets flying throughout Mars.
30Min.mp4	00:27:27	There will be airports on Mars one day.
30Min.mp4	00:27:29	And we'll have aircraft the size of Chopper,
30Min.mp4	00:27:32	more aircraft the size of Ingenuity,
30Min.mp4	00:27:34	and even bigger than Chopper.
30Min.mp4	00:27:37	NASA is thinking big thanks to Ingenuity,
30Min.mp4	00:27:40	a project they once doubted.
30Min.mp4	00:27:43	Because Ginny showed what is possible.
30Min.mp4	00:27:47	In 1890, he had said,
30Min.mp4	00:27:49	I'm going to fly.
30Min.mp4	00:27:49	It's like, okay, that kooky guy in his garage,
30Min.mp4	00:27:51	he thinks he can fly, he's going to kill himself, right?
30Min.mp4	00:27:53	After the Wright brothers, it's like,
30Min.mp4	00:27:55	oh, okay, yeah, this is a thing that we're going to do.
30Min.mp4	00:27:57	And so that's the change in mentality that's occurred
30Min.mp4	00:27:59	because of Ingenuity.
30Min.mp4	00:28:01	That's why still sitting there on the surface of Mars,
30Min.mp4	00:28:04	attached to the underside of Ingenuity,
30Min.mp4	00:28:06	is a tiny scrap,
30Min.mp4	00:28:08	one square centimeter of muslin fabric.
30Min.mp4	00:28:11	It was taken from the lower left wing
30Min.mp4	00:28:14	of the first airplane,
30Min.mp4	00:28:15	the Wright Flyer.
30Min.mp4	00:28:17	From the first flight on Earth,
30Min.mp4	00:28:19	to the first flight on another planet.
30Min.mp4	00:28:22	From Ingenuity's grave on Mars,
30Min.mp4	00:28:25	her spirit lives on.
30Min.mp4	00:28:29	Except,
30Min.mp4	00:28:30	she isn't quite dead yet.
30Min.mp4	00:28:34	She's acting as a weather station now,
30Min.mp4	00:28:36	capturing photos every day,
30Min.mp4	00:28:37	capturing temperature measurements every day,
30Min.mp4	00:28:38	something no one would have ever predicted
30Min.mp4	00:28:40	before Flight 72, that if things don't go well,
30Min.mp4	00:28:43	we'd just still have a functioning spacecraft.
30Min.mp4	00:28:45	So she's a tank,
30Min.mp4	00:28:47	the team couldn't be more proud
30Min.mp4	00:28:49	of what Ingenuity's accomplished.
AkerBP 1.mp4	00:00:04	What's really making this well remarkable isn't just the fact that we're finding a
AkerBP 1.mp4	00:00:09	lot of oil. It's how we're finding it.
AkerBP 1.mp4	00:00:16	We are drilling ultra long reservoir sections using advanced geosteering to
AkerBP 1.mp4	00:00:21	map the subsurface as we go along with unprecedented accuracy to pinpoint the
AkerBP 1.mp4	00:00:26	oil accumulation with high confidence. This isn't just a regular well, this is a
AkerBP 1.mp4	00:00:31	huge leap forward in how we explore.
AkerBP 1.mp4	00:00:37	We're currently drilling the fourth lateral on the Omega Alpha well in the
AkerBP 1.mp4	00:00:41	Idrisil area. We're targeting several structures, the Omega, the Alpha, Alpha
AkerBP 1.mp4	00:00:45	South, Sigma Northeast and P. Right now we're steering the wells towards the
AkerBP 1.mp4	00:00:50	Sigma Northeast and the P structures. And things are looking really good. We're
AkerBP 1.mp4	00:00:56	drilling in about 10 meters of oil, a good indication that we are exactly
AkerBP 1.mp4	00:01:00	where we should be.
AkerBP 1.mp4	00:01:10	We are currently geosteering the well, which means that we are placing the well
AkerBP 1.mp4	00:01:15	optimally in the reservoir. Normally we are doing that to optimize the
AkerBP 1.mp4	00:01:19	production well, but in this case we are drilling an exploration well and we're
AkerBP 1.mp4	00:01:24	optimizing the well to the maximum.
AkerBP 1.mp4	00:01:26	We are collecting massive amount of data with this well, probably more than has
AkerBP 1.mp4	00:01:33	ever been collected before in an exploration well. This data will
AkerBP 1.mp4	00:01:37	significantly reduce the subsurface uncertainty. The Omega and Alpha well are
AkerBP 1.mp4	00:01:42	a continuation of the work we started two years ago with Östfriik. There we
AkerBP 1.mp4	00:01:47	went from exploration drilling to development in just two years. Geological,
AkerBP 1.mp4	00:01:51	this is very similar to Östfriik. We are seeing a thin oil
AkerBP 1.mp4	00:01:55	column trapped beneath an intra-reservoir shale. In this setting, an efficient seal
AkerBP 1.mp4	00:02:01	for hydrocarbons.
AkerBP 1.mp4	00:02:03	Two years ago with the Östfriik well, we set a new benchmark in exploration, achieving
AkerBP 1.mp4	00:02:09	more than 13 kilometers of reservoir exposure. A year later on Frigamma GeoPilot, we further
AkerBP 1.mp4	00:02:15	pushed the limits and drilled length and ROP versus hole cleaning. Since then, we've
AkerBP 1.mp4	00:02:22	gotten the best performing rig in the market back on contract.
AkerBP 1.mp4	00:02:25	We have done several performance-improving upgrades and equipped the rig with wired
AkerBP 1.mp4	00:02:30	pipe. This puts us in a position to not only push the limits, but making a step
AkerBP 1.mp4	00:02:35	change in performance. We started off drilling the longest well ever drilled
AkerBP 1.mp4	00:02:40	in Norway with the standard exploration well design, and we did it following the
AkerBP 1.mp4	00:02:45	low flow and high ROP strategy. We have debunked several old drilling practices
AkerBP 1.mp4	00:02:50	improved that technical limit is still to be reached. This is only the beginning for a second or so.
AkerBP 1.mp4	00:02:55	
AkerBP 1.mp4	00:02:55	and I look forward to continue pushing the limits for what's technically feasible while drilling a well.
AkerBP 1.mp4	00:03:05	AKBP is a perfect match for Dipsy Stavanger.
AkerBP 1.mp4	00:03:08	They have ambition goals and push limits.
AkerBP 1.mp4	00:03:11	Every single day, our team delivers safely, securely and at world-class level.
AkerBP 1.mp4	00:03:17	With the upgrades made for the AKBP contract, Dipsy Stavanger has become an even sharper drilling machine.
AkerBP 1.mp4	00:03:24	We look forward for many great years ahead with new milestones, new records and a contingent focus on safety, quality and collaboration.
AkerBP 1.mp4	00:03:41	Being part of this operation has been a true pleasure.
AkerBP 1.mp4	00:03:45	Simply just showing performance first put into action.
AkerBP 1.mp4	00:03:50	Thanks to Oddfjell and Halliburton and the good crew.
AkerBP 1.mp4	00:03:54	With our collaboration offshore, we are able to do this.
AkerBP 1.mp4	00:03:57	And not to mention the great planning and support from our onshore team.
AkerBP 1.mp4	00:04:03	With their high-quality engineering, constantly pushing boundaries and willingness to take risks,
AkerBP 1.mp4	00:04:10	we are able to deliver world-class results as one team.
AkerBP 1.mp4	00:04:24	This means we're doingleading intersectionally.
AkerBP 1.mp4	00:04:26	
AkerBP 1.mp4	00:04:26	
AkerBP 2.mp4	00:00:28	ഉཤགྷཥཀཥཁཡྋཱཎཁཱཎཋཚཎཎཎཌྷཁཥཀཋཆཋཎགྷཎཀཎཎཁཎཉཀཎཁཉཉཇོ཈ཉཇཋཎཉཇཁཕཁཁ཈ཋཋདྷཁཀཉཉོཁཀཋ཈ཁཁགཉ཈ཁཋ཈�
AkerBP 2.mp4	00:00:48	Utgangspunktet var tre stålkonstruksjoner,
AkerBP 2.mp4	00:00:51	hver med understell, dekk og forskjellige utstyrsmoduler på toppen av dekket.
AkerBP 2.mp4	00:01:00	206 ön friendn yummy
AkerBP 2.mp4	00:01:05	
AkerBP 2.mp4	00:02:21	VÖLKEN
AkerBP 2.mp4	00:02:23	VPress
AkerBP 2.mp4	00:02:24	...skj سے å impactingh guitar legends åk op Petondsj Fan서�ola-sk nadie elsk.
AkerBP 2.mp4	00:04:54	
AkerBP 2.mp4	00:05:07	he
AkerBP 2.mp4	00:05:08	wanted
AkerBP 2.mp4	00:05:09	you
AkerBP 2.mp4	00:05:09	out
AkerBP 2.mp4	00:05:10	climbs
AkerBP 2.mp4	00:05:12	is
AkerBP 2.mp4	00:05:29	AC apprentice
AkerBP 2.mp4	00:05:31	9 years
AkerBP 2.mp4	00:05:31	Achievement
AkerBP 2.mp4	00:05:31	In 10 years
AkerBP 2.mp4	00:05:31	To become one development
AkerBP 3.mp4	00:00:17	We've been working with the case tree that's connected to root cause analysis and we've been
AkerBP 3.mp4	00:00:22	working more in the risk management part. So basically what we are doing is to create some
AkerBP 3.mp4	00:00:29	chatbot assistants to help people that are offshore when they have to conduct some sort of
AkerBP 3.mp4	00:00:36	risk assessment. So the general idea is just to create these assistants and allow an offshore
AkerBP 3.mp4	00:00:44	operator to ask questions related to any activities that they can perform and then get some
AkerBP 3.mp4	00:00:50	guidance as well ideas of outreach risks they might face. We have been tackling the problem
AkerBP 3.mp4	00:00:58	of cause analysis using an AI assistant. Basically what it means is assisting operators and people
AkerBP 3.mp4	00:01:05	who are investigating issues with documents that have been gathered from multiple sources and making
AkerBP 3.mp4	00:01:13	use of the data that is at hand with them at fast record pace. I have worked in a cross-functional
AkerBP 3.mp4	00:01:22	team with representatives from across RKBP, Cognite and Microsoft. Over the last two weeks, we've been
AkerBP 3.mp4	00:01:28	working on this case or the design verification together with Microsoft and Cognite and also
AkerBP 3.mp4	00:01:37	Acro Solutions in our team. What we have done was to create a chat interface with the specification
AkerBP 3.mp4	00:01:46	the STF 101 which is being used to design and verify our pipelines. This chatbot has the
AkerBP 3.mp4	00:01:54	ability to answer questions about the content that is in that document.
AkerBP 3.mp4	00:01:58	And this can help people to understand better what information to find within that specification.
AkerBP 3.mp4	00:02:05	There are several tasks that are being explored. One of them is to be able to interrogate the code
AkerBP 3.mp4	00:02:12	via a chatbot to identify various requirements in the sign code. And then the second task is
AkerBP 3.mp4	00:02:22	to look into if we can challenge the chatbot to give us an answer to if
AkerBP 3.mp4	00:02:28	an existing design or a pipeline in operation is in compliance with the requirements of the code.
AkerBP 3.mp4	00:02:35	I'm here joining the RKBP hackathon in the use case regarding offshore rotation planning.
AkerBP 3.mp4	00:02:43	We're working on a problem that has existed for many years where offshore rotation planning,
AkerBP 3.mp4	00:02:51	a complex problem, is mainly tackled manually
AkerBP 3.mp4	00:02:57	with
AkerBP 3.mp4	00:02:58	a lot of resources and human input required. And we're trying to use LLMs to help us create
AkerBP 3.mp4	00:03:08	an algorithm that automatically finds the best solution to the problem of staffing.
AkerBP 3.mp4	00:03:16	I think it brings a very interesting dynamic and it forces people to really prioritize what
AkerBP 3.mp4	00:03:23	they want to achieve and bring a meaningful result at the end of the day.
AkerBP 3.mp4	00:03:28	Thank you.
AkerBP 3.mp4	00:03:28	
AkerBP 3.mp4	00:03:28	I think it's been really valuable to have people from Cognite, Microsoft and Acura Solutions on the team with us at this hackathon,
AkerBP 3.mp4	00:03:37	working hands-on, implementing the technology and this proof of concept.
AkerBP 3.mp4	00:03:43	Acura PPE's digital strategy is all based on the ecosystem and for the last two days we've gathered our software partners,
AkerBP 3.mp4	00:03:51	Cognite and Microsoft, our service provider Teato Avery, Acura Solutions and people across departments in Acura PPE
AkerBP 3.mp4	00:03:58	to come together for a two-day hackathon on how we can apply GenAI to the business.
AkerBP 3.mp4	00:04:04	The results have been fantastic. The cross-company collaboration has been excellent
AkerBP 3.mp4	00:04:08	and the cross-functional domain and digital experts working together to actually get something done.
AkerBP 3.mp4	00:04:15	It has been truly fantastic. It's been a great enthusiastic gang
AkerBP 3.mp4	00:04:19	and the next stage now is to get it done.
AkerBP 3.mp4	00:04:21	We're looking forward to prove out how quick we can go from idea to production. Stay tuned.
Al Gore- Averting the climate crisis - TED Talk.mp4	00:00:06	Thank you so much, Chris, and it's truly a great honor to have the opportunity to come
Al Gore- Averting the climate crisis - TED Talk.mp4	00:00:12	to this stage twice.
Al Gore- Averting the climate crisis - TED Talk.mp4	00:00:13	I'm extremely grateful.
Al Gore- Averting the climate crisis - TED Talk.mp4	00:00:14	I have been blown away by this conference, and I want to thank all of you for the many
Al Gore- Averting the climate crisis - TED Talk.mp4	00:00:23	nice comments about what I had to say the other night.
Al Gore- Averting the climate crisis - TED Talk.mp4	00:00:26	And I say that sincerely, partly because I need that.
Al Gore- Averting the climate crisis - TED Talk.mp4	00:00:37	Put yourselves in my position.
Al Gore- Averting the climate crisis - TED Talk.mp4	00:00:46	I flew on Air Force Two for eight years.
Al Gore- Averting the climate crisis - TED Talk.mp4	00:00:50	Now I have to take off my shoes or boots to get on an airplane.
Al Gore- Averting the climate crisis - TED Talk.mp4	00:01:03	I'll tell you one quick story to illustrate what that's been like for me.
Al Gore- Averting the climate crisis - TED Talk.mp4	00:01:10	It's a true story.
Al Gore- Averting the climate crisis - TED Talk.mp4	00:01:11	Every bit of this is true.
Al Gore- Averting the climate crisis - TED Talk.mp4	00:01:13	Soon after Tipper and I left the White House, we were driving from our home in Nashville
Al Gore- Averting the climate crisis - TED Talk.mp4	00:01:21	to a little farm we have 50 miles east of Nashville.
Al Gore- Averting the climate crisis - TED Talk.mp4	00:01:27	And we were driving ourselves.
Al Gore- Averting the climate crisis - TED Talk.mp4	00:01:31	I know that sounds like a little thing to you, but I looked in the rearview mirror and
Al Gore- Averting the climate crisis - TED Talk.mp4	00:01:45	all of a sudden it just hit me.
Al Gore- Averting the climate crisis - TED Talk.mp4	00:01:48	There was no motorcade back there.
Al Gore- Averting the climate crisis - TED Talk.mp4	00:01:52	You've heard of phantom limb pain?
Al Gore- Averting the climate crisis - TED Talk.mp4	00:01:59	You remember I mentioned one of my clothes at a party.
Al Gore- Averting the climate crisis - TED Talk.mp4	00:01:59	
Al Gore- Averting the climate crisis - TED Talk.mp4	00:01:59	
Al Gore- Averting the climate crisis - TED Talk.mp4	00:01:59	This is a used Ford…
Al Gore- Averting the climate crisis - TED Talk.mp4	00:02:00	This this was a rented Ford Taurus.
Al Gore- Averting the climate crisis - TED Talk.mp4	00:02:06	It was dinner time and we started looking for a place to eat.
Al Gore- Averting the climate crisis - TED Talk.mp4	00:02:12	We were on I-40.
Al Gore- Averting the climate crisis - TED Talk.mp4	00:02:13	We got to exit 238 Lebanonbula.
Al Gore- Averting the climate crisis - TED Talk.mp4	00:02:16	So we got off the exit.
Al Gore- Averting the climate crisis - TED Talk.mp4	00:02:17	Started looking for one.
Al Gore- Averting the climate crisis - TED Talk.mp4	00:02:17	We found a Shawnee's restaurant.
Al Gore- Averting the climate crisis - TED Talk.mp4	00:02:20	low-cost family restaurant chain for those of you don't know it we went in and sat down at the booth
Al Gore- Averting the climate crisis - TED Talk.mp4	00:02:27	and the waitress came over made a big commotion over tipper she took our order and then went to
Al Gore- Averting the climate crisis - TED Talk.mp4	00:02:35	the couple in the booth next to us and she lowered her voice so much i had to really strain to hear
Al Gore- Averting the climate crisis - TED Talk.mp4	00:02:41	what she was saying and she said yes that's former vice president al gore and his wife tipper
Al Gore- Averting the climate crisis - TED Talk.mp4	00:02:46	and the man said he's come down a long way
Al Gore- Averting the climate crisis - TED Talk.mp4	00:03:00	there's been kind of a series of epiphanies the very next day continuing a totally true story
Al Gore- Averting the climate crisis - TED Talk.mp4	00:03:08	i got on a g5 to fly to africa to make a speech in nigeria in the city of lagos on the topic of
Al Gore- Averting the climate crisis - TED Talk.mp4	00:03:16	the war on the war on the war on the war on the war on the war on the war on the war on the war
Al Gore- Averting the climate crisis - TED Talk.mp4	00:03:16	energy and i began the speech by telling them the story of what had just happened the day before in
Al Gore- Averting the climate crisis - TED Talk.mp4	00:03:23	nashville and i told it pretty much the same way i've just shared it with you tipper and i were
Al Gore- Averting the climate crisis - TED Talk.mp4	00:03:28	driving ourselves show knees low-cost family restaurant chain what the man said they laughed
Al Gore- Averting the climate crisis - TED Talk.mp4	00:03:33	i gave my speech then went back out to the airport to fly back home i fell asleep on the plane until
Al Gore- Averting the climate crisis - TED Talk.mp4	00:03:39	during the middle of the night we landed on the azores islands for refueling i woke up they opened
Al Gore- Averting the climate crisis - TED Talk.mp4	00:03:46	I went out to get some fresh air, and I looked,
Al Gore- Averting the climate crisis - TED Talk.mp4	00:03:48	and there was a man running across the runway.
Al Gore- Averting the climate crisis - TED Talk.mp4	00:03:51	And he was waving a piece of paper, and he was yelling,
Al Gore- Averting the climate crisis - TED Talk.mp4	00:03:55	Call Washington! Call Washington!
Al Gore- Averting the climate crisis - TED Talk.mp4	00:03:59	And I thought to myself, in the middle of the night,
Al Gore- Averting the climate crisis - TED Talk.mp4	00:04:01	in the middle of the Atlantic,
Al Gore- Averting the climate crisis - TED Talk.mp4	00:04:01	what in the world could be wrong in Washington?
Al Gore- Averting the climate crisis - TED Talk.mp4	00:04:03	I remembered it could be a bunch of things.
Al Gore- Averting the climate crisis - TED Talk.mp4	00:04:08	And...
Al Gore- Averting the climate crisis - TED Talk.mp4	00:04:13	But what it turned out to be
Al Gore- Averting the climate crisis - TED Talk.mp4	00:04:15	was that my staff was extremely upset
Al Gore- Averting the climate crisis - TED Talk.mp4	00:04:18	because one of the wire services in Nigeria
Al Gore- Averting the climate crisis - TED Talk.mp4	00:04:23	had already written a story about my speech,
Al Gore- Averting the climate crisis - TED Talk.mp4	00:04:26	and it had already been printed in cities
Al Gore- Averting the climate crisis - TED Talk.mp4	00:04:28	all across the United States of America.
Al Gore- Averting the climate crisis - TED Talk.mp4	00:04:30	It was printed in Monterey, I checked.
Al Gore- Averting the climate crisis - TED Talk.mp4	00:04:34	And the story began.
Al Gore- Averting the climate crisis - TED Talk.mp4	00:04:36	Former Vice President Al Gore announced in Nigeria yesterday,
Al Gore- Averting the climate crisis - TED Talk.mp4	00:04:40	quote,
Al Gore- Averting the climate crisis - TED Talk.mp4	00:04:41	My wife, Tipper, and I have opened a low-cost family restaurant
Al Gore- Averting the climate crisis - TED Talk.mp4	00:04:44	...
Al Gore- Averting the climate crisis - TED Talk.mp4	00:04:44	...
Al Gore- Averting the climate crisis - TED Talk.mp4	00:05:05	Three days later, I got a nice, long, handwritten letter
Al Gore- Averting the climate crisis - TED Talk.mp4	00:05:09	from my friend and partner and colleague, Bill Clinton,
Al Gore- Averting the climate crisis - TED Talk.mp4	00:05:13	saying,
Al Gore- Averting the climate crisis - TED Talk.mp4	00:05:13	saying, congratulations on the new restaurant out.
Al Gore- Averting the climate crisis - TED Talk.mp4	00:05:21	We like to celebrate each other's successes in life.
Al Gore- Averting the climate crisis - TED Talk.mp4	00:05:31	I was going to talk about information ecology,
Al Gore- Averting the climate crisis - TED Talk.mp4	00:05:34	but I was thinking that since I planned to make a lifelong habit of coming back to TED,
Al Gore- Averting the climate crisis - TED Talk.mp4	00:05:40	that maybe I could talk about that another time.
Al Gore- Averting the climate crisis - TED Talk.mp4	00:05:44	It's a deal.
Al Gore- Averting the climate crisis - TED Talk.mp4	00:05:45	I want to focus on what many of you have said you would like me to elaborate on.
Al Gore- Averting the climate crisis - TED Talk.mp4	00:05:55	What can you do about the climate crisis?
Al Gore- Averting the climate crisis - TED Talk.mp4	00:05:59	I want to start with a couple of...
Al Gore- Averting the climate crisis - TED Talk.mp4	00:06:03	I'm going to show some new images,
Al Gore- Averting the climate crisis - TED Talk.mp4	00:06:05	and I'm going to recapitulate just four or five.
Al Gore- Averting the climate crisis - TED Talk.mp4	00:06:11	Oh, the slideshow.
Al Gore- Averting the climate crisis - TED Talk.mp4	00:06:12	I update the slideshow.
Al Gore- Averting the climate crisis - TED Talk.mp4	00:06:15	Every time I give it, I add new images,
Al Gore- Averting the climate crisis - TED Talk.mp4	00:06:17	because I learn more about it every time I give it.
Al Gore- Averting the climate crisis - TED Talk.mp4	00:06:21	It's like beachcombing, you know?
Al Gore- Averting the climate crisis - TED Talk.mp4	00:06:22	Every time the tide comes in and out, you find some more shells.
Al Gore- Averting the climate crisis - TED Talk.mp4	00:06:26	Just in the last two days, we got the new temperature records in January.
Al Gore- Averting the climate crisis - TED Talk.mp4	00:06:32	This is just for the United States of America.
Al Gore- Averting the climate crisis - TED Talk.mp4	00:06:35	Historical average for January is 31 degrees.
Al Gore- Averting the climate crisis - TED Talk.mp4	00:06:38	Last month was 39.5 degrees.
Al Gore- Averting the climate crisis - TED Talk.mp4	00:06:42	Now, I know that you wanted some more bad news about the environment.
Al Gore- Averting the climate crisis - TED Talk.mp4	00:06:46	I'm kidding.
Al Gore- Averting the climate crisis - TED Talk.mp4	00:06:48	But these are the recapitulation slides,
Al Gore- Averting the climate crisis - TED Talk.mp4	00:06:52	and then I'm going to go into new material about what you can do.
Tony Robbins- 토니 라빈스 '행동의 이유' - TED Talk.mp4	00:19:46	who worked in the World Trade Center, because I had about
Tony Robbins- 토니 라빈스 '행동의 이유' - TED Talk.mp4	00:19:47	200 New Yorkers there. More than 50 had lost their
Tony Robbins- 토니 라빈스 '행동의 이유' - TED Talk.mp4	00:19:50	entire companies, their friends,
Tony Robbins- 토니 라빈스 '행동의 이유' - TED Talk.mp4	00:19:51	marking off their palm pilots, one financial
Tony Robbins- 토니 라빈스 '행동의 이유' - TED Talk.mp4	00:19:53	trader, this woman made of steel, bawling,
Tony Robbins- 토니 라빈스 '행동의 이유' - TED Talk.mp4	00:19:56	30 friends crossing off that all died.
Tony Robbins- 토니 라빈스 '행동의 이유' - TED Talk.mp4	00:19:58	And what I did to people is
Tony Robbins- 토니 라빈스 '행동의 이유' - TED Talk.mp4	00:20:00	said, what are we going to focus on?
Tony Robbins- 토니 라빈스 '행동의 이유' - TED Talk.mp4	00:20:02	What does this mean, and what
Tony Robbins- 토니 라빈스 '행동의 이유' - TED Talk.mp4	00:20:03	are we going to do? And I took the
Tony Robbins- 토니 라빈스 '행동의 이유' - TED Talk.mp4	00:20:06	group and got people to focus on, if you didn't lose
Tony Robbins- 토니 라빈스 '행동의 이유' - TED Talk.mp4	00:20:07	somebody today, your focus is going to be how to serve
Tony Robbins- 토니 라빈스 '행동의 이유' - TED Talk.mp4	00:20:10	somebody else. There are people, and one woman
Tony Robbins- 토니 라빈스 '행동의 이유' - TED Talk.mp4	00:20:12	got on, she was so angry and screaming and yelling,
Tony Robbins- 토니 라빈스 '행동의 이유' - TED Talk.mp4	00:20:14	she wasn't from New York, she's not an American,
Tony Robbins- 토니 라빈스 '행동의 이유' - TED Talk.mp4	00:20:16	she doesn't know anybody here.
Tony Robbins- 토니 라빈스 '행동의 이유' - TED Talk.mp4	00:20:18	I said, do you always get angry? She said, yes.
Tony Robbins- 토니 라빈스 '행동의 이유' - TED Talk.mp4	00:20:20	Guilty people got guilty, sad people got
Tony Robbins- 토니 라빈스 '행동의 이유' - TED Talk.mp4	00:20:22	sad. And I took these two men and did what I call
Tony Robbins- 토니 라빈스 '행동의 이유' - TED Talk.mp4	00:20:24	an indirect negotiation. Jewish
Tony Robbins- 토니 라빈스 '행동의 이유' - TED Talk.mp4	00:20:26	man with family in the occupied territory, some
Tony Robbins- 토니 라빈스 '행동의 이유' - TED Talk.mp4	00:20:27	New Yorker who would have died if he was at work that day.
Tony Robbins- 토니 라빈스 '행동의 이유' - TED Talk.mp4	00:20:30	And this man who wanted to be a terrorist,
Tony Robbins- 토니 라빈스 '행동의 이유' - TED Talk.mp4	00:20:32	and made it very clear. And the
Tony Robbins- 토니 라빈스 '행동의 이유' - TED Talk.mp4	00:20:34	integration that happened is on a film, which I'll be happy to send
Tony Robbins- 토니 라빈스 '행동의 이유' - TED Talk.mp4	00:20:36	you, so you can really see what actually happened
Tony Robbins- 토니 라빈스 '행동의 이유' - TED Talk.mp4	00:20:37	instead of my verbalization of it. But the two of them
Tony Robbins- 토니 라빈스 '행동의 이유' - TED Talk.mp4	00:20:40	not only came together and changed their beliefs and
Tony Robbins- 토니 라빈스 '행동의 이유' - TED Talk.mp4	00:20:42	models of the world, but they worked together to bring
Tony Robbins- 토니 라빈스 '행동의 이유' - TED Talk.mp4	00:20:43	for almost four years now, to various
Tony Robbins- 토니 라빈스 '행동의 이유' - TED Talk.mp4	00:20:46	mosques and synagogues, the idea of how to
Tony Robbins- 토니 라빈스 '행동의 이유' - TED Talk.mp4	00:20:48	create peace. And he wrote a book, which is called
Tony Robbins- 토니 라빈스 '행동의 이유' - TED Talk.mp4	00:20:50	My Jihad, My Way of Peace.
Tony Robbins- 토니 라빈스 '행동의 이유' - TED Talk.mp4	00:20:52	So transformation can happen. So my
Tony Robbins- 토니 라빈스 '행동의 이유' - TED Talk.mp4	00:20:54	invitation to you is this.
Tony Robbins- 토니 라빈스 '행동의 이유' - TED Talk.mp4	00:20:56	Explore your web.
Tony Robbins- 토니 라빈스 '행동의 이유' - TED Talk.mp4	00:20:58	The web in here.
Tony Robbins- 토니 라빈스 '행동의 이유' - TED Talk.mp4	00:21:00	The needs, the beliefs, the
Tony Robbins- 토니 라빈스 '행동의 이유' - TED Talk.mp4	00:21:02	emotions that are controlling you. For two
Tony Robbins- 토니 라빈스 '행동의 이유' - TED Talk.mp4	00:21:04	reasons. So there's more of you to give.
Tony Robbins- 토니 라빈스 '행동의 이유' - TED Talk.mp4	00:21:06	Achieve too. We all want to do it. But I mean
Tony Robbins- 토니 라빈스 '행동의 이유' - TED Talk.mp4	00:21:07	give. Because that's what's going to fill you up.
Tony Robbins- 토니 라빈스 '행동의 이유' - TED Talk.mp4	00:21:09	And secondly, so you can appreciate
Tony Robbins- 토니 라빈스 '행동의 이유' - TED Talk.mp4	00:21:12	not just understand, that's intellectual,
Tony Robbins- 토니 라빈스 '행동의 이유' - TED Talk.mp4	00:21:14	that's mind, but appreciate
Tony Robbins- 토니 라빈스 '행동의 이유' - TED Talk.mp4	00:21:15	what's driving other people. It's the only way our world's going to change.
Tony Robbins- 토니 라빈스 '행동의 이유' - TED Talk.mp4	00:21:18	God bless you. Thank you. I hope this was helpful.
Tony Robbins- 토니 라빈스 '행동의 이유' - TED Talk.mp4	00:21:29	Thank you.
audio only.wav	00:00:00	The stale smell of old beer lingers.
audio only.wav	00:00:03	It takes heat to bring out the odor.
audio only.wav	00:00:07	A cold dip restores health and zest.
audio only.wav	00:00:09	A salt pickle tastes fine with ham.
audio only.wav	00:00:12	Tacos al pastor are my favorite.
audio only.wav	00:00:14	A zestful food is the hot cross bun.
video1.mp4	00:00:03	I'm going to take you on a journey very quickly.
video1.mp4	00:00:05	To explain the wish, I'm going to have to take you somewhere
video1.mp4	00:00:07	which many people haven't been, and that's around the world.
video1.mp4	00:00:10	When I was about 24 years old, Kate Storr and myself
video1.mp4	00:00:13	started an organization to get architects and designers
video1.mp4	00:00:16	involved in humanitarian work.
video1.mp4	00:00:19	And not only about responding to natural disasters,
video1.mp4	00:00:21	but involved in systemic issues.
video1.mp4	00:00:24	We believe that where the resources and expertise are scarce,
video1.mp4	00:00:29	innovative, sustainable design can really make a difference
video1.mp4	00:00:32	in people's lives.
video1.mp4	00:00:35	So, this all began, I started my life as an architect,
video1.mp4	00:00:38	or training as an architect, and I was always interested
video1.mp4	00:00:41	in socially responsible design and how you can really make an impact.
video1.mp4	00:00:45	But when I went to architecture school, it seemed that I was
video1.mp4	00:00:48	a black sheep in the family.
video1.mp4	00:00:50	Many architects seem to think that when you design,
video1.mp4	00:00:53	you design a jewel, and it's a jewel that you try and crave for.
video1.mp4	00:00:57	Whereas I felt that when you design,
video1.mp4	00:00:59	you either improve or you create a detriment to the community
video1.mp4	00:01:02	in which you're designing in.
video1.mp4	00:01:03	So you're not just doing a building for the residents
video1.mp4	00:01:05	or for the people who are going to use it,
video1.mp4	00:01:07	but for the community as a whole.
video1.mp4	00:01:09	And in 1999, we started by responding to the issue
video1.mp4	00:01:15	of the housing crisis for returning refugees in Kosovo.
video1.mp4	00:01:18	And I didn't know what I was doing, like I say, mid-20s,
video1.mp4	00:01:22	and I'm the internet generation, so we started a website,
video1.mp4	00:01:26	we put a call out there, and to my surprise,
video1.mp4	00:01:29	in a couple of months, we had hundreds of entries
video1.mp4	00:01:31	from around the world.
video1.mp4	00:01:33	That led to a number of prototypes being built
video1.mp4	00:01:35	and really experimenting with some ideas.
video1.mp4	00:01:38	Two years later, we started doing a project
video1.mp4	00:01:40	on developing mobile health clinics in sub-Saharan Africa,
video1.mp4	00:01:44	responding to the HIV-AIDS pandemic.
video1.mp4	00:01:48	That led to 550 entries from 53 countries.
video1.mp4	00:01:55	We also have designers from around the world that participate,
video1.mp4	00:01:58	and we had an exhibit of work that followed that.
video1.mp4	00:02:03	2004 was a tipping point for us.
video1.mp4	00:02:06	We started responding to natural disasters
video1.mp4	00:02:08	and getting involved in Iran and BAM,
video1.mp4	00:02:10	also following up on our work in Africa.
video1.mp4	00:02:13	Working within the United States, most people look at poverty
video1.mp4	00:02:16	and they see the face of a foreigner,
video1.mp4	00:02:18	but I live in Bozeman, Montana,
video1.mp4	00:02:20	and go up to the North Plains on the reservations,
video1.mp4	00:02:22	or go down to Alabama or Mississippi pre-Katrina,
video1.mp4	00:02:26	and I could have shown you places that have far worse conditions
video1.mp4	00:02:28	than many developing countries I've been to.
video1.mp4	00:02:31	So we got involved in and worked in inner cities and elsewhere,
video1.mp4	00:02:35	and then also I will go into some more projects.
Johan Sverdrup – System 18 – Havbunnsbrønner og.mp4	00:00:55	Som er lokalisert på hardbyen med tilknyttelser
Johan Sverdrup – System 18 – Havbunnsbrønner og.mp4	00:00:58	Og har en utnyttning til RP og P2
Johan Sverdrup – System 18 – Havbunnsbrønner og.mp4	00:01:00	Hensikten med systemet er å produsere olje fra reservoaret
Johan Sverdrup – System 18 – Havbunnsbrønner og.mp4	00:01:05	Samt å injisere vann og gass
Johan Sverdrup – System 18 – Havbunnsbrønner og.mp4	00:01:09	Systemet består av åtte brønnrammer med plass til fire Sabsi-brønner på hver ramme
Johan Sverdrup – System 18 – Havbunnsbrønner og.mp4	00:01:14	Brønnstrømmen fordeles til strømningsrør med hjelp av Sabsi-manifoiler
Johan Sverdrup – System 18 – Havbunnsbrønner og.mp4	00:01:18	Plassert i brønnrammene
Johan Sverdrup – System 18 – Havbunnsbrønner og.mp4	00:01:21	Injeksjonen av sjøvann og produsert vann benyttes som trykkstøtte for reservoaret
Johan Sverdrup – System 18 – Havbunnsbrønner og.mp4	00:01:26	Gass injiseres for å kunne brønne brønnrammen til hver ramme
Johan Sverdrup – System 18 – Havbunnsbrønner og.mp4	00:01:28	Og for å kunne produsere oljen øverst i reservoaret
Johan Sverdrup – System 18 – Havbunnsbrønner og.mp4	00:01:30	Både injeksjon av gass og vann bidrar til økt utvinningsgrad
video1.mp4	00:02:38	2005, Mother Nature kicked our ass.
video1.mp4	00:02:41	I think we can pretty much assume that 2005 was a horrific year
video1.mp4	00:02:46	when it comes to natural disasters.
video1.mp4	00:02:47	And because of the Internet and because of connections to blogs
video1.mp4	00:02:52	and so forth, within literally hours of the tsunami,
video1.mp4	00:02:55	we were already raising funds, getting involved,
video1.mp4	00:02:58	working with people,
video1.mp4	00:02:58	working with people on the ground.
video1.mp4	00:03:00	We run from a couple of laptops,
video1.mp4	00:03:02	and in the first couple of days,
video1.mp4	00:03:04	I had 4,000 emails from people needing help.
video1.mp4	00:03:07	So we began to get involved in projects there,
video1.mp4	00:03:10	and I'll talk about some others.
video1.mp4	00:03:11	And then of course this year we've been responding to Katrina,
video1.mp4	00:03:14	as well as following up on our reconstruction work.
video1.mp4	00:03:17	So this is a brief overview.
video1.mp4	00:03:20	In 2004, I really couldn't manage the number of people
video1.mp4	00:03:23	who wanted to help or the number of requests that I was getting.
video1.mp4	00:03:26	It was all coming into my laptop and cell phone.
video1.mp4	00:03:28	So we decided to embrace an open,
video1.mp4	00:03:31	basically an open source model of business
video1.mp4	00:03:34	that anyone, anywhere in the world,
video1.mp4	00:03:36	could start a local chapter and they can get involved in local problems.
video1.mp4	00:03:39	Because I believe there is no such thing as utopia.
video1.mp4	00:03:42	All problems are local, all solutions are local.
video1.mp4	00:03:44	And that means somebody who's based in Mississippi
video1.mp4	00:03:49	knows more about Mississippi than I do.
video1.mp4	00:03:51	So what happened is we used Meetup
video1.mp4	00:03:54	and all these other kind of Internet tools,
video1.mp4	00:03:57	and we ended up having 40 chapters starting up,
video1.mp4	00:04:02	thousands of architects in 104 countries.
video1.mp4	00:04:06	So the bullet point, sorry, I never do a suit,
video1.mp4	00:04:09	so I knew that I was going to take this off.
video1.mp4	00:04:12	Okay, because I'm going to do this very quick.
video1.mp4	00:04:13	So in the past seven years, this isn't just about nonprofit.
video1.mp4	00:04:18	What it showed me is that there's a grassroots movement going on
video1.mp4	00:04:21	of socially responsible designers who really believe
video1.mp4	00:04:24	that this world has got a lot smaller,
video1.mp4	00:04:25	and that we have the opportunity, not the responsibility,
video1.mp4	00:04:29	but the opportunity to really get involved in making change.
video1.mp4	00:04:44	I'm adding that to my time.
video1.mp4	00:04:49	So what you don't know is we've got these thousands of designers
Johan Sverdrup – System 18 – Havbunnsbrønner og.mp4	00:01:35	Sjøvann, produsert vann og gass sendes fra RP til brønnrammene for injeksjon via dedikerte strømningsrør
Johan Sverdrup – System 18 – Havbunnsbrønner og.mp4	00:01:44	Alle brønnene er utstyrt med en strupeventil som regulerer injeksjonsraten til hver brønn
Johan Sverdrup – System 18 – Havbunnsbrønner og.mp4	00:01:50	Alle injeksjonsbrønnene har også mulighet til å bytte mellom injeksjon av vann eller gass
Johan Sverdrup – System 18 – Havbunnsbrønner og.mp4	00:01:56	Sjøvann, produsert vann
Johan Sverdrup – System 18 – Havbunnsbrønner og.mp4	00:01:58	Og gass behandles toppside før injeksjon
Johan Sverdrup – System 18 – Havbunnsbrønner og.mp4	00:02:02	Produksjon av olje knyttes opp mot P2 via strømningsrør
Johan Sverdrup – System 18 – Havbunnsbrønner og.mp4	00:02:06	Hver produksjonsbrønn er utstyrt med gassløftfunksjonalitet
Johan Sverdrup – System 18 – Havbunnsbrønner og.mp4	00:02:11	Og har en strupeventil som regulerer produksjonsraten for brønnen
Johan Sverdrup – System 18 – Havbunnsbrønner og.mp4	00:02:16	Avleringshemmer injiseres sub-C på produksjonsbrønnene
Johan Sverdrup – System 18 – Havbunnsbrønner og.mp4	00:02:20	For tilførsel av hydraulikk
Johan Sverdrup – System 18 – Havbunnsbrønner og.mp4	00:02:25	Elektrisk kraft
Johan Sverdrup – System 18 – Havbunnsbrønner og.mp4	00:02:29	Fiberkommunikasjon
Johan Sverdrup – System 18 – Havbunnsbrønner og.mp4	00:02:30	MEG
Johan Sverdrup – System 18 – Havbunnsbrønner og.mp4	00:02:32	Og kjemikalier til brønnrammene er det installert åtte ambilikals
Johan Sverdrup – System 18 – Havbunnsbrønner og.mp4	00:02:39	Også kalt kontrollkabler på feltet
Johan Sverdrup – System 18 – Havbunnsbrønner og.mp4	00:02:42	Tre av kontrollkablene går mellom RP og brønnrammene
Johan Sverdrup – System 18 – Havbunnsbrønner og.mp4	00:02:47	E
Johan Sverdrup – System 18 – Havbunnsbrønner og.mp4	00:02:48	F
Johan Sverdrup – System 18 – Havbunnsbrønner og.mp4	00:02:50	Og O
Johan Sverdrup – System 18 – Havbunnsbrønner og.mp4	00:02:52	Mens de andre fem er installert mellom brønnrammene
Johan Sverdrup – System 18 – Havbunnsbrønner og.mp4	00:02:58	Det er plassert egne kraft- og kommunikasjonsenheter på RP
Johan Sverdrup – System 18 – Havbunnsbrønner og.mp4	00:03:03	For tilførsel av elektrisk kraft
Johan Sverdrup – System 18 – Havbunnsbrønner og.mp4	00:03:05	Samt kommunikasjon med sub-C-anlegget
Johan Sverdrup – System 18 – Havbunnsbrønner og.mp4	00:03:08	Disse enhetene formidler kommunikasjon mellom toppside-kontrollsystem
Johan Sverdrup – System 18 – Havbunnsbrønner og.mp4	00:03:13	Og kontrollmoduler på brønnrammene
Johan Sverdrup – System 18 – Havbunnsbrønner og.mp4	00:03:15	Kontrollmodulene benyttes for monitorering og operasjon av brønner og manifolder
Johan Sverdrup – System 18 – Havbunnsbrønner og.mp4	00:03:22	HPU-en som forsyner sub-C med hydraulisk kraft
Johan Sverdrup – System 18 – Havbunnsbrønner og.mp4	00:03:26	Er lokalisert på RP
Johan Sverdrup – System 18 – Havbunnsbrønner og.mp4	00:03:28	HPU-en har i oppgave å levere stabilt hydraulikk-trykk til brønnrammene
Johan Sverdrup – System 18 – Havbunnsbrønner og.mp4	00:03:33	Slik at sub-C-ventilene fungerer som tiltenkt
Johan Sverdrup – System 18 – Havbunnsbrønner og.mp4	00:03:36	HPU-en leverer lavtrykshydraulikkveske for operasjon av hydraulisk opererte ventiler på brønnrammene
Johan Sverdrup – System 18 – Havbunnsbrønner og.mp4	00:03:43	Og høytrykshydraulikkveske for operasjon av nedihulls-sikkerhetsventiler for brønnene
Johan Sverdrup – System 18 – Havbunnsbrønner og.mp4	00:03:49	HPU-en leverer også lavtrykshydraulikkveske for operering av subsurface-isolasjonsventil
video1.mp4	00:04:52	working around the world, connected basically by a website,
video1.mp4	00:04:55	and we have a staff of three.
video1.mp4	00:04:57	By doing something, the fact that nobody told us we couldn't do it,
video1.mp4	00:05:01	we did it.
video1.mp4	00:05:02	And so there's something to be said about Nao-Vitae.
video1.mp4	00:05:04	So seven years later, we've developed so that we've got advocacy,
video1.mp4	00:05:08	instigation, and implementation.
video1.mp4	00:05:09	We advocate for good design, not only through student workshops
video1.mp4	00:05:13	and lectures and public forums, op-eds.
video1.mp4	00:05:15	We have a book on humanitarian work,
video1.mp4	00:05:18	but also disaster mitigation and dealing with public policy.
video1.mp4	00:05:21	We can talk about FEMA, but that's another talk.
video1.mp4	00:05:25	Instigation.
video1.mp4	00:05:26	Developing ideas with communities and NGOs,
video1.mp4	00:05:28	doing open source design competitions,
Johan Sverdrup – System 18 – Havbunnsbrønner og.mp4	00:03:56	SSIV
Johan Sverdrup – System 18 – Havbunnsbrønner og.mp4	00:03:58	På gasseksport-rørledningen system 32
Johan Sverdrup – System 18 – Havbunnsbrønner og.mp4	00:04:01	Via en egen dedikert kontrollkabel
Johan Sverdrup – System 18 – Havbunnsbrønner og.mp4	00:04:06	System 96
Johan Sverdrup – System 18 – Havbunnsbrønner og.mp4	00:04:07	Sub-C-struktur og brønnrammer
Johan Sverdrup – System 18 – Havbunnsbrønner og.mp4	00:04:10	Inngår i system 18
Johan Sverdrup – System 18 – Havbunnsbrønner og.mp4	00:04:12	Brønnrammestruktur er en stålkonstruksjon hvis hovedfunksjon er
Johan Sverdrup – System 18 – Havbunnsbrønner og.mp4	00:04:17	Fundament for utstyr på brønnrammen
Johan Sverdrup – System 18 – Havbunnsbrønner og.mp4	00:04:21	Rammeverk og beskyttelse for brønner
Johan Sverdrup – System 18 – Havbunnsbrønner og.mp4	00:04:25	Rammeverk for feste av brønnhoder
Johan Sverdrup – System 18 – Havbunnsbrønner og.mp4	00:04:29	Fundament for manifoldstruktur
Johan Sverdrup – System 18 – Havbunnsbrønner og.mp4	00:04:33	Feste for inntrekkingsutstyr og koblinger for spors og umbilicals
Johan Sverdrup – System 18 – Havbunnsbrønner og.mp4	00:04:38	Og beskyttelse mot fallende gjenstander og tråling
Johan Sverdrup – System 18 – Havbunnsbrønner og.mp4	00:04:44	Nå skal vi se på hvor hovedutstyret i system 18 er plassert
Johan Sverdrup – System 18 – Havbunnsbrønner og.mp4	00:04:49	Vi begynner med RP
Johan Sverdrup – System 18 – Havbunnsbrønner og.mp4	00:04:53	HPU til subsisystemet er plassert på RP-skjelderdekk
Johan Sverdrup – System 18 – Havbunnsbrønner og.mp4	00:05:02	Topside-del av subsi-kontrollsystem er plassert i subsi-ler på RP
Johan Sverdrup – System 18 – Havbunnsbrønner og.mp4	00:05:11	På P2-mesanindekk finner vi topside-chokene på produksjonslinjene for brønnrammene H, K, O og Q
Johan Sverdrup – System 18 – Havbunnsbrønner og.mp4	00:05:26	Topside-del av subsi-kontrollsystemet er plassert på RP-skjelderdekk
Johan Sverdrup – System 18 – Havbunnsbrønner og.mp4	00:05:26	Brønnrammene er plassert på harddekkerne på subsi-kontrollsystemet og på RP-skjelderdekk
Johan Sverdrup – System 18 – Havbunnsbrønner og.mp4	00:05:32	Brønnrammene er plassert på harddekkerne på subsi-kontrollsystemet og på RP-skjelderdekk
Johan Sverdrup – System 18 – Havbunnsbrønner og.mp4	00:05:56	Før testen skal du gjennomgå og forstå følgende dokumenter
Johan Sverdrup – System 18 – Havbunnsbrønner og.mp4	00:06:04	Systembeskrivelsen
Johan Sverdrup – System 18 – Havbunnsbrønner og.mp4	00:06:06	og P&ID-a
Johan Sverdrup – System 18 – Havbunnsbrønner og.mp4	00:06:10	Nå er du klar til å ta testen
Johan Sverdrup – System 18 – Havbunnsbrønner og.mp4	00:06:14	Lykke til!
Johan Sverdrup – System 46_67 – MEG-injeksjon og.mp4	00:00:00	Her ser du hele MEG-lagrings- og injeksjonssystemet på Johan Sverdrup.
Johan Sverdrup – System 46_67 – MEG-injeksjon og.mp4	00:00:06	Alt hovedutstyr er lokalisert på RP, mens DP, P1 og P2 kun har distribusjonsnett.
Johan Sverdrup – System 46_67 – MEG-injeksjon og.mp4	00:00:16	MEG-lagring, system 67, består av to like lagertanker som er integrert på dekket på RP.
Johan Sverdrup – System 46_67 – MEG-injeksjon og.mp4	00:00:24	Tankene bunkres med ferdigblandet MEG med 90 prosent MEG og 10 prosent vann.
Johan Sverdrup – System 46_67 – MEG-injeksjon og.mp4	00:00:32	Systemet for MEG-injeksjon, system 46, består av tre pumpepakker og ei boosterpumpe.
Johan Sverdrup – System 46_67 – MEG-injeksjon og.mp4	00:00:41	Hver av pakkene inneholder to pumper og nødvendige kontrollfunksjoner.
Johan Sverdrup – System 46_67 – MEG-injeksjon og.mp4	00:00:47	Hovedforskjellen på de tre pakkene er leveransetrykk og mengde samt leveransested.
Johan Sverdrup – System 46_67 – MEG-injeksjon og.mp4	00:00:54	Systemet på RP har to hoveddeler der MEG-injeksjon-pumpepakket Topside opereres.
Johan Sverdrup – System 46_67 – MEG-injeksjon og.mp4	00:01:00	Dette er en system som opereres som en selvstendig enhet og leverer MEG til DP og P1.
Johan Sverdrup – System 46_67 – MEG-injeksjon og.mp4	00:01:06	Boosterpumpe- og MEG-injeksjonspumpepakke for DP og pumpepakke for lave rater kan opereres som ett felles eller to separate systemer, avhengig av posisjonen på crossoverventilen nedstrøms pumpene.
Johan Sverdrup – System 46_67 – MEG-injeksjon og.mp4	00:01:23	Når pumpepakkene opereres som ett system har de en kapasitet på 20 kubikk i timen.
Johan Sverdrup – System 46_67 – MEG-injeksjon og.mp4	00:01:30	Denne mengden trengs til subsea-injeksjon ved skifte mellom gass- og vanninjeksjon.
Johan Sverdrup – System 46_67 – MEG-injeksjon og.mp4	00:01:37	MEG-boosterpumpe har som funksjon å gi tilstrekkelig sugetrykk til MEG-injeksjonspakke DP og pumpepakke for lave rater.
Johan Sverdrup – System 46_67 – MEG-injeksjon og.mp4	00:01:46	Begge disse pakkene kan leveres til brønner på DP og på havbunner, til anlegget på RP og til P2 ved bruk av crossoveren.
Johan Sverdrup – System 46_67 – MEG-injeksjon og.mp4	00:01:57	På Johan Sveidrup brukes MEG i forbindelse med en større kvalitet.
Johan Sverdrup – System 46_67 – MEG-injeksjon og.mp4	00:02:01	Hydrater, først og fremst preventivt, men også for å løse en eventuell hydratplugg.
Johan Sverdrup – System 46_67 – MEG-injeksjon og.mp4	00:02:08	Fylling av utstyr og rørsystem.
Johan Sverdrup – System 46_67 – MEG-injeksjon og.mp4	00:02:12	Opptrykking og trykkutligning.
Johan Sverdrup – System 46_67 – MEG-injeksjon og.mp4	00:02:15	Omlegging av vagbrønner.
Johan Sverdrup – System 46_67 – MEG-injeksjon og.mp4	00:02:19	Bruk av MEG er sporadisk, og systemet er derved ikke i kontinuerlig bruk, men tilgjengelig ved behov.
Johan Sverdrup – System 46_67 – MEG-injeksjon og.mp4	00:02:28	Det er viktig å merke seg at MEG kan føre til forurensning av produkt til Mongstad, så det må vises omtanke for hvor produktet brukes i prosessen.
Johan Sverdrup – System 46_67 – MEG-injeksjon og.mp4	00:02:37	Teksting av Nicolai Winther
Joshua Prince-Ramus- Behind the design of Seattle's library - TED Talk.mp4	00:00:06	Tanya Cushman Reviewer:" Peter van de Ven
Joshua Prince-Ramus- Behind the design of Seattle's library - TED Talk.mp4	00:00:30	The second is that this process does not have a signature.
Joshua Prince-Ramus- Behind the design of Seattle's library - TED Talk.mp4	00:00:41	There is no authorship.
Joshua Prince-Ramus- Behind the design of Seattle's library - TED Talk.mp4	00:00:42	Architects are obsessed with authorship.
Joshua Prince-Ramus- Behind the design of Seattle's library - TED Talk.mp4	00:00:44	This is something that has editing and it has teams.
Joshua Prince-Ramus- Behind the design of Seattle's library - TED Talk.mp4	00:00:47	In fact, we no longer see within this process
David Pogue- Simplicity sells - TED Talk.mp4	00:07:49	.
David Pogue- Simplicity sells - TED Talk.mp4	00:07:49	But all you have to type in is this little teeny window down here.
David Pogue- Simplicity sells - TED Talk.mp4	00:07:56	And we've arrived at the age of interface matrices where there's so many features and
David Pogue- Simplicity sells - TED Talk.mp4	00:08:01	options you have to do two dimensions, a vertical and a horizontal. You guys all complain about
David Pogue- Simplicity sells - TED Talk.mp4	00:08:07	how Microsoft Word is always bulleting your lists and underlining your links automatically.
David Pogue- Simplicity sells - TED Talk.mp4	00:08:11	The off switch is in there somewhere. I'm telling you, it's there. Part of the art of
David Pogue- Simplicity sells - TED Talk.mp4	00:08:17	designing a simple, good interface is to have a simple, good interface. And Microsoft Word
David Pogue- Simplicity sells - TED Talk.mp4	00:08:19	is actually a bit more sophisticated. And it's not just about what you have to do to
David Pogue- Simplicity sells - TED Talk.mp4	00:08:19	
David Pogue- Simplicity sells - TED Talk.mp4	00:08:19	And the aspect of the simple interface is knowing when to use which one of these features.
David Pogue- Simplicity sells - TED Talk.mp4	00:08:23	So here is the log off dialog box for Windows 2000. There are only four choices. So why
David Pogue- Simplicity sells - TED Talk.mp4	00:08:30	are they in a pop-up menu? It's not like the rest of the screen is so full of other
David Pogue- Simplicity sells - TED Talk.mp4	00:08:35	components that you need to collapse the choices. They could have put them all out in view.
David Pogue- Simplicity sells - TED Talk.mp4	00:08:40	Here is Apple's take on the exact same dialog box.
David Pogue- Simplicity sells - TED Talk.mp4	00:08:43	. Thank you. Yes, I designed the dialog box. Already, we can see that. I'm not going to
David Pogue- Simplicity sells - TED Talk.mp4	00:08:49	
David Pogue- Simplicity sells - TED Talk.mp4	00:08:49	
David Pogue- Simplicity sells - TED Talk.mp4	00:08:49	see that Apple and Microsoft have a severely divergent approach to software design. Microsoft's
David Pogue- Simplicity sells - TED Talk.mp4	00:08:56	approach to simplicity tends to be, let's break it down. Let's just make it more steps.
David Pogue- Simplicity sells - TED Talk.mp4	00:09:01	There are these wizards everywhere. And there's a new version of Windows coming out this fall.
David Pogue- Simplicity sells - TED Talk.mp4	00:09:06	If they continue at this pace, there's absolutely no telling where they might wind up.
David Pogue- Simplicity sells - TED Talk.mp4	00:09:18	Welcome to the type of word wizard. Okay, I'll bite. Let's click next to continue.
David Pogue- Simplicity sells - TED Talk.mp4	00:09:28	From the drop down menu, choose the first letter you want to type. Okay. So there is a limit that
David Pogue- Simplicity sells - TED Talk.mp4	00:09:35	we don't want to cross. So what is the answer? How do you pack in all these features in a simple
David Pogue- Simplicity sells - TED Talk.mp4	00:09:40	and simple way? Well, I'm going to show you how to do that. So let's go ahead and start with the
David Pogue- Simplicity sells - TED Talk.mp4	00:09:41	intelligent way. I believe that consistency when possible, real world equivalents, trash can,
David Pogue- Simplicity sells - TED Talk.mp4	00:09:46	folder when possible, label things mostly. But I beg of the designers here to break all of those
David Pogue- Simplicity sells - TED Talk.mp4	00:09:52	rules if they violate the biggest rule of all, which is intelligence. Now, what do I mean by
David Pogue- Simplicity sells - TED Talk.mp4	00:09:57	that? I'm going to give you some examples where intelligence makes something not consistent,
David Pogue- Simplicity sells - TED Talk.mp4	00:10:01	but it's better. If you are buying something on the web, you are supposed to put in your address
David Pogue- Simplicity sells - TED Talk.mp4	00:10:06	and you're supposed to choose what country you're from. Okay. There are 200 countries in the
David Pogue- Simplicity sells - TED Talk.mp4	00:10:10	world. We like to think of the internet as a global village. I'm sorry. It's not one yet. It's
David Pogue- Simplicity sells - TED Talk.mp4	00:10:15	mainly like the United States, Europe, and Japan. So why is United States in the use? You have to
David Pogue- Simplicity sells - TED Talk.mp4	00:10:22	scroll like seven screens full to get to it. Now it would be inconsistent to put United States first,
David Pogue- Simplicity sells - TED Talk.mp4	00:10:28	but it would be intelligent. This one's been touched on before, but why in God's name,
David Pogue- Simplicity sells - TED Talk.mp4	00:10:34	do you shut down a windows PC by clicking a button called start?
David Pogue- Simplicity sells - TED Talk.mp4	00:10:42	Here's another pet one of mine. You have a printer. Most of the time you want to print one
David Pogue- Simplicity sells - TED Talk.mp4	00:10:48	copy of your document in page order on that printer. So why in God's name do you see this
David Pogue- Simplicity sells - TED Talk.mp4	00:10:55	every time you print? It's like a 747 shuttle cockpit.
David Pogue- Simplicity sells - TED Talk.mp4	00:11:00	And one of the buttons at the bottom you'll notice is not print.
David Pogue- Simplicity sells - TED Talk.mp4	00:11:12	Now I'm not saying that Apple is the only company who has embraced the cults of simplicity. Palm is
David Pogue- Simplicity sells - TED Talk.mp4	00:11:19	also, especially in the old days, wonderful about this. I actually got to speak to Palm when they
David Pogue- Simplicity sells - TED Talk.mp4	00:11:23	were flying high in the nineties. And after the talk, I met one of the employees and he says,
David Pogue- Simplicity sells - TED Talk.mp4	00:11:27	nice talk. And I said, thank you. What do you do here? He said, I'm a tap counter. I'm like,
David Pogue- Simplicity sells - TED Talk.mp4	00:11:32	you're a what? He goes, well, Jeff Hawkins, the CEO says, if any task on the Palm pilot
David Pogue- Simplicity sells - TED Talk.mp4	00:11:37	takes more than three taps of the stylus, it's too late. So I'm like, well, I'm going to do it. So I'm
David Pogue- Simplicity sells - TED Talk.mp4	00:11:40	like, okay, I'm going to do it. If I'm going to do it for a long time, it's too long and it has to be
David Pogue- Simplicity sells - TED Talk.mp4	00:11:41	redesigned. So I'm the tap counter. So I'm going to show you an example of a company that does not
David Pogue- Simplicity sells - TED Talk.mp4	00:11:47	have a tap counter. This is Microsoft Word. Okay. When you want to create a new blank document in
David Pogue- Simplicity sells - TED Talk.mp4	00:11:55	Word, it could happen. You go up to the file menu and you choose new. Now what happens when you
David Pogue- Simplicity sells - TED Talk.mp4	00:12:07	choose new? Do you get a new blank document?
David Pogue- Simplicity sells - TED Talk.mp4	00:12:10	You do not. On the opposite side of the monitor, a task bar appears and somewhere in those links, by the way,
David Pogue- Simplicity sells - TED Talk.mp4	00:12:18	not at the top, somewhere in those links is a button that makes you a new document. Okay. So that is a company
David Pogue- Simplicity sells - TED Talk.mp4	00:12:26	not counting taps. You know, I don't want to just stand here and make fun of Microsoft. Yes, I do.
David Pogue- Simplicity sells - TED Talk.mp4	00:12:37	The Bill Gates song.
David Pogue- Simplicity sells - TED Talk.mp4	00:12:40	I've been a geek forever. And I wrote the very first DOS. I put my software and IBM together. I got profit and they got the loss.
David Pogue- Simplicity sells - TED Talk.mp4	00:12:57	I write the code that makes the whole world run. I'm getting royalties from everyone. Sometimes it's garbage, but the press is snowed.
David Pogue- Simplicity sells - TED Talk.mp4	00:13:11	You buy the box, I'll sell the code.
David Pogue- Simplicity sells - TED Talk.mp4	00:13:17	Every software company is doing Microsoft's R&D. You can't keep a good idea down these days. Even Windows is a hack.
David Pogue- Simplicity sells - TED Talk.mp4	00:13:28	We're kind of based loosely on the Mac. So it's big, so it's slow. You got nowhere to go. I'm not doing this for praise.
David Pogue- Simplicity sells - TED Talk.mp4	00:13:36	I write the code that fits the world today.
David Pogue- Simplicity sells - TED Talk.mp4	00:13:40	I'm not doing this for praise. I write the code that fits the world today.
David Pogue- Simplicity sells - TED Talk.mp4	00:13:40	Big mediocrity in every way. We've entered planet domination mode. You'll have no choice. You'll buy my code.
David Pogue- Simplicity sells - TED Talk.mp4	00:13:55	I am Bill Gates and I write the code.
David Pogue- Simplicity sells - TED Talk.mp4	00:14:11	But actually, I believe there are really two Microsofts. There's the old one responsible for Windows and Office.
David Pogue- Simplicity sells - TED Talk.mp4	00:14:17	They're dying to throw the whole thing out and start fresh, but they can't. They're locked in because so many add-ons and other company stuff locks into the old 1982 chassis.
David Pogue- Simplicity sells - TED Talk.mp4	00:14:27	But there's also a new Microsoft that's really doing good, simple interface designs. I like the Media Center PC. I like the Microsoft Spotwatch.
David Pogue- Simplicity sells - TED Talk.mp4	00:14:35	The wireless watch flopped miserably in the market, but it wasn't because it wasn't simple.
David Pogue- Simplicity sells - TED Talk.mp4	00:14:40	It was simply and beautifully designed. Let's put it this way. Would you pay $10 a month to have a watch that has to be recharged every night like your cell phone and stops working when you leave your area code?
David Pogue- Simplicity sells - TED Talk.mp4	00:14:54	So the signs might indicate that the complexity crunch is only going to get worse. So is there any hope?
David Pogue- Simplicity sells - TED Talk.mp4	00:15:01	The screens are getting smaller. People are eliminating putting manuals in the boxes. Things are coming out at a faster pace.
David Pogue- Simplicity sells - TED Talk.mp4	00:15:08	It's funny. When Steve Jobs came back to Apple, he said,
David Pogue- Simplicity sells - TED Talk.mp4	00:15:10	I'm going to go to Apple in 1997 after 12 years away. It was a Mack World Expo.
David Pogue- Simplicity sells - TED Talk.mp4	00:15:14	He came to the stage in that black turtleneck and jeans and he sort of did this. The crowd went wild.
David Pogue- Simplicity sells - TED Talk.mp4	00:15:19	But I had just seen, I'm like, where have I seen this before? I had just seen the movie Evita with Madonna.
David Pogue- Simplicity sells - TED Talk.mp4	00:15:29	And I'm like, you know what? I got to do one about Steve Jobs. I just.
David Pogue- Simplicity sells - TED Talk.mp4	00:15:34	It won't be easy. You'll think I'm strange.
David Pogue- Simplicity sells - TED Talk.mp4	00:15:39	When I try to explain why I'm back after telling the press Apple's future is black.
David Pogue- Simplicity sells - TED Talk.mp4	00:15:44	You won't believe me. All that you see is a kid in his teens who started out in a garage with only a buddy named Woz.
David Pogue- Simplicity sells - TED Talk.mp4	00:15:56	You try rhyming with garage.
David Pogue- Simplicity sells - TED Talk.mp4	00:16:01	Don't cry for me, Cupertino.
David Pogue- Simplicity sells - TED Talk.mp4	00:16:04	The truth is I never left the garage.
David Pogue- Simplicity sells - TED Talk.mp4	00:16:07	I know the ropes now.
David Pogue- Simplicity sells - TED Talk.mp4	00:16:10	Know what the tricks are.
David Pogue- Simplicity sells - TED Talk.mp4	00:16:11	I made a fortune over at Pixar.
David Pogue- Simplicity sells - TED Talk.mp4	00:16:15	Don't cry for me, Cupertino.
David Pogue- Simplicity sells - TED Talk.mp4	00:16:19	I've still got the drive and vision.
David Pogue- Simplicity sells - TED Talk.mp4	00:16:22	I still wear sandals in any weather.
David Pogue- Simplicity sells - TED Talk.mp4	00:16:26	It's just that these days they're Gucci leather.
David Pogue- Simplicity sells - TED Talk.mp4	00:16:38	I know how to wear them.
David Pogue- Simplicity sells - TED Talk.mp4	00:16:39	So, Steve Jobs had always believed in simplicity and elegance and beauty.
David Pogue- Simplicity sells - TED Talk.mp4	00:16:45	And the truth is, for years, I was a little depressed because Americans obviously did not value it.
David Pogue- Simplicity sells - TED Talk.mp4	00:16:52	Because the Mac had 3% market share.
David Pogue- Simplicity sells - TED Talk.mp4	00:16:54	Windows had 95% market share.
David Pogue- Simplicity sells - TED Talk.mp4	00:16:56	People did not think it was worth putting a price on it.
David Pogue- Simplicity sells - TED Talk.mp4	00:16:59	So I was a little depressed.
David Pogue- Simplicity sells - TED Talk.mp4	00:17:00	And then I heard Al Gore's talk and I realized I didn't know the meaning of depressed.
David Pogue- Simplicity sells - TED Talk.mp4	00:17:05	But it turns out I was wrong.
David Pogue- Simplicity sells - TED Talk.mp4	00:17:07	wrong, right? Because the iPod came out and it violated every bit of common wisdom. Other
David Pogue- Simplicity sells - TED Talk.mp4	00:17:12	products cost less, other products had more features, they had voice recorders and FM
David Pogue- Simplicity sells - TED Talk.mp4	00:17:17	transmitters, the other products were backed by Microsoft with an open standard, not Apple's
David Pogue- Simplicity sells - TED Talk.mp4	00:17:22	proprietary standard. But the iPod won. This is the one they wanted. The lesson was simplicity
David Pogue- Simplicity sells - TED Talk.mp4	00:17:27	sells and there are signs that the industry is getting the message. This is a little company
David Pogue- Simplicity sells - TED Talk.mp4	00:17:31	that's done very well with simplicity and elegance. The Sonos thing, it's catching on.
David Pogue- Simplicity sells - TED Talk.mp4	00:17:35	I've got just a couple examples physically of really cool, elegant thinking coming along
David Pogue- Simplicity sells - TED Talk.mp4	00:17:41	lately. When you have a digital camera, how do you get the pictures back to your camera?
David Pogue- Simplicity sells - TED Talk.mp4	00:17:46	Computer. Well, you either haul around a USB cable or you buy a card reader and haul that
David Pogue- Simplicity sells - TED Talk.mp4	00:17:51	around. Either one you're going to lose. What I do is I take out the memory card and I fold
David Pogue- Simplicity sells - TED Talk.mp4	00:17:56	it in half, revealing USB contacts. I just stick it in the computer, offload the pictures,
David Pogue- Simplicity sells - TED Talk.mp4	00:18:03	put it right back in the camera. I never have to lose it.
David Pogue- Simplicity sells - TED Talk.mp4	00:18:05	I never lose anything. Here's another example. Chris, you're the source of all power. Will
David Pogue- Simplicity sells - TED Talk.mp4	00:18:10	you be my power plug? Hold that and don't let go. You might have seen this. This is
David Pogue- Simplicity sells - TED Talk.mp4	00:18:14	Apple's new laptop. This is the power cord. It hooks on like this. I'm sure every one
David Pogue- Simplicity sells - TED Talk.mp4	00:18:19	of you have done this at some point in your lives or one of your children. You walk along
David Pogue- Simplicity sells - TED Talk.mp4	00:18:23	and I'm about to pull this onto the floor. I don't care. It's a loaner. Here we go. Whoa!
David Pogue- Simplicity sells - TED Talk.mp4	00:18:29	It's magnetic. It doesn't pull the laptop onto the floor.
David Pogue- Simplicity sells - TED Talk.mp4	00:18:35	In my very last example, I do a lot of my work using speech recognition software. You
David Pogue- Simplicity sells - TED Talk.mp4	00:18:42	have to be kind of quiet because the software is nervous. Okay. Speech recognition software
David Pogue- Simplicity sells - TED Talk.mp4	00:18:48	is really great for doing emails very quickly, period. Like I get hundreds of them a day,
David Pogue- Simplicity sells - TED Talk.mp4	00:18:53	period. It's not just what I dictate that it writes down, period. I also use this feature
David Pogue- Simplicity sells - TED Talk.mp4	00:18:58	called voice macros, period. Correct? Dissuade.
David Pogue- Simplicity sells - TED Talk.mp4	00:19:03	Okay.
David Pogue- Simplicity sells - TED Talk.mp4	00:19:07	Not just. Okay. This is not an ideal situation because it's getting the echo from the hall
David Pogue- Simplicity sells - TED Talk.mp4	00:19:14	and stuff. But the point is I can respond to people very quickly by saying a short word
David Pogue- Simplicity sells - TED Talk.mp4	00:19:18	and having it write out a much longer thing. So if somebody sends me a fan letter, I'll
David Pogue- Simplicity sells - TED Talk.mp4	00:19:22	say, thanks for that.
David Pogue- Simplicity sells - TED Talk.mp4	00:19:31	And...
David Pogue- Simplicity sells - TED Talk.mp4	00:19:33	Conversely, if somebody sends me hate mail, which happens daily, I say, piss off.
David Pogue- Simplicity sells - TED Talk.mp4	00:19:53	So that's my dirty little secret. Don't tell anyone. So the point is, this is a really interesting
David Pogue- Simplicity sells - TED Talk.mp4	00:20:00	story. This is version 8 of the software. Do you know what they put in version 8? When
David Pogue- Simplicity sells - TED Talk.mp4	00:20:03	
David Pogue- Simplicity sells - TED Talk.mp4	00:20:03	
David Pogue- Simplicity sells - TED Talk.mp4	00:20:03	
David Pogue- Simplicity sells - TED Talk.mp4	00:20:03	eight, no new features.
David Pogue- Simplicity sells - TED Talk.mp4	00:20:05	It's never happened before in software.
David Pogue- Simplicity sells - TED Talk.mp4	00:20:07	The company put no new features.
David Pogue- Simplicity sells - TED Talk.mp4	00:20:09	They just said, we'll make this software work right.
David Pogue- Simplicity sells - TED Talk.mp4	00:20:12	Because for years, people had bought this software, tried it
David Pogue- Simplicity sells - TED Talk.mp4	00:20:15	out, 95% accuracy was all they got, which means one in 20
David Pogue- Simplicity sells - TED Talk.mp4	00:20:18	words is wrong, and they put it in their drawer.
David Pogue- Simplicity sells - TED Talk.mp4	00:20:21	And the company got sick of that.
David Pogue- Simplicity sells - TED Talk.mp4	00:20:22	So they said, this version, we're not going to do anything
David Pogue- Simplicity sells - TED Talk.mp4	00:20:24	but make sure it's darned accurate.
David Pogue- Simplicity sells - TED Talk.mp4	00:20:27	And so that's what they did.
David Pogue- Simplicity sells - TED Talk.mp4	00:20:28	This cult of doing things right is starting to spread.
David Pogue- Simplicity sells - TED Talk.mp4	00:20:30	So my final advice for those of you who are consumers of
David Pogue- Simplicity sells - TED Talk.mp4	00:20:34	this technology, remember, if it doesn't work, it's not
David Pogue- Simplicity sells - TED Talk.mp4	00:20:37	necessarily you.
David Pogue- Simplicity sells - TED Talk.mp4	00:20:39	It could be the design of the thing you're using.
David Pogue- Simplicity sells - TED Talk.mp4	00:20:41	Be aware in life of good design and bad design.
David Pogue- Simplicity sells - TED Talk.mp4	00:20:44	And if you're among the people who create this stuff, easy is
David Pogue- Simplicity sells - TED Talk.mp4	00:20:48	hard.
David Pogue- Simplicity sells - TED Talk.mp4	00:20:48	Pre-sweat the details for your audience.
David Pogue- Simplicity sells - TED Talk.mp4	00:20:51	Count the taps.
David Pogue- Simplicity sells - TED Talk.mp4	00:20:52	Remember, the hard part is not deciding what features to add.
David Pogue- Simplicity sells - TED Talk.mp4	00:20:55	It's deciding what to leave out.
David Pogue- Simplicity sells - TED Talk.mp4	00:20:56	And best of all, your motivation is simplicity
David Pogue- Simplicity sells - TED Talk.mp4	00:20:59	sells.
David Pogue- Simplicity sells - TED Talk.mp4	00:21:00	Thank you very much.
David Pogue- Simplicity sells - TED Talk.mp4	00:21:01	Bravo.
David Pogue- Simplicity sells - TED Talk.mp4	00:21:02	Yeah, yeah.
Hans Rosling- The best stats you've ever seen - TED Talk.mp4	00:00:00	Peter van de Ven
Hans Rosling- The best stats you've ever seen - TED Talk.mp4	00:00:30	I was a little nervous. I thought these students coming to us actually have the highest grade you can get in Swedish college system.
Hans Rosling- The best stats you've ever seen - TED Talk.mp4	00:00:35	So I thought maybe they know everything I'm going to teach them about.
Hans Rosling- The best stats you've ever seen - TED Talk.mp4	00:00:38	So I did a pre-test when they came.
Hans Rosling- The best stats you've ever seen - TED Talk.mp4	00:00:41	And one of the questions from which I learned a lot was this one.
Hans Rosling- The best stats you've ever seen - TED Talk.mp4	00:00:45	Which country has the highest child mortality of these five pairs?
Hans Rosling- The best stats you've ever seen - TED Talk.mp4	00:00:50	And I put them together so that in each pair of country, one has twice the child mortality of the other.
Hans Rosling- The best stats you've ever seen - TED Talk.mp4	00:00:56	And this means that...
Hans Rosling- The best stats you've ever seen - TED Talk.mp4	00:00:59	It's much bigger the difference than the uncertainty of the data.
Hans Rosling- The best stats you've ever seen - TED Talk.mp4	00:01:02	I won't put you at a test here, but it's Turkey which is highest there, Poland, Russia, Pakistan and South Africa.
Hans Rosling- The best stats you've ever seen - TED Talk.mp4	00:01:09	And these were the results of the Swedish students.
Hans Rosling- The best stats you've ever seen - TED Talk.mp4	00:01:11	I did it so I got a confidence interval which was pretty narrow.
Hans Rosling- The best stats you've ever seen - TED Talk.mp4	00:01:14	And I got happy of course.
Hans Rosling- The best stats you've ever seen - TED Talk.mp4	00:01:16	I had 1.8 right answers out of 5 possible.
Hans Rosling- The best stats you've ever seen - TED Talk.mp4	00:01:19	That means that there was a place for a professor of international health and for my course.
Hans Rosling- The best stats you've ever seen - TED Talk.mp4	00:01:24	But one late night when I was compiling the...
Hans Rosling- The best stats you've ever seen - TED Talk.mp4	00:01:28	report, I really realized my discovery.
Hans Rosling- The best stats you've ever seen - TED Talk.mp4	00:01:31	I have shown that Swedish top students know statistically significantly less about the world than the chimpanzees.
Hans Rosling- The best stats you've ever seen - TED Talk.mp4	00:01:41	Because the chimpanzee would score half right.
Hans Rosling- The best stats you've ever seen - TED Talk.mp4	00:01:44	If I gave them two bananas with Sri Lanka and Turkey, they would be right half of the cases.
Hans Rosling- The best stats you've ever seen - TED Talk.mp4	00:01:49	But the students are not there.
Hans Rosling- The best stats you've ever seen - TED Talk.mp4	00:01:50	The problem for me was not ignorance, it was preconceived ideas.
Hans Rosling- The best stats you've ever seen - TED Talk.mp4	00:01:55	I did also an unethical study of the...
Hans Rosling- The best stats you've ever seen - TED Talk.mp4	00:01:58	professors of the Karolinska Institute that hands out the Nobel Prize in medicine.
Hans Rosling- The best stats you've ever seen - TED Talk.mp4	00:02:02	And they are on par with the chimpanzee there.
Hans Rosling- The best stats you've ever seen - TED Talk.mp4	00:02:07	So this is where I realized that there was really a need to communicate.
Hans Rosling- The best stats you've ever seen - TED Talk.mp4	00:02:11	Because the data of what's happening in the world and the child health of every country is very well aware.
Hans Rosling- The best stats you've ever seen - TED Talk.mp4	00:02:18	So we did this software which displays it like this.
Hans Rosling- The best stats you've ever seen - TED Talk.mp4	00:02:21	Every bubble here is a country.
Hans Rosling- The best stats you've ever seen - TED Talk.mp4	00:02:23	This country over here is...
Hans Rosling- The best stats you've ever seen - TED Talk.mp4	00:02:26	This is China.
Hans Rosling- The best stats you've ever seen - TED Talk.mp4	00:02:28	This is India.
Hans Rosling- The best stats you've ever seen - TED Talk.mp4	00:02:29	The size of the bubble is the population.
Hans Rosling- The best stats you've ever seen - TED Talk.mp4	00:02:31	And on this axis here, I put fertility rate.
Hans Rosling- The best stats you've ever seen - TED Talk.mp4	00:02:35	Because my students, what they said when they looked upon the world...
Hans Rosling- The best stats you've ever seen - TED Talk.mp4	00:02:39	And I asked them, what do you really think about the world?
Hans Rosling- The best stats you've ever seen - TED Talk.mp4	00:02:42	Well, I first discovered that the textbook was Tintin mainly.
Hans Rosling- The best stats you've ever seen - TED Talk.mp4	00:02:47	And they said the world is still we and them.
Hans Rosling- The best stats you've ever seen - TED Talk.mp4	00:02:49	And we is Western world and them is Third World.
Hans Rosling- The best stats you've ever seen - TED Talk.mp4	00:02:53	And what do you mean with Western world?
Hans Rosling- The best stats you've ever seen - TED Talk.mp4	00:02:55	I said, well, that's long life in small family.
Hans Rosling- The best stats you've ever seen - TED Talk.mp4	00:02:58	And Third World is short life in large family.
Hans Rosling- The best stats you've ever seen - TED Talk.mp4	00:03:01	So this is what I could display here.
Hans Rosling- The best stats you've ever seen - TED Talk.mp4	00:03:03	I put fertility rate here.
Hans Rosling- The best stats you've ever seen - TED Talk.mp4	00:03:05	Number of children per woman.
Hans Rosling- The best stats you've ever seen - TED Talk.mp4	00:03:07	1, 2, 3, 4, up to about 8 children per woman.
Hans Rosling- The best stats you've ever seen - TED Talk.mp4	00:03:10	We have very good data since 1962, 1960 about, on the size of families in all countries.
Hans Rosling- The best stats you've ever seen - TED Talk.mp4	00:03:16	The error margin is narrow.
Hans Rosling- The best stats you've ever seen - TED Talk.mp4	00:03:18	Here I put life expectancy at birth.
Hans Rosling- The best stats you've ever seen - TED Talk.mp4	00:03:20	From 30 years in some countries up to about 70 years.
Hans Rosling- The best stats you've ever seen - TED Talk.mp4	00:03:23	And 1962, that was really a group of countries here that was industrialized.
Hans Rosling- The best stats you've ever seen - TED Talk.mp4	00:03:28	And they had small families and long lives.
Hans Rosling- The best stats you've ever seen - TED Talk.mp4	00:03:32	And these were the developing countries.
Hans Rosling- The best stats you've ever seen - TED Talk.mp4	00:03:33	They had large families and they had relatively short lives.
Hans Rosling- The best stats you've ever seen - TED Talk.mp4	00:03:37	Now, what has happened since 1962?
Hans Rosling- The best stats you've ever seen - TED Talk.mp4	00:03:39	We want to see the change.
Hans Rosling- The best stats you've ever seen - TED Talk.mp4	00:03:41	Are the students right?
Hans Rosling- The best stats you've ever seen - TED Talk.mp4	00:03:42	It's still two types of countries?
Hans Rosling- The best stats you've ever seen - TED Talk.mp4	00:03:43	Or have these developing countries got smaller families and they live here?
Hans Rosling- The best stats you've ever seen - TED Talk.mp4	00:03:47	Or have they got longer lives and live up there?
Hans Rosling- The best stats you've ever seen - TED Talk.mp4	00:03:50	Let's see.
Hans Rosling- The best stats you've ever seen - TED Talk.mp4	00:03:50	We start the world.
Hans Rosling- The best stats you've ever seen - TED Talk.mp4	00:03:51	And this is all UN statistic that has been available.
Hans Rosling- The best stats you've ever seen - TED Talk.mp4	00:03:54	Here we go.
Hans Rosling- The best stats you've ever seen - TED Talk.mp4	00:03:55	Can you see that?
Hans Rosling- The best stats you've ever seen - TED Talk.mp4	00:03:55	It's China.
Hans Rosling- The best stats you've ever seen - TED Talk.mp4	00:03:56	They're moving against better health.
Hans Rosling- The best stats you've ever seen - TED Talk.mp4	00:03:58	They are improving there.
Hans Rosling- The best stats you've ever seen - TED Talk.mp4	00:03:58	All the green Latin American countries, they are moving towards smaller families.
Hans Rosling- The best stats you've ever seen - TED Talk.mp4	00:04:03	The yellow ones here are the Arabic countries and they get larger families.
Hans Rosling- The best stats you've ever seen - TED Talk.mp4	00:04:06	But they, no, longer life but not larger families.
Hans Rosling- The best stats you've ever seen - TED Talk.mp4	00:04:09	The Africans are the green down here.
Hans Rosling- The best stats you've ever seen - TED Talk.mp4	00:04:10	They still remain here.
Hans Rosling- The best stats you've ever seen - TED Talk.mp4	00:04:11	This is India.
Hans Rosling- The best stats you've ever seen - TED Talk.mp4	00:04:12	Indonesia is moving on pretty fast.
Hans Rosling- The best stats you've ever seen - TED Talk.mp4	00:04:14	And in the 80s here, you have Bangladesh still among the African countries there.
Hans Rosling- The best stats you've ever seen - TED Talk.mp4	00:04:18	But not Bangladesh.
Hans Rosling- The best stats you've ever seen - TED Talk.mp4	00:04:19	It's a miracle that happens in the 80s.
Hans Rosling- The best stats you've ever seen - TED Talk.mp4	00:04:21	The imams start to promote family planning and they move up into that corner.
Hans Rosling- The best stats you've ever seen - TED Talk.mp4	00:04:25	And in 90s, we have the terrorists.
Hans Rosling- The best stats you've ever seen - TED Talk.mp4	00:04:28	The terrible HIV epidemic that takes down the life expectancy of the African countries.
Hans Rosling- The best stats you've ever seen - TED Talk.mp4	00:04:33	And all the rest of the world moves up into the corner where we have long lives and small family.
Hans Rosling- The best stats you've ever seen - TED Talk.mp4	00:04:39	And we have a completely new world.
Hans Rosling- The best stats you've ever seen - TED Talk.mp4	00:04:52	Let me make a comparison directly between United States of America and Vietnam.
Hans Rosling- The best stats you've ever seen - TED Talk.mp4	00:04:58	1964.
Hans Rosling- The best stats you've ever seen - TED Talk.mp4	00:05:00	America had small families and long life.
Hans Rosling- The best stats you've ever seen - TED Talk.mp4	00:05:03	Vietnam had large families and short lives.
Hans Rosling- The best stats you've ever seen - TED Talk.mp4	00:05:06	And this is what happens.
Hans Rosling- The best stats you've ever seen - TED Talk.mp4	00:05:08	The data during the war.
Hans Rosling- The best stats you've ever seen - TED Talk.mp4	00:05:10	Indicate that even with all the death, there was an improvement of life expectancy.
Hans Rosling- The best stats you've ever seen - TED Talk.mp4	00:05:15	By the end of the year, the family planning started in Vietnam.
Hans Rosling- The best stats you've ever seen - TED Talk.mp4	00:05:18	And they went for smaller families.
Hans Rosling- The best stats you've ever seen - TED Talk.mp4	00:05:20	And the United States up there is getting for longer life, keeping family size.
Hans Rosling- The best stats you've ever seen - TED Talk.mp4	00:05:24	And in the 80s now, they give up communist planning.
Hans Rosling- The best stats you've ever seen - TED Talk.mp4	00:05:27	And they go for market economy.
Hans Rosling- The best stats you've ever seen - TED Talk.mp4	00:05:29	And it moves faster even than social life.
Hans Rosling- The best stats you've ever seen - TED Talk.mp4	00:05:31	And today, we have in Vietnam the same life expectancy and the same family size here in Vietnam.
Hans Rosling- The best stats you've ever seen - TED Talk.mp4	00:05:39	2003.
Hans Rosling- The best stats you've ever seen - TED Talk.mp4	00:05:41	As in United States, 1974 by the end of the war.
Hans Rosling- The best stats you've ever seen - TED Talk.mp4	00:05:45	I think we all, if we don't look in the data, we underestimate the tremendous change in Asia.
Hans Rosling- The best stats you've ever seen - TED Talk.mp4	00:05:52	Which was in social change before we saw the economical change.
Hans Rosling- The best stats you've ever seen - TED Talk.mp4	00:05:57	So let's move over to another way here in which we could display the distribution in the world of the income.
Hans Rosling- The best stats you've ever seen - TED Talk.mp4	00:06:05	This is the world distribution of income of people.
Hans Rosling- The best stats you've ever seen - TED Talk.mp4	00:06:09	One dollar, ten dollar or one hundred dollar per day.
Hans Rosling- The best stats you've ever seen - TED Talk.mp4	00:06:14	There's no gap between rich and poor any longer.
Hans Rosling- The best stats you've ever seen - TED Talk.mp4	00:06:16	This is a myth.
Hans Rosling- The best stats you've ever seen - TED Talk.mp4	00:06:17	There's a little hump here.
Hans Rosling- The best stats you've ever seen - TED Talk.mp4	00:06:20	But there are people all the way.
Hans Rosling- The best stats you've ever seen - TED Talk.mp4	00:06:22	And if we look where the income ends up.
Hans Rosling- The best stats you've ever seen - TED Talk.mp4	00:06:26	The income.
Hans Rosling- The best stats you've ever seen - TED Talk.mp4	00:06:27	This is 100% of world's annual income.
Hans Rosling- The best stats you've ever seen - TED Talk.mp4	00:06:30	And the richest 20%.
Hans Rosling- The best stats you've ever seen - TED Talk.mp4	00:06:33	They take out of that about 74%.
Hans Rosling- The best stats you've ever seen - TED Talk.mp4	00:06:36	And the poorest 20%.
Hans Rosling- The best stats you've ever seen - TED Talk.mp4	00:06:39	They take about 2%.
Hans Rosling- The best stats you've ever seen - TED Talk.mp4	00:06:42	And this shows that the concept developing countries is extremely doubtful.
Hans Rosling- The best stats you've ever seen - TED Talk.mp4	00:06:46	We sort of think about aid.
Hans Rosling- The best stats you've ever seen - TED Talk.mp4	00:06:48	Like these people here giving aid to these people here.
Hans Rosling- The best stats you've ever seen - TED Talk.mp4	00:06:52	But in the middle, we have most of world population.
Hans Rosling- The best stats you've ever seen - TED Talk.mp4	00:06:55	And they have now 24% of the income.
Hans Rosling- The best stats you've ever seen - TED Talk.mp4	00:06:57	We heard it in other forms.
Hans Rosling- The best stats you've ever seen - TED Talk.mp4	00:06:59	And who are these?
Hans Rosling- The best stats you've ever seen - TED Talk.mp4	00:07:02	Where are the different countries?
Hans Rosling- The best stats you've ever seen - TED Talk.mp4	00:07:04	I can show you Africa.
Hans Rosling- The best stats you've ever seen - TED Talk.mp4	00:07:06	This is Africa.
Hans Rosling- The best stats you've ever seen - TED Talk.mp4	00:07:08	10% of world population.
Hans Rosling- The best stats you've ever seen - TED Talk.mp4	00:07:09	Most in poverty.
Hans Rosling- The best stats you've ever seen - TED Talk.mp4	00:07:10	This is OECD.
Hans Rosling- The best stats you've ever seen - TED Talk.mp4	00:07:12	The rich country.
Hans Rosling- The best stats you've ever seen - TED Talk.mp4	00:07:14	The country club of the UN.
Hans Rosling- The best stats you've ever seen - TED Talk.mp4	00:07:15	And they are over here on this side.
Hans Rosling- The best stats you've ever seen - TED Talk.mp4	00:07:17	And quite an overlap between Africa and OECD.
Hans Rosling- The best stats you've ever seen - TED Talk.mp4	00:07:21	And this is Latin America.
Hans Rosling- The best stats you've ever seen - TED Talk.mp4	00:07:22	It has everything on this earth.
Hans Rosling- The best stats you've ever seen - TED Talk.mp4	00:07:24	From the poorest to the richest in Latin America.
Hans Rosling- The best stats you've ever seen - TED Talk.mp4	00:07:27	And on top of that, we can put East Europe.
Hans Rosling- The best stats you've ever seen - TED Talk.mp4	00:07:30	We can put East Asia.
Hans Rosling- The best stats you've ever seen - TED Talk.mp4	00:07:32	And we could South Asia.
Hans Rosling- The best stats you've ever seen - TED Talk.mp4	00:07:33	And how did it look like if we go back in time to about 1970?
Hans Rosling- The best stats you've ever seen - TED Talk.mp4	00:07:38	Then there was more of a hump.
Hans Rosling- The best stats you've ever seen - TED Talk.mp4	00:07:42	And we have most who lived in absolute poverty were Asians.
Hans Rosling- The best stats you've ever seen - TED Talk.mp4	00:07:46	The problem in the world was the poverty in Asia.
Hans Rosling- The best stats you've ever seen - TED Talk.mp4	00:07:49	And if I now let the world move forward,
Hans Rosling- The best stats you've ever seen - TED Talk.mp4	00:07:52	you will see that while population increase,
Hans Rosling- The best stats you've ever seen - TED Talk.mp4	00:07:54	there are hundreds of millions in Asia getting out of poverty
Hans Rosling- The best stats you've ever seen - TED Talk.mp4	00:07:58	and some others get into poverty.
Hans Rosling- The best stats you've ever seen - TED Talk.mp4	00:08:00	And this is the pattern we have today.
Hans Rosling- The best stats you've ever seen - TED Talk.mp4	00:08:02	And the best projection from the World Bank is that this will happen.
Hans Rosling- The best stats you've ever seen - TED Talk.mp4	00:08:06	And we will not have a divided world.
Hans Rosling- The best stats you've ever seen - TED Talk.mp4	00:08:08	We will have most people in the middle.
Hans Rosling- The best stats you've ever seen - TED Talk.mp4	00:08:09	Of course it's a logarithmic scale here.
Hans Rosling- The best stats you've ever seen - TED Talk.mp4	00:08:11	But our concept of economy is growth with percent.
Hans Rosling- The best stats you've ever seen - TED Talk.mp4	00:08:15	We look upon it as a possibility of percent increase.
Hans Rosling- The best stats you've ever seen - TED Talk.mp4	00:08:21	If I change this and I take GDP per capita instead of family income,
Hans Rosling- The best stats you've ever seen - TED Talk.mp4	00:08:25	and I turn these individual data into regional data of gross domestic product,
Hans Rosling- The best stats you've ever seen - TED Talk.mp4	00:08:32	and I take the regions down here,
Hans Rosling- The best stats you've ever seen - TED Talk.mp4	00:08:34	the size of the bubble is still the population,
Hans Rosling- The best stats you've ever seen - TED Talk.mp4	00:08:36	and you have the OECD there and you have sub-Saharan Africa there,
Hans Rosling- The best stats you've ever seen - TED Talk.mp4	00:08:40	and we take off the Arab states there coming both from Africa and from Asia,
Hans Rosling- The best stats you've ever seen - TED Talk.mp4	00:08:44	and we put them separately and we can expand this axis,
Hans Rosling- The best stats you've ever seen - TED Talk.mp4	00:08:48	and I can give it a new dimension here by adding the social values there.
Hans Rosling- The best stats you've ever seen - TED Talk.mp4	00:08:54	Child survival.
Hans Rosling- The best stats you've ever seen - TED Talk.mp4	00:08:55	Now I have money on that axis and I have the possibility of children to survive there.
Hans Rosling- The best stats you've ever seen - TED Talk.mp4	00:08:59	In some countries 99.7% of children survive to 5 years of age, others only 70.
Hans Rosling- The best stats you've ever seen - TED Talk.mp4	00:09:05	And here it seems that there is a gap between OECD, Latin America, East Europe, East Asia,
Hans Rosling- The best stats you've ever seen - TED Talk.mp4	00:09:12	Arab states, South Asia and sub-Saharan Africa.
Hans Rosling- The best stats you've ever seen - TED Talk.mp4	00:09:15	The linearity is very strong between child survival and money.
Hans Rosling- The best stats you've ever seen - TED Talk.mp4	00:09:20	But let me split sub-Saharan Africa.
Hans Rosling- The best stats you've ever seen - TED Talk.mp4	00:09:23	Health is there and better health is up there.
Hans Rosling- The best stats you've ever seen - TED Talk.mp4	00:09:28	I can go here and I can split sub-Saharan Africa into its countries.
Hans Rosling- The best stats you've ever seen - TED Talk.mp4	00:09:33	And when it bursts,
Hans Rosling- The best stats you've ever seen - TED Talk.mp4	00:09:34	the size of the East country bubble is the size of the population.
Hans Rosling- The best stats you've ever seen - TED Talk.mp4	00:09:38	Sierra Leone down there, Mauritius up there.
Hans Rosling- The best stats you've ever seen - TED Talk.mp4	00:09:41	Mauritius was the first country to get away with trade barriers
Hans Rosling- The best stats you've ever seen - TED Talk.mp4	00:09:44	and they could sell their sugar, they could sell their textiles
Hans Rosling- The best stats you've ever seen - TED Talk.mp4	00:09:48	on equal terms as the people in Europe and North America.
Hans Rosling- The best stats you've ever seen - TED Talk.mp4	00:09:52	There's a huge difference between Africa and Ghana is here in the middle.
Hans Rosling- The best stats you've ever seen - TED Talk.mp4	00:09:55	In Sierra Leone, humanitarian aid.
Hans Rosling- The best stats you've ever seen - TED Talk.mp4	00:09:58	Here in Uganda, development aid.
Hans Rosling- The best stats you've ever seen - TED Talk.mp4	00:10:02	Here, time to invest.
Hans Rosling- The best stats you've ever seen - TED Talk.mp4	00:10:03	There you can go for holidays.
Hans Rosling- The best stats you've ever seen - TED Talk.mp4	00:10:04	There's a lot of work to do.
Hans Rosling- The best stats you've ever seen - TED Talk.mp4	00:10:06	It's a tremendous variation within Africa,
Hans Rosling- The best stats you've ever seen - TED Talk.mp4	00:10:08	which we very often make that it's equal everything.
Hans Rosling- The best stats you've ever seen - TED Talk.mp4	00:10:11	I can split South Asia here.
Hans Rosling- The best stats you've ever seen - TED Talk.mp4	00:10:13	India is the big bubble in the middle,
Hans Rosling- The best stats you've ever seen - TED Talk.mp4	00:10:15	but huge difference between Afghanistan and Sri Lanka.
Hans Rosling- The best stats you've ever seen - TED Talk.mp4	00:10:19	And I can split Arab states.
Hans Rosling- The best stats you've ever seen - TED Talk.mp4	00:10:21	How are they?
Hans Rosling- The best stats you've ever seen - TED Talk.mp4	00:10:22	Same climate, same culture, same religion.
Hans Rosling- The best stats you've ever seen - TED Talk.mp4	00:10:25	Huge difference, even between neighbors.
Hans Rosling- The best stats you've ever seen - TED Talk.mp4	00:10:27	Yemen, civil war, United Arab Emirates, money,
Hans Rosling- The best stats you've ever seen - TED Talk.mp4	00:10:30	which was quite equally and well used.
Hans Rosling- The best stats you've ever seen - TED Talk.mp4	00:10:32	Not as the myth is.
Hans Rosling- The best stats you've ever seen - TED Talk.mp4	00:10:34	And that includes all the children of the foreign workers who are in the country.
Hans Rosling- The best stats you've ever seen - TED Talk.mp4	00:10:40	Data is often better than you think.
Hans Rosling- The best stats you've ever seen - TED Talk.mp4	00:10:42	Many people say that data is bad.
Hans Rosling- The best stats you've ever seen - TED Talk.mp4	00:10:44	There is an uncertainty margin,
Hans Rosling- The best stats you've ever seen - TED Talk.mp4	00:10:45	but we can see the difference here.
Hans Rosling- The best stats you've ever seen - TED Talk.mp4	00:10:47	Cambodia, Singapore.
Hans Rosling- The best stats you've ever seen - TED Talk.mp4	00:10:48	The differences are much bigger than the weakness of the data.
Hans Rosling- The best stats you've ever seen - TED Talk.mp4	00:10:51	East Europe, Soviet economy for a long time,
Hans Rosling- The best stats you've ever seen - TED Talk.mp4	00:10:56	but they come out after 10 years very, very differently.
Hans Rosling- The best stats you've ever seen - TED Talk.mp4	00:10:59	And there is Latin America.
Hans Rosling- The best stats you've ever seen - TED Talk.mp4	00:11:02	Today we don't have to go to Cuba to find a healthy country in Latin America.
Hans Rosling- The best stats you've ever seen - TED Talk.mp4	00:11:06	Chile will have a lower child mortality than Cuba within some few years from now.
Hans Rosling- The best stats you've ever seen - TED Talk.mp4	00:11:10	And here we have high income countries in OECD,
Hans Rosling- The best stats you've ever seen - TED Talk.mp4	00:11:13	and we get the whole pattern here of the world,
Hans Rosling- The best stats you've ever seen - TED Talk.mp4	00:11:17	which is more or less like this.
Hans Rosling- The best stats you've ever seen - TED Talk.mp4	00:11:19	And if we look at it, how it looks, the world,
Hans Rosling- The best stats you've ever seen - TED Talk.mp4	00:11:24	in 1960, it starts to move.
Hans Rosling- The best stats you've ever seen - TED Talk.mp4	00:11:27	This is Mao Tse Tung.
Hans Rosling- The best stats you've ever seen - TED Talk.mp4	00:11:29	He brought health to China.
Hans Rosling- The best stats you've ever seen - TED Talk.mp4	00:11:31	He died, and then Deng Xiaoping came and brought money to China
Hans Rosling- The best stats you've ever seen - TED Talk.mp4	00:11:34	and brought them into the mainstream again.
Hans Rosling- The best stats you've ever seen - TED Talk.mp4	00:11:36	And we have seen how countries move in different directions like this.
Hans Rosling- The best stats you've ever seen - TED Talk.mp4	00:11:41	So it's sort of difficult to get an example country
Hans Rosling- The best stats you've ever seen - TED Talk.mp4	00:11:46	which shows the pattern of the world.
Hans Rosling- The best stats you've ever seen - TED Talk.mp4	00:11:49	But I would like to bring you back to about here at 1960.
Hans Rosling- The best stats you've ever seen - TED Talk.mp4	00:11:56	And I would like to compare
Hans Rosling- The best stats you've ever seen - TED Talk.mp4	00:12:00	South Korea, which is this one,
Hans Rosling- The best stats you've ever seen - TED Talk.mp4	00:12:02	with Brazil, which is this one.
Hans Rosling- The best stats you've ever seen - TED Talk.mp4	00:12:07	The label went away for me here.
Hans Rosling- The best stats you've ever seen - TED Talk.mp4	00:12:09	And I would like to compare Uganda, which is there.
Hans Rosling- The best stats you've ever seen - TED Talk.mp4	00:12:12	And I can run it forward like this.
Hans Rosling- The best stats you've ever seen - TED Talk.mp4	00:12:17	And you can see how South Korea is making a very, very fast advancement,
Hans Rosling- The best stats you've ever seen - TED Talk.mp4	00:12:24	whereas Brazil is much slower.
Hans Rosling- The best stats you've ever seen - TED Talk.mp4	00:12:27	And if we move back again here, and we put on trails on them like this,
Hans Rosling- The best stats you've ever seen - TED Talk.mp4	00:12:33	you can see again that the speed of development is very, very different.
Hans Rosling- The best stats you've ever seen - TED Talk.mp4	00:12:39	And the countries are moving more or less in the same rate as money and health.
Hans Rosling- The best stats you've ever seen - TED Talk.mp4	00:12:47	But it seems you can move much faster if you are healthy first
Hans Rosling- The best stats you've ever seen - TED Talk.mp4	00:12:50	than if you are wealthy first.
Hans Rosling- The best stats you've ever seen - TED Talk.mp4	00:12:52	And to show that, you can put on the way of United Arab Emirates.
Hans Rosling- The best stats you've ever seen - TED Talk.mp4	00:12:56	They came from here, a mineral country.
Hans Rosling- The best stats you've ever seen - TED Talk.mp4	00:12:59	They catch all the oil, they got all the money,
Hans Rosling- The best stats you've ever seen - TED Talk.mp4	00:13:01	but health cannot be bought at the supermarket.
Hans Rosling- The best stats you've ever seen - TED Talk.mp4	00:13:04	You have to invest in health.
Hans Rosling- The best stats you've ever seen - TED Talk.mp4	00:13:06	You have to get kids into schooling.
Hans Rosling- The best stats you've ever seen - TED Talk.mp4	00:13:07	You have to train health staff.
Hans Rosling- The best stats you've ever seen - TED Talk.mp4	00:13:09	You have to educate the population.
Hans Rosling- The best stats you've ever seen - TED Talk.mp4	00:13:10	And Sheikh Zayed did that in a fairly good way.
Hans Rosling- The best stats you've ever seen - TED Talk.mp4	00:13:13	And in spite of falling oil prices, he brought this country up here.
Hans Rosling- The best stats you've ever seen - TED Talk.mp4	00:13:17	So we got a much more mainstream appearance of the world,
Hans Rosling- The best stats you've ever seen - TED Talk.mp4	00:13:21	where all countries tend to use their money better than they used in the past.
Hans Rosling- The best stats you've ever seen - TED Talk.mp4	00:13:26	Now, this is more or less if you look at average data of the countries.
Hans Rosling- The best stats you've ever seen - TED Talk.mp4	00:13:34	They are like this.
Hans Rosling- The best stats you've ever seen - TED Talk.mp4	00:13:35	Now, that's dangerous to use average data
Hans Rosling- The best stats you've ever seen - TED Talk.mp4	00:13:39	because there's such a lot of difference within countries.
Hans Rosling- The best stats you've ever seen - TED Talk.mp4	00:13:43	So if I go and look here, we can see that Uganda,
Hans Rosling- The best stats you've ever seen - TED Talk.mp4	00:13:47	that today is where South Korea was 1960.
Hans Rosling- The best stats you've ever seen - TED Talk.mp4	00:13:52	If I split Uganda, there's quite a difference within Uganda.
Hans Rosling- The best stats you've ever seen - TED Talk.mp4	00:13:55	These are the quintiles of Uganda.
Hans Rosling- The best stats you've ever seen - TED Talk.mp4	00:13:57	The richest 20% of Ugandans are there.
Hans Rosling- The best stats you've ever seen - TED Talk.mp4	00:14:00	The poorest are down there.
Hans Rosling- The best stats you've ever seen - TED Talk.mp4	00:14:01	If I split South Africa, it's like this.
Hans Rosling- The best stats you've ever seen - TED Talk.mp4	00:14:04	And if I go down and look at Nigeria, where there was such a terrible famine,
Hans Rosling- The best stats you've ever seen - TED Talk.mp4	00:14:09	lastly, it's like this.
Hans Rosling- The best stats you've ever seen - TED Talk.mp4	00:14:12	The 20% poorest of Nigeria is out here,
Hans Rosling- The best stats you've ever seen - TED Talk.mp4	00:14:15	and the 20% richest of South Africa is there.
Hans Rosling- The best stats you've ever seen - TED Talk.mp4	00:14:17	And yet, we tend to discuss on what solutions there should be in Africa.
Hans Rosling- The best stats you've ever seen - TED Talk.mp4	00:14:22	Everything in this world exists in Africa.
Hans Rosling- The best stats you've ever seen - TED Talk.mp4	00:14:24	And you can't just say,
Hans Rosling- The best stats you've ever seen - TED Talk.mp4	00:14:25	we cannot discuss universal access to HIV for that quintile up here
Hans Rosling- The best stats you've ever seen - TED Talk.mp4	00:14:29	with the same strategy as down here.
Hans Rosling- The best stats you've ever seen - TED Talk.mp4	00:14:32	The improvement of the world must be highly contextualized.
Hans Rosling- The best stats you've ever seen - TED Talk.mp4	00:14:36	And it's not relevant to have it on regional level.
Hans Rosling- The best stats you've ever seen - TED Talk.mp4	00:14:40	We must be much more detailed.
Hans Rosling- The best stats you've ever seen - TED Talk.mp4	00:14:42	We find that students get very excited when they can use this.
Hans Rosling- The best stats you've ever seen - TED Talk.mp4	00:14:45	And even more policymakers and the corporate sectors
Hans Rosling- The best stats you've ever seen - TED Talk.mp4	00:14:49	would like to see how the world is changing.
Hans Rosling- The best stats you've ever seen - TED Talk.mp4	00:14:53	Now, why doesn't this take place?
Hans Rosling- The best stats you've ever seen - TED Talk.mp4	00:14:54	Why are we not using the data we have?
Hans Rosling- The best stats you've ever seen - TED Talk.mp4	00:14:57	We have data in the United Nations, in the national statistical agencies,
Hans Rosling- The best stats you've ever seen - TED Talk.mp4	00:15:00	and in universities and other non-governmental organizations.
Hans Rosling- The best stats you've ever seen - TED Talk.mp4	00:15:04	Because the data is hidden down in the databases.
Hans Rosling- The best stats you've ever seen - TED Talk.mp4	00:15:06	And the public is there, and the internet is there,
Hans Rosling- The best stats you've ever seen - TED Talk.mp4	00:15:09	but we have still not used it effectively.
Hans Rosling- The best stats you've ever seen - TED Talk.mp4	00:15:11	All that information we saw changing in the world
Hans Rosling- The best stats you've ever seen - TED Talk.mp4	00:15:14	does not include publicly funded statistics.
Hans Rosling- The best stats you've ever seen - TED Talk.mp4	00:15:17	There are some web pages like this, you know.
Joshua Prince-Ramus- Behind the design of Seattle's library - TED Talk.mp4	00:00:49	the traditional master architect creating a sketch
Joshua Prince-Ramus- Behind the design of Seattle's library - TED Talk.mp4	00:00:52	that his minions carry out.
Joshua Prince-Ramus- Behind the design of Seattle's library - TED Talk.mp4	00:00:54	And the third is that it challenges,
Joshua Prince-Ramus- Behind the design of Seattle's library - TED Talk.mp4	00:00:56	and the length of this is very hard to suppress,
Joshua Prince-Ramus- Behind the design of Seattle's library - TED Talk.mp4	00:01:00	or why connect all these things,
Joshua Prince-Ramus- Behind the design of Seattle's library - TED Talk.mp4	00:01:01	but it challenges the high modernist notion of flexibility.
Joshua Prince-Ramus- Behind the design of Seattle's library - TED Talk.mp4	00:01:04	High modernists said we will create singular spaces
Joshua Prince-Ramus- Behind the design of Seattle's library - TED Talk.mp4	00:01:07	that are generic, almost anything can happen within them.
Joshua Prince-Ramus- Behind the design of Seattle's library - TED Talk.mp4	00:01:10	I call it shotgun flexibility.
Joshua Prince-Ramus- Behind the design of Seattle's library - TED Talk.mp4	00:01:12	Turn your head this way, shoot, and you're bound to kill something.
Joshua Prince-Ramus- Behind the design of Seattle's library - TED Talk.mp4	00:01:16	So this is the promise of high modernism.
Joshua Prince-Ramus- Behind the design of Seattle's library - TED Talk.mp4	00:01:17	Within a single space, actually any kind of activity can happen.
Joshua Prince-Ramus- Behind the design of Seattle's library - TED Talk.mp4	00:01:20	But as we're seeing, operational costs are starting to dwarf capital costs
Joshua Prince-Ramus- Behind the design of Seattle's library - TED Talk.mp4	00:01:26	in terms of design parameters.
Joshua Prince-Ramus- Behind the design of Seattle's library - TED Talk.mp4	00:01:28	So with this sort of idea,
Joshua Prince-Ramus- Behind the design of Seattle's library - TED Talk.mp4	00:01:30	what happens is whatever actually is in the building on opening day
Joshua Prince-Ramus- Behind the design of Seattle's library - TED Talk.mp4	00:01:33	or whatever seems to be the most immediate need
Joshua Prince-Ramus- Behind the design of Seattle's library - TED Talk.mp4	00:01:35	starts to dwarf the possibility and sort of subsume it
Joshua Prince-Ramus- Behind the design of Seattle's library - TED Talk.mp4	00:01:38	of anything else that could ever happen.
Joshua Prince-Ramus- Behind the design of Seattle's library - TED Talk.mp4	00:01:40	And so we're proposing a different kind of flexibility,
Joshua Prince-Ramus- Behind the design of Seattle's library - TED Talk.mp4	00:01:43	something that we call compartmentalized flexibility.
Joshua Prince-Ramus- Behind the design of Seattle's library - TED Talk.mp4	00:01:47	And the idea is that you, within that continuum,
Joshua Prince-Ramus- Behind the design of Seattle's library - TED Talk.mp4	00:01:50	identify a series of points.
Joshua Prince-Ramus- Behind the design of Seattle's library - TED Talk.mp4	00:01:51	You design specifically to them.
Joshua Prince-Ramus- Behind the design of Seattle's library - TED Talk.mp4	00:01:53	They can be pushed off center a little bit.
Joshua Prince-Ramus- Behind the design of Seattle's library - TED Talk.mp4	00:01:55	But in the end, you actually still get as much of that original spectrum
Joshua Prince-Ramus- Behind the design of Seattle's library - TED Talk.mp4	00:01:58	as you originally had.
Joshua Prince-Ramus- Behind the design of Seattle's library - TED Talk.mp4	00:02:00	And that's what we had hoped with high modernist flexibility
Joshua Prince-Ramus- Behind the design of Seattle's library - TED Talk.mp4	00:02:01	that doesn't really work.
Joshua Prince-Ramus- Behind the design of Seattle's library - TED Talk.mp4	00:02:03	So I'm going to talk about, I'm going to sort of build up
Joshua Prince-Ramus- Behind the design of Seattle's library - TED Talk.mp4	00:02:06	the Seattle Central Library in this way before your eyes
Joshua Prince-Ramus- Behind the design of Seattle's library - TED Talk.mp4	00:02:08	in about five or six diagrams.
Joshua Prince-Ramus- Behind the design of Seattle's library - TED Talk.mp4	00:02:10	And I truly mean this is the design process that you'll see.
Joshua Prince-Ramus- Behind the design of Seattle's library - TED Talk.mp4	00:02:12	With the library staff and the library board,
Joshua Prince-Ramus- Behind the design of Seattle's library - TED Talk.mp4	00:02:15	we settled on two core positions.
Joshua Prince-Ramus- Behind the design of Seattle's library - TED Talk.mp4	00:02:17	This is the first one.
Joshua Prince-Ramus- Behind the design of Seattle's library - TED Talk.mp4	00:02:18	This is showing over the last 900 years the evolution of the book
Joshua Prince-Ramus- Behind the design of Seattle's library - TED Talk.mp4	00:02:21	and other technologies.
Joshua Prince-Ramus- Behind the design of Seattle's library - TED Talk.mp4	00:02:24	This diagram was our sort of position piece about the book.
Joshua Prince-Ramus- Behind the design of Seattle's library - TED Talk.mp4	00:02:27	And our position was books are technology.
Joshua Prince-Ramus- Behind the design of Seattle's library - TED Talk.mp4	00:02:30	That's something people forget.
Joshua Prince-Ramus- Behind the design of Seattle's library - TED Talk.mp4	00:02:31	But it's a form of technology that will have to share its dominance
Joshua Prince-Ramus- Behind the design of Seattle's library - TED Talk.mp4	00:02:34	with any other form of truly potent technology or media.
Joshua Prince-Ramus- Behind the design of Seattle's library - TED Talk.mp4	00:02:38	The second premise, and this was something that was very difficult for us
Joshua Prince-Ramus- Behind the design of Seattle's library - TED Talk.mp4	00:02:41	to convince the librarians of at first, is that libraries,
Joshua Prince-Ramus- Behind the design of Seattle's library - TED Talk.mp4	00:02:43	since the inception of Carnegie Library tradition in America,
Joshua Prince-Ramus- Behind the design of Seattle's library - TED Talk.mp4	00:02:47	had a second responsibility, and that was for social roles.
Joshua Prince-Ramus- Behind the design of Seattle's library - TED Talk.mp4	00:02:51	Okay, now this I'll come back to later, but something actually
Joshua Prince-Ramus- Behind the design of Seattle's library - TED Talk.mp4	00:02:53	the librarians at first said, no, this isn't our mandate.
Joshua Prince-Ramus- Behind the design of Seattle's library - TED Talk.mp4	00:02:55	Our mandate is media and particularly the book.
Joshua Prince-Ramus- Behind the design of Seattle's library - TED Talk.mp4	00:03:00	So what you're seeing now is actually the design of the building.
Joshua Prince-Ramus- Behind the design of Seattle's library - TED Talk.mp4	00:03:03	The upper diagram is what we had seen in a whole host of contemporary libraries
Joshua Prince-Ramus- Behind the design of Seattle's library - TED Talk.mp4	00:03:09	that used high modernist flexibility.
Joshua Prince-Ramus- Behind the design of Seattle's library - TED Talk.mp4	00:03:11	Sort of any activity could happen anywhere.
Joshua Prince-Ramus- Behind the design of Seattle's library - TED Talk.mp4	00:03:13	We don't know the future of the library.
Joshua Prince-Ramus- Behind the design of Seattle's library - TED Talk.mp4	00:03:15	We don't know the future of the book.
Joshua Prince-Ramus- Behind the design of Seattle's library - TED Talk.mp4	00:03:16	And so we'll use this approach.
Joshua Prince-Ramus- Behind the design of Seattle's library - TED Talk.mp4	00:03:18	And what we saw were buildings that were very generic.
Joshua Prince-Ramus- Behind the design of Seattle's library - TED Talk.mp4	00:03:20	And worse, not only did we see buildings that were very generic,
Joshua Prince-Ramus- Behind the design of Seattle's library - TED Talk.mp4	00:03:23	so not only was the reading room look like the copy room,
Joshua Prince-Ramus- Behind the design of Seattle's library - TED Talk.mp4	00:03:25	look like the magazine area, but it meant that whatever
Joshua Prince-Ramus- Behind the design of Seattle's library - TED Talk.mp4	00:03:29	issue was in the library, the library would be the same.
Joshua Prince-Ramus- Behind the design of Seattle's library - TED Talk.mp4	00:03:29	
Joshua Prince-Ramus- Behind the design of Seattle's library - TED Talk.mp4	00:03:29	
Joshua Prince-Ramus- Behind the design of Seattle's library - TED Talk.mp4	00:03:29	The issue was troubling the library at that moment,
Joshua Prince-Ramus- Behind the design of Seattle's library - TED Talk.mp4	00:03:32	was starting to engulf every other activity that was happening in it.
Joshua Prince-Ramus- Behind the design of Seattle's library - TED Talk.mp4	00:03:35	And in this case, what was getting engulfed were these social responsibilities
Joshua Prince-Ramus- Behind the design of Seattle's library - TED Talk.mp4	00:03:38	by the expansion of the book.
Joshua Prince-Ramus- Behind the design of Seattle's library - TED Talk.mp4	00:03:40	And so we proposed what's at the lower diagram,
Joshua Prince-Ramus- Behind the design of Seattle's library - TED Talk.mp4	00:03:43	very dumb approach, simply compartmentalize.
Hans Rosling- The best stats you've ever seen - TED Talk.mp4	00:15:19	But they take some nourishment down from the databases.
Hans Rosling- The best stats you've ever seen - TED Talk.mp4	00:15:24	But people put prices on them.
Hans Rosling- The best stats you've ever seen - TED Talk.mp4	00:15:26	Stupid passwords and boring statistics.
Hans Rosling- The best stats you've ever seen - TED Talk.mp4	00:15:30	And this won't work.
Hans Rosling- The best stats you've ever seen - TED Talk.mp4	00:15:34	So what is needed?
Hans Rosling- The best stats you've ever seen - TED Talk.mp4	00:15:35	We have the databases.
Hans Rosling- The best stats you've ever seen - TED Talk.mp4	00:15:37	It's not the new database you need.
Hans Rosling- The best stats you've ever seen - TED Talk.mp4	00:15:38	We have wonderful design tools.
Hans Rosling- The best stats you've ever seen - TED Talk.mp4	00:15:40	And more and more are added up here.
Hans Rosling- The best stats you've ever seen - TED Talk.mp4	00:15:42	So we started a nonprofit venture,
Hans Rosling- The best stats you've ever seen - TED Talk.mp4	00:15:45	which we called Linking Data to Design.
Hans Rosling- The best stats you've ever seen - TED Talk.mp4	00:15:49	We call it Gapminder from London Underground,
Hans Rosling- The best stats you've ever seen - TED Talk.mp4	00:15:51	where they warn you, mind the gap.
Hans Rosling- The best stats you've ever seen - TED Talk.mp4	00:15:53	So we thought Gapminder was a problem.
Hans Rosling- The best stats you've ever seen - TED Talk.mp4	00:15:54	It's not appropriate.
Hans Rosling- The best stats you've ever seen - TED Talk.mp4	00:15:55	And we started to write software which could link the data like this.
Hans Rosling- The best stats you've ever seen - TED Talk.mp4	00:15:59	And it wasn't that difficult.
Hans Rosling- The best stats you've ever seen - TED Talk.mp4	00:16:01	It took some person years.
Hans Rosling- The best stats you've ever seen - TED Talk.mp4	00:16:02	And we have produced animations.
Hans Rosling- The best stats you've ever seen - TED Talk.mp4	00:16:04	You can take a data set and put it there.
Hans Rosling- The best stats you've ever seen - TED Talk.mp4	00:16:07	We are liberating UN data.
Hans Rosling- The best stats you've ever seen - TED Talk.mp4	00:16:09	Some few UN organizations, some countries,
Hans Rosling- The best stats you've ever seen - TED Talk.mp4	00:16:12	accept that their databases can go out on the world.
Hans Rosling- The best stats you've ever seen - TED Talk.mp4	00:16:15	But what we really need is, of course, a search function.
Hans Rosling- The best stats you've ever seen - TED Talk.mp4	00:16:18	A search function where we can copy the data up to a searchable format
Hans Rosling- The best stats you've ever seen - TED Talk.mp4	00:16:23	and get it out in the world.
Hans Rosling- The best stats you've ever seen - TED Talk.mp4	00:16:25	And what do we hear when we go around?
Hans Rosling- The best stats you've ever seen - TED Talk.mp4	00:16:27	I've done anthropology on the main statistical units.
Hans Rosling- The best stats you've ever seen - TED Talk.mp4	00:16:30	Everyone says it's impossible.
Hans Rosling- The best stats you've ever seen - TED Talk.mp4	00:16:32	This can't be done.
Hans Rosling- The best stats you've ever seen - TED Talk.mp4	00:16:33	Our information is so peculiar and detailed.
Hans Rosling- The best stats you've ever seen - TED Talk.mp4	00:16:36	So that cannot be searched as others can be searched.
Hans Rosling- The best stats you've ever seen - TED Talk.mp4	00:16:39	We cannot give the data free to the students,
Hans Rosling- The best stats you've ever seen - TED Talk.mp4	00:16:41	free to the entrepreneurs of the world.
Hans Rosling- The best stats you've ever seen - TED Talk.mp4	00:16:44	But this is what we would like to see, isn't it?
Hans Rosling- The best stats you've ever seen - TED Talk.mp4	00:16:47	The publicly funded data is down here.
Hans Rosling- The best stats you've ever seen - TED Talk.mp4	00:16:49	And we would like flowers to grow out on the net.
Hans Rosling- The best stats you've ever seen - TED Talk.mp4	00:16:52	And one of the crucial points is to make them searchable.
Hans Rosling- The best stats you've ever seen - TED Talk.mp4	00:16:56	And then people can use the different design tools to animate it there.
Hans Rosling- The best stats you've ever seen - TED Talk.mp4	00:17:00	And I have a pretty good news for you.
Hans Rosling- The best stats you've ever seen - TED Talk.mp4	00:17:02	I have a good news that the present new head of UN statistics,
Hans Rosling- The best stats you've ever seen - TED Talk.mp4	00:17:06	he doesn't say it's impossible.
Hans Rosling- The best stats you've ever seen - TED Talk.mp4	00:17:08	He only says we can't do it.
Hans Rosling- The best stats you've ever seen - TED Talk.mp4	00:17:14	And that's a quite clever guy.
Hans Rosling- The best stats you've ever seen - TED Talk.mp4	00:17:18	So we can see a lot happening in data in the coming years.
Hans Rosling- The best stats you've ever seen - TED Talk.mp4	00:17:22	We will be able to look at income distributions in completely new ways.
Hans Rosling- The best stats you've ever seen - TED Talk.mp4	00:17:27	This is the income distribution of China, 1970.
Hans Rosling- The best stats you've ever seen - TED Talk.mp4	00:17:32	This is the income distribution of the United States, 1970.
Hans Rosling- The best stats you've ever seen - TED Talk.mp4	00:17:37	Almost no overlap.
Hans Rosling- The best stats you've ever seen - TED Talk.mp4	00:17:38	Almost no overlap.
Hans Rosling- The best stats you've ever seen - TED Talk.mp4	00:17:40	And what has happened?
Hans Rosling- The best stats you've ever seen - TED Talk.mp4	00:17:41	What has happened is this.
Hans Rosling- The best stats you've ever seen - TED Talk.mp4	00:17:43	That China is growing.
Hans Rosling- The best stats you've ever seen - TED Talk.mp4	00:17:44	It's not so equal any longer.
Hans Rosling- The best stats you've ever seen - TED Talk.mp4	00:17:46	And it's appearing here overlooking the United States,
Hans Rosling- The best stats you've ever seen - TED Talk.mp4	00:17:50	almost like a ghost, isn't it?
Hans Rosling- The best stats you've ever seen - TED Talk.mp4	00:17:52	It's pretty scary.
Hans Rosling- The best stats you've ever seen - TED Talk.mp4	00:18:00	But I think it's very important to have all this information.
Hans Rosling- The best stats you've ever seen - TED Talk.mp4	00:18:04	We need really to see it.
Hans Rosling- The best stats you've ever seen - TED Talk.mp4	00:18:07	And instead of looking at this,
Hans Rosling- The best stats you've ever seen - TED Talk.mp4	00:18:10	I would like to end up by showing the internet users per 1,000.
Hans Rosling- The best stats you've ever seen - TED Talk.mp4	00:18:15	In this software, we access about 500 variables from all the countries quite easily.
Hans Rosling- The best stats you've ever seen - TED Talk.mp4	00:18:21	It takes some time.
Hans Rosling- The best stats you've ever seen - TED Talk.mp4	00:18:22	It takes some time to change for this.
Hans Rosling- The best stats you've ever seen - TED Talk.mp4	00:18:24	But on the accesses, you can quite easily get any variable you would like to have.
Hans Rosling- The best stats you've ever seen - TED Talk.mp4	00:18:30	And the thing would be to get up the databases free,
Hans Rosling- The best stats you've ever seen - TED Talk.mp4	00:18:34	to get them searchable,
Hans Rosling- The best stats you've ever seen - TED Talk.mp4	00:18:36	and with a second click to get them into the graphic formats
Hans Rosling- The best stats you've ever seen - TED Talk.mp4	00:18:39	where you can instantly understand them.
Hans Rosling- The best stats you've ever seen - TED Talk.mp4	00:18:42	Now, the statisticians doesn't like it
Hans Rosling- The best stats you've ever seen - TED Talk.mp4	00:18:44	because they say that this will not show
Hans Rosling- The best stats you've ever seen - TED Talk.mp4	00:18:51	the reality.
Hans Rosling- The best stats you've ever seen - TED Talk.mp4	00:18:53	We have to have statistical analytical methods.
Hans Rosling- The best stats you've ever seen - TED Talk.mp4	00:18:55	But this is hypothesis generating.
Hans Rosling- The best stats you've ever seen - TED Talk.mp4	00:18:57	I end now with the world.
Hans Rosling- The best stats you've ever seen - TED Talk.mp4	00:19:00	There the internet are coming.
Hans Rosling- The best stats you've ever seen - TED Talk.mp4	00:19:01	The number of internet users are going up like this.
Hans Rosling- The best stats you've ever seen - TED Talk.mp4	00:19:04	This is the GDP per capita.
Hans Rosling- The best stats you've ever seen - TED Talk.mp4	00:19:06	And it's a new technology coming in.
Hans Rosling- The best stats you've ever seen - TED Talk.mp4	00:19:08	But amazingly, how well it fits to the economy of the countries.
Hans Rosling- The best stats you've ever seen - TED Talk.mp4	00:19:13	That's why the $100 computer will be so important.
Hans Rosling- The best stats you've ever seen - TED Talk.mp4	00:19:17	But it's a nice tendency.
Hans Rosling- The best stats you've ever seen - TED Talk.mp4	00:19:18	It's as if the world is flattening off, isn't it?
Hans Rosling- The best stats you've ever seen - TED Talk.mp4	00:19:21	These countries are lifting more than the economy.
Hans Rosling- The best stats you've ever seen - TED Talk.mp4	00:19:23	And it will be very interesting to follow this over the year,
Hans Rosling- The best stats you've ever seen - TED Talk.mp4	00:19:26	as I would like you to be able to do with all the publicly funded data.
Hans Rosling- The best stats you've ever seen - TED Talk.mp4	00:19:30	Thank you very much.
Jeff Han- The radical promise of the multi-touch interface - TED Talk.mp4	00:00:03	I'm really, really excited to be here today because I'm about to show you some stuff that's
Jeff Han- The radical promise of the multi-touch interface - TED Talk.mp4	00:00:06	just ready to come out of the lab, literally, and I'm really glad that you guys are going
Jeff Han- The radical promise of the multi-touch interface - TED Talk.mp4	00:00:11	to be amongst the first to be able to see it in person because I really, really think
Jeff Han- The radical promise of the multi-touch interface - TED Talk.mp4	00:00:13	this is going to change, really change the way we interact with machines from this point
Jeff Han- The radical promise of the multi-touch interface - TED Talk.mp4	00:00:17	on.
Jeff Han- The radical promise of the multi-touch interface - TED Talk.mp4	00:00:18	Now, this is our rear projected drafting table.
Jeff Han- The radical promise of the multi-touch interface - TED Talk.mp4	00:00:21	It's about 36 inches wide and it's equipped with a multi-touch sensor.
Jeff Han- The radical promise of the multi-touch interface - TED Talk.mp4	00:00:24	Now, normal touch sensors that you see like on your kiosk or interactive whiteboards can
Jeff Han- The radical promise of the multi-touch interface - TED Talk.mp4	00:00:28	only register kind of one point of contact at a time.
Jeff Han- The radical promise of the multi-touch interface - TED Talk.mp4	00:00:31	This thing allows you to have multiple points at the same time.
Jeff Han- The radical promise of the multi-touch interface - TED Talk.mp4	00:00:35	They can use both my hands.
Jeff Han- The radical promise of the multi-touch interface - TED Talk.mp4	00:00:36	I can use courting options.
Jeff Han- The radical promise of the multi-touch interface - TED Talk.mp4	00:00:38	I can just go right up and use all 10 fingers if I wanted to, you know, like that.
Jeff Han- The radical promise of the multi-touch interface - TED Talk.mp4	00:00:44	Now, multi-touch sensing isn't anything, isn't completely new.
Jeff Han- The radical promise of the multi-touch interface - TED Talk.mp4	00:00:47	I mean, people like Bill Buxton have been playing around with it in the 80s.
Jeff Han- The radical promise of the multi-touch interface - TED Talk.mp4	00:00:50	However, the approach I developed here is actually high resolution, low cost, and probably
Jeff Han- The radical promise of the multi-touch interface - TED Talk.mp4	00:00:56	most importantly, very scalable.
Jeff Han- The radical promise of the multi-touch interface - TED Talk.mp4	00:00:57	So, the technology, you know, isn't the most exciting thing here right now other than probably
Jeff Han- The radical promise of the multi-touch interface - TED Talk.mp4	00:01:03	its new found accessibility.
Jeff Han- The radical promise of the multi-touch interface - TED Talk.mp4	00:01:05	What's really interesting here is kind of what you can do with it and the kind of interfaces
Jeff Han- The radical promise of the multi-touch interface - TED Talk.mp4	00:01:10	you can build on top of it.
Jeff Han- The radical promise of the multi-touch interface - TED Talk.mp4	00:01:12	So, let's see.
Jeff Han- The radical promise of the multi-touch interface - TED Talk.mp4	00:01:14	So, for instance, we have a lava lamp application here.
Jeff Han- The radical promise of the multi-touch interface - TED Talk.mp4	00:01:18	Now, you can see I can use both of my hands to kind of squeeze together and put the blob
Jeff Han- The radical promise of the multi-touch interface - TED Talk.mp4	00:01:23	together.
Jeff Han- The radical promise of the multi-touch interface - TED Talk.mp4	00:01:24	I can inject heat into the system here.
Jeff Han- The radical promise of the multi-touch interface - TED Talk.mp4	00:01:26	Or I can pull it apart.
Jeff Han- The radical promise of the multi-touch interface - TED Talk.mp4	00:01:27	
Jeff Han- The radical promise of the multi-touch interface - TED Talk.mp4	00:01:27	
Jeff Han- The radical promise of the multi-touch interface - TED Talk.mp4	00:01:27	I can pull it apart with two of my fingers.
Jeff Han- The radical promise of the multi-touch interface - TED Talk.mp4	00:01:28	It's completely intuitive.
Jeff Han- The radical promise of the multi-touch interface - TED Talk.mp4	00:01:29	There's no instruction manual.
Jeff Han- The radical promise of the multi-touch interface - TED Talk.mp4	00:01:31	The interface just kind of disappears.
Jeff Han- The radical promise of the multi-touch interface - TED Talk.mp4	00:01:33	This started out as kind of a screen saver app that one of the PhD students in our lab,
Jeff Han- The radical promise of the multi-touch interface - TED Talk.mp4	00:01:36	Ilya Rosenberg, made.
Jeff Han- The radical promise of the multi-touch interface - TED Talk.mp4	00:01:38	But I think it's true kind of true identity comes out here.
Jeff Han- The radical promise of the multi-touch interface - TED Talk.mp4	00:01:43	Now, what's great about a multi-touch sensor is that, you know, I could be doing this with
Jeff Han- The radical promise of the multi-touch interface - TED Talk.mp4	00:01:47	as many fingers here.
Jeff Han- The radical promise of the multi-touch interface - TED Talk.mp4	00:01:49	But of course, multi-touch also inherently means multi-user.
Jeff Han- The radical promise of the multi-touch interface - TED Talk.mp4	00:01:52	So Chris could be out here and interacting with another part of lava while I kind of
Jeff Han- The radical promise of the multi-touch interface - TED Talk.mp4	00:01:54	play around with it here.
Jeff Han- The radical promise of the multi-touch interface - TED Talk.mp4	00:01:55	You can imagine a kind of...
Jeff Han- The radical promise of the multi-touch interface - TED Talk.mp4	00:01:57	A new kind of sculpting tool where I'm kind of warming something up, kind of making it
Jeff Han- The radical promise of the multi-touch interface - TED Talk.mp4	00:02:00	malleable and then kind of letting it cool down and solidifying in a certain state.
Jeff Han- The radical promise of the multi-touch interface - TED Talk.mp4	00:02:08	Google should have something like this in their lobby.
Jeff Han- The radical promise of the multi-touch interface - TED Talk.mp4	00:02:17	I'll show you something a little more of a concrete example here as this thing loads.
Jeff Han- The radical promise of the multi-touch interface - TED Talk.mp4	00:02:22	Now, this is a Photographer's Lightbox application.
Jeff Han- The radical promise of the multi-touch interface - TED Talk.mp4	00:02:25	Again, I can use both of my hands.
Jeff Han- The radical promise of the multi-touch interface - TED Talk.mp4	00:02:27	I can see the light.
Jeff Han- The radical promise of the multi-touch interface - TED Talk.mp4	00:02:27	I can use both of my hands to kind of interact and move photos around.
Jeff Han- The radical promise of the multi-touch interface - TED Talk.mp4	00:02:29	But what's even cooler is that if I have two fingers, I can actually grab a photo and then
Jeff Han- The radical promise of the multi-touch interface - TED Talk.mp4	00:02:34	stretch it out like that really easily.
Jeff Han- The radical promise of the multi-touch interface - TED Talk.mp4	00:02:36	I can pan, zoom and rotate it effortlessly.
Jeff Han- The radical promise of the multi-touch interface - TED Talk.mp4	00:02:40	I can do that grossly with both of my hands or if I can do it just with two fingers on
Jeff Han- The radical promise of the multi-touch interface - TED Talk.mp4	00:02:44	each of my hands together.
Jeff Han- The radical promise of the multi-touch interface - TED Talk.mp4	00:02:45	If I grab the canvas, I can kind of do the same thing.
Jeff Han- The radical promise of the multi-touch interface - TED Talk.mp4	00:02:48	Stretch it out.
Jeff Han- The radical promise of the multi-touch interface - TED Talk.mp4	00:02:49	I can do it simultaneously where I'm holding this down and gripping another one, stretching
Jeff Han- The radical promise of the multi-touch interface - TED Talk.mp4	00:02:52	this out like this.
Jeff Han- The radical promise of the multi-touch interface - TED Talk.mp4	00:02:53	Again, the interface just disappears here.
Jeff Han- The radical promise of the multi-touch interface - TED Talk.mp4	00:02:55	There's no manual.
Jeff Han- The radical promise of the multi-touch interface - TED Talk.mp4	00:02:57	It's exactly what you kind of expect, especially if you haven't interacted with a computer
Jeff Han- The radical promise of the multi-touch interface - TED Talk.mp4	00:03:01	before.
Jeff Han- The radical promise of the multi-touch interface - TED Talk.mp4	00:03:02	Now, when you have initiatives like the $100 laptop, I kind of cringe at the idea that
Jeff Han- The radical promise of the multi-touch interface - TED Talk.mp4	00:03:06	we're going to introduce a whole new generation of people to computing with kind of this standard
Jeff Han- The radical promise of the multi-touch interface - TED Talk.mp4	00:03:10	mouse and Windows pointer interface.
Jeff Han- The radical promise of the multi-touch interface - TED Talk.mp4	00:03:11	This is something that I think is really the way we should be interacting with machines
Jeff Han- The radical promise of the multi-touch interface - TED Talk.mp4	00:03:16	from this point on.
Jeff Han- The radical promise of the multi-touch interface - TED Talk.mp4	00:03:19	Now, of course, I can bring up a keyboard.
Jeff Han- The radical promise of the multi-touch interface - TED Talk.mp4	00:03:26	I can bring up a keyboard.
Jeff Han- The radical promise of the multi-touch interface - TED Talk.mp4	00:03:27	
Jeff Han- The radical promise of the multi-touch interface - TED Talk.mp4	00:03:27	
Jeff Han- The radical promise of the multi-touch interface - TED Talk.mp4	00:03:27	
Jeff Han- The radical promise of the multi-touch interface - TED Talk.mp4	00:03:31	And I can bring that around, put that there.
Jeff Han- The radical promise of the multi-touch interface - TED Talk.mp4	00:03:34	Now, obviously, this is kind of a scanning keyboard, but of course, I can rescale it
Jeff Han- The radical promise of the multi-touch interface - TED Talk.mp4	00:03:37	to make it work well for my hands.
Jeff Han- The radical promise of the multi-touch interface - TED Talk.mp4	00:03:39	And that's really important because there's no reason in this day and age that we should
Jeff Han- The radical promise of the multi-touch interface - TED Talk.mp4	00:03:42	be conforming to a physical device.
Jeff Han- The radical promise of the multi-touch interface - TED Talk.mp4	00:03:44	I mean, that leads to bad things like RSI.
Jeff Han- The radical promise of the multi-touch interface - TED Talk.mp4	00:03:46	I mean, we have so much technology nowadays that these interfaces have started conforming
Jeff Han- The radical promise of the multi-touch interface - TED Talk.mp4	00:03:52	to us.
Jeff Han- The radical promise of the multi-touch interface - TED Talk.mp4	00:03:53	I mean, there's so little applied now to actually be able to do that.
Jeff Han- The radical promise of the multi-touch interface - TED Talk.mp4	00:03:57	
Jeff Han- The radical promise of the multi-touch interface - TED Talk.mp4	00:03:57	
Jeff Han- The radical promise of the multi-touch interface - TED Talk.mp4	00:03:57	
Jeff Han- The radical promise of the multi-touch interface - TED Talk.mp4	00:03:57	And so now I'm really provided with this library where I can basically improve the way we
Jeff Han- The radical promise of the multi-touch interface - TED Talk.mp4	00:03:58	interact with interfaces from this point on.
Jeff Han- The radical promise of the multi-touch interface - TED Talk.mp4	00:04:00	This keyboard, I probably actually really the wrong direction to go.
Jeff Han- The radical promise of the multi-touch interface - TED Talk.mp4	00:04:03	You can imagine in the future as we developed this kind of technology, a keyboard that kind
Jeff Han- The radical promise of the multi-touch interface - TED Talk.mp4	00:04:07	of automatically drifts as your hand kind of moves away and kind of really intelligently
Jeff Han- The radical promise of the multi-touch interface - TED Talk.mp4	00:04:11	anticipates which key you're trying to stroke with your hands.
Jeff Han- The radical promise of the multi-touch interface - TED Talk.mp4	00:04:15	So, again, isn't this great?
Jeff Han- The radical promise of the multi-touch interface - TED Talk.mp4	00:04:18	Male audience 3 in audience 2 and 3, where is your lab?
Jeff Han- The radical promise of the multi-touch interface - TED Talk.mp4	00:04:22	Michael Groszmer, I'm a research scientist at NYU in New York.
Jeff Han- The radical promise of the multi-touch interface - TED Talk.mp4	00:04:28	Here's an example of another kind of app.
Jeff Han- The radical promise of the multi-touch interface - TED Talk.mp4	00:04:30	I can kind of make these little fuzz dolls.
Jeff Han- The radical promise of the multi-touch interface - TED Talk.mp4	00:04:32	It will kind of remember the stroke I'm making.
Jeff Han- The radical promise of the multi-touch interface - TED Talk.mp4	00:04:34	Of course I can do it with all my hands.
Jeff Han- The radical promise of the multi-touch interface - TED Talk.mp4	00:04:36	It's pressure sensitive, you can notice.
Jeff Han- The radical promise of the multi-touch interface - TED Talk.mp4	00:04:39	But what's neat about that is, again, I show you that two-finger gesture allows you to
Jeff Han- The radical promise of the multi-touch interface - TED Talk.mp4	00:04:42	zoom in really quickly.
Jeff Han- The radical promise of the multi-touch interface - TED Talk.mp4	00:04:43	Because you don't have to switch to a hand tool or a magnifying glass tool, you can just
Jeff Han- The radical promise of the multi-touch interface - TED Talk.mp4	00:04:47	kind of continuously make things in real multiple scales all at the same time.
Jeff Han- The radical promise of the multi-touch interface - TED Talk.mp4	00:04:52	I can create big things out here, but I can go back and really quickly go back to where
Jeff Han- The radical promise of the multi-touch interface - TED Talk.mp4	00:04:56	I started and make even smaller things here.
Jeff Han- The radical promise of the multi-touch interface - TED Talk.mp4	00:05:00	Now this is going to be really important as we start getting to things like data visualization.
Jeff Han- The radical promise of the multi-touch interface - TED Talk.mp4	00:05:05	For instance, I think we all really enjoyed Hans Rosling's talk, and he really emphasized
Jeff Han- The radical promise of the multi-touch interface - TED Talk.mp4	00:05:09	the fact that I've been thinking about it for a long time, too.
Jeff Han- The radical promise of the multi-touch interface - TED Talk.mp4	00:05:11	We have all this great data, but for some reason it's just sitting there.
Jeff Han- The radical promise of the multi-touch interface - TED Talk.mp4	00:05:14	We're not really accessing it.
Jeff Han- The radical promise of the multi-touch interface - TED Talk.mp4	00:05:15	And one of the reasons why I think that is is because of things like graphics will be
Jeff Han- The radical promise of the multi-touch interface - TED Talk.mp4	00:05:21	helped by things like graphics.
Jeff Han- The radical promise of the multi-touch interface - TED Talk.mp4	00:05:22	
Jeff Han- The radical promise of the multi-touch interface - TED Talk.mp4	00:05:22	Things like graphics and visualization and all these tools.
Jeff Han- The radical promise of the multi-touch interface - TED Talk.mp4	00:05:25	But I also think a big part of it is going to be starting to be able to have better interfaces
Jeff Han- The radical promise of the multi-touch interface - TED Talk.mp4	00:05:28	to be able to drill down into this kind of data while still thinking about the big picture
Jeff Han- The radical promise of the multi-touch interface - TED Talk.mp4	00:05:32	here.
Jeff Han- The radical promise of the multi-touch interface - TED Talk.mp4	00:05:33	Let me show you another app here.
Jeff Han- The radical promise of the multi-touch interface - TED Talk.mp4	00:05:35	This is something called WorldWin.
Jeff Han- The radical promise of the multi-touch interface - TED Talk.mp4	00:05:36	It's done by NASA.
Jeff Han- The radical promise of the multi-touch interface - TED Talk.mp4	00:05:38	Now it's kind of, we've all seen Google Earth.
Jeff Han- The radical promise of the multi-touch interface - TED Talk.mp4	00:05:40	This is kind of an open source version of that.
Jeff Han- The radical promise of the multi-touch interface - TED Talk.mp4	00:05:42	They have plug-ins to be able to load in different data sets that NASA's collected over the years.
Jeff Han- The radical promise of the multi-touch interface - TED Talk.mp4	00:05:47	But as you can see, I can use the same two-finger gestures, kind of go down and go.
Jeff Han- The radical promise of the multi-touch interface - TED Talk.mp4	00:05:52	And really seamlessly, there's no interface again.
Jeff Han- The radical promise of the multi-touch interface - TED Talk.mp4	00:05:54	It really allows anybody to kind of go in and just does what you kind of expect, you know.
Jeff Han- The radical promise of the multi-touch interface - TED Talk.mp4	00:06:01	Again, there's just no interface here.
Jeff Han- The radical promise of the multi-touch interface - TED Talk.mp4	00:06:02	The interface just kind of disappears.
Jeff Han- The radical promise of the multi-touch interface - TED Talk.mp4	00:06:06	I can switch to different data views.
Jeff Han- The radical promise of the multi-touch interface - TED Talk.mp4	00:06:08	That's what's neat about this app here.
Jeff Han- The radical promise of the multi-touch interface - TED Talk.mp4	00:06:09	There you go.
Jeff Han- The radical promise of the multi-touch interface - TED Talk.mp4	00:06:10	NASA's really cool.
Jeff Han- The radical promise of the multi-touch interface - TED Talk.mp4	00:06:11	They have these hyper-spectral images that are kind of false colored so you can, it's
Jeff Han- The radical promise of the multi-touch interface - TED Talk.mp4	00:06:14	really good for determining vegetative use.
Jeff Han- The radical promise of the multi-touch interface - TED Talk.mp4	00:06:19	Let's go back to this.
Jeff Han- The radical promise of the multi-touch interface - TED Talk.mp4	00:06:22	Whoops.
Jeff Han- The radical promise of the multi-touch interface - TED Talk.mp4	00:06:23	Now the great thing about mapping applications, it's not really kind of 2D.
Jeff Han- The radical promise of the multi-touch interface - TED Talk.mp4	00:06:26	It's kind of 3D.
Jeff Han- The radical promise of the multi-touch interface - TED Talk.mp4	00:06:27	So again, with a multi-point interface, you can kind of do a gesture like this.
Jeff Han- The radical promise of the multi-touch interface - TED Talk.mp4	00:06:31	So you can kind of be able to tilt around like that, you know.
Jeff Han- The radical promise of the multi-touch interface - TED Talk.mp4	00:06:36	It's not just simply relegated to this kind of 2D panning in motion.
Jeff Han- The radical promise of the multi-touch interface - TED Talk.mp4	00:06:39	Now this gesture that we developed, again, it's just kind of putting two fingers down,
Jeff Han- The radical promise of the multi-touch interface - TED Talk.mp4	00:06:42	it's kind of defining an axis of tilt and I kind of tilt up and down that way.
Jeff Han- The radical promise of the multi-touch interface - TED Talk.mp4	00:06:45	That's just something we just came up with on the spot.
Jeff Han- The radical promise of the multi-touch interface - TED Talk.mp4	00:06:47	You know, it's probably not the right thing to do, but it's such interesting things you
Jeff Han- The radical promise of the multi-touch interface - TED Talk.mp4	00:06:51	can do with this kind of interface.
Jeff Han- The radical promise of the multi-touch interface - TED Talk.mp4	00:06:54	And it's just so much fun playing around with it too.
Jeff Han- The radical promise of the multi-touch interface - TED Talk.mp4	00:06:58	And okay, so the last thing I want to show you is, you know, I'm sure we can all think
Jeff Han- The radical promise of the multi-touch interface - TED Talk.mp4	00:07:02	of a lot of entertainment apps that you can kind of do with this thing.
Jeff Han- The radical promise of the multi-touch interface - TED Talk.mp4	00:07:05	I'm a little more interested in the kind of creative applications we can do with this.
Jeff Han- The radical promise of the multi-touch interface - TED Talk.mp4	00:07:09	Now here's a simple application here.
Jeff Han- The radical promise of the multi-touch interface - TED Talk.mp4	00:07:10	I can kind of draw out a curve.
Jeff Han- The radical promise of the multi-touch interface - TED Talk.mp4	00:07:14	And when I close it, it becomes a character.
Jeff Han- The radical promise of the multi-touch interface - TED Talk.mp4	00:07:18	But the neat thing about this, I can add control points.
Jeff Han- The radical promise of the multi-touch interface - TED Talk.mp4	00:07:21	And then what I can do is, I can just move this.
Jeff Han- The radical promise of the multi-touch interface - TED Talk.mp4	00:07:22	I can just kind of manipulate them with both of my fingers at the same time.
Jeff Han- The radical promise of the multi-touch interface - TED Talk.mp4	00:07:24	And you notice what it does.
Jeff Han- The radical promise of the multi-touch interface - TED Talk.mp4	00:07:27	It's kind of a puppeteering thing where I can use as many fingers as I have to kind
Jeff Han- The radical promise of the multi-touch interface - TED Talk.mp4	00:07:33	of draw and make.
Jeff Han- The radical promise of the multi-touch interface - TED Talk.mp4	00:07:42	Now, there's a lot of actual math going on under here for this kind of to control this
Jeff Han- The radical promise of the multi-touch interface - TED Talk.mp4	00:07:46	mesh and do the right thing.
Jeff Han- The radical promise of the multi-touch interface - TED Talk.mp4	00:07:49	I mean, this is a...
Jeff Han- The radical promise of the multi-touch interface - TED Talk.mp4	00:07:50	This...
Jeff Han- The radical promise of the multi-touch interface - TED Talk.mp4	00:07:52	This technique of being able to manipulate a mesh here with multiple control points is
Jeff Han- The radical promise of the multi-touch interface - TED Talk.mp4	00:07:55	actually something that's state of the art.
Jeff Han- The radical promise of the multi-touch interface - TED Talk.mp4	00:07:56	It was just released at SIGGRAPH last year.
Jeff Han- The radical promise of the multi-touch interface - TED Talk.mp4	00:07:58	But it's a great example of the kind of research I really love.
Jeff Han- The radical promise of the multi-touch interface - TED Talk.mp4	00:08:00	Kind of all this compute power to apply to make things kind of do the right things, the
Jeff Han- The radical promise of the multi-touch interface - TED Talk.mp4	00:08:04	intuitive things.
Jeff Han- The radical promise of the multi-touch interface - TED Talk.mp4	00:08:05	Do kind of exactly what you expect.
Jeff Han- The radical promise of the multi-touch interface - TED Talk.mp4	00:08:10	So multi-touch kind of interaction research is a very active field right now in HCI.
Jeff Han- The radical promise of the multi-touch interface - TED Talk.mp4	00:08:15	I'm not the only one doing it.
Jeff Han- The radical promise of the multi-touch interface - TED Talk.mp4	00:08:16	There are a lot of other people getting into it.
Jeff Han- The radical promise of the multi-touch interface - TED Talk.mp4	00:08:18	This kind of technology is going to let even more people get into it.
Jeff Han- The radical promise of the multi-touch interface - TED Talk.mp4	00:08:20	And I'm really looking forward to interacting with all you guys over the next few days and
Jeff Han- The radical promise of the multi-touch interface - TED Talk.mp4	00:08:24	seeing how it can apply to your respective fields.
Jeff Han- The radical promise of the multi-touch interface - TED Talk.mp4	00:08:26	Thank you.
Jeff Han- The radical promise of the multi-touch interface - TED Talk.mp4	00:08:28	.
Jehane Noujaim- My wish- A global day of film - TED Talk.mp4	00:00:03	I can't help with this wish to think about when you're a little kid and you
Jehane Noujaim- My wish- A global day of film - TED Talk.mp4	00:00:07	all your friends ask you if a genie could ask it give you one wish in the
Jehane Noujaim- My wish- A global day of film - TED Talk.mp4	00:00:11	world what would it be and I always answered well I'd want the wish to know
Jehane Noujaim- My wish- A global day of film - TED Talk.mp4	00:00:17	have the wisdom to know exactly what to wish for well then you'd be screwed
Jehane Noujaim- My wish- A global day of film - TED Talk.mp4	00:00:21	because you'd know what to wish for and you do use up your wish and now since we
Jehane Noujaim- My wish- A global day of film - TED Talk.mp4	00:00:24	only have one wish unlike last year they had three wishes I'm not gonna wish for
Jehane Noujaim- My wish- A global day of film - TED Talk.mp4	00:00:28	that so let's get to what I would like which is world peace and I know what
Jehane Noujaim- My wish- A global day of film - TED Talk.mp4	00:00:36	you're thinking you're thinking the poor girl up there she thinks she's at a
Jehane Noujaim- My wish- A global day of film - TED Talk.mp4	00:00:39	beauty pageant she's not she's at the Ted Prize but I so but I really do think
Jehane Noujaim- My wish- A global day of film - TED Talk.mp4	00:00:47	it makes sense and I think that the first step to world peace is for people
Jehane Noujaim- My wish- A global day of film - TED Talk.mp4	00:00:51	to meet each other I've met each other a lot of different people over the years
Jehane Noujaim- My wish- A global day of film - TED Talk.mp4	00:00:55	and I filmed some of them from a dot-com
Jehane Noujaim- My wish- A global day of film - TED Talk.mp4	00:00:58	exchange and I've met some of them from a dot-com exchange and I've met some of
Jehane Noujaim- My wish- A global day of film - TED Talk.mp4	00:00:58	executive in New York that wanted to take over the world to a military press officer
Jehane Noujaim- My wish- A global day of film - TED Talk.mp4	00:01:03	in Qatar that would rather not take over the world. If you've seen the film Control Room
Jehane Noujaim- My wish- A global day of film - TED Talk.mp4	00:01:08	that was sent out, you'd understand a little bit why. Thank you. Wow, some of you watched
Jehane Noujaim- My wish- A global day of film - TED Talk.mp4	00:01:14	it. That's great. That's great. So basically, what I'd like to talk about today is a way
Jehane Noujaim- My wish- A global day of film - TED Talk.mp4	00:01:22	for people to travel, to meet people in a different way than, because you can't travel
Jehane Noujaim- My wish- A global day of film - TED Talk.mp4	00:01:29	all over the world at the same time. And a long time ago, well, about 40 years ago, my
Jehane Noujaim- My wish- A global day of film - TED Talk.mp4	00:01:36	mom had an exchange student. And I'm going to show you slides of the exchange student.
Jehane Noujaim- My wish- A global day of film - TED Talk.mp4	00:01:43	This is Donna. This is Donna at the Statue of Liberty. This is my mother and aunt teaching
Jehane Noujaim- My wish- A global day of film - TED Talk.mp4	00:01:49	Donna how to ride a bike.
Jehane Noujaim- My wish- A global day of film - TED Talk.mp4	00:01:51	This is Donna at the Statue of Liberty. This is Donna at the Statue of Liberty. This is
Jehane Noujaim- My wish- A global day of film - TED Talk.mp4	00:01:52	Donna eating ice cream. And this is Donna teaching my aunt how to do a Filipino dance.
Jehane Noujaim- My wish- A global day of film - TED Talk.mp4	00:02:01	Now I really think as the world is getting smaller, it becomes more and more important
Jehane Noujaim- My wish- A global day of film - TED Talk.mp4	00:02:04	that we learn each other's dance moves, that we meet each other, we get to know each other.
Jehane Noujaim- My wish- A global day of film - TED Talk.mp4	00:02:08	We are able to figure out a way to cross borders, to understand each other, to understand people's
Jehane Noujaim- My wish- A global day of film - TED Talk.mp4	00:02:15	hopes and dreams, what makes them laugh and cry.
Jehane Noujaim- My wish- A global day of film - TED Talk.mp4	00:02:17	And I know that we can't all do exchange programs. And I can't force everybody
Jehane Noujaim- My wish- A global day of film - TED Talk.mp4	00:02:22	to travel. I've already talked about that to Chris and Amy. And they said that there's
Jehane Noujaim- My wish- A global day of film - TED Talk.mp4	00:02:25	a problem with this. You can't force people, free will. And I totally support that. So
Jehane Noujaim- My wish- A global day of film - TED Talk.mp4	00:02:29	we're not forcing people to travel. But I'd like to talk about another way to travel that
Jehane Noujaim- My wish- A global day of film - TED Talk.mp4	00:02:34	doesn't require a ship or an airplane and just requires a movie camera, a projector,
Jehane Noujaim- My wish- A global day of film - TED Talk.mp4	00:02:40	and a screen. And that's what I'm going to talk to you about today. I was asked that
Jehane Noujaim- My wish- A global day of film - TED Talk.mp4	00:02:49	I speak a little bit about where I personally come from. And, you know, I think a lot of
Jehane Noujaim- My wish- A global day of film - TED Talk.mp4	00:02:52	
Jehane Noujaim- My wish- A global day of film - TED Talk.mp4	00:02:52	
Jehane Noujaim- My wish- A global day of film - TED Talk.mp4	00:02:52	And Cameron, I don't know how you managed to get out of that one,
Jehane Noujaim- My wish- A global day of film - TED Talk.mp4	00:02:54	but I think that building bridges is important to me
Jehane Noujaim- My wish- A global day of film - TED Talk.mp4	00:02:59	because of where I come from.
Jehane Noujaim- My wish- A global day of film - TED Talk.mp4	00:03:01	I'm the daughter of an American mother
Jehane Noujaim- My wish- A global day of film - TED Talk.mp4	00:03:04	and an Egyptian-Lebanese-Syrian father,
Jehane Noujaim- My wish- A global day of film - TED Talk.mp4	00:03:08	so I'm the living product of two cultures coming together,
Jehane Noujaim- My wish- A global day of film - TED Talk.mp4	00:03:12	no pun intended.
Jehane Noujaim- My wish- A global day of film - TED Talk.mp4	00:03:13	And I've also been called as an Egyptian-Lebanese-Syrian-American
Jehane Noujaim- My wish- A global day of film - TED Talk.mp4	00:03:17	with a Persian name, the Middle East Peace Crisis.
Jehane Noujaim- My wish- A global day of film - TED Talk.mp4	00:03:19	So maybe me starting to take pictures
Jehane Noujaim- My wish- A global day of film - TED Talk.mp4	00:03:22	was some kind of way to bring both sides of my family together,
Jehane Noujaim- My wish- A global day of film - TED Talk.mp4	00:03:28	a way to take the worlds with me, a way to tell stories visually.
Jehane Noujaim- My wish- A global day of film - TED Talk.mp4	00:03:33	It all kind of started that way,
Jehane Noujaim- My wish- A global day of film - TED Talk.mp4	00:03:35	but I think that I really realized the power of the image
Jehane Noujaim- My wish- A global day of film - TED Talk.mp4	00:03:38	when I first went to the garbage-collecting village in Egypt
Jehane Noujaim- My wish- A global day of film - TED Talk.mp4	00:03:42	when I was about 16.
Jehane Noujaim- My wish- A global day of film - TED Talk.mp4	00:03:44	My mother took me there.
Jehane Noujaim- My wish- A global day of film - TED Talk.mp4	00:03:47	She's somebody that believes strongly in community service
Jehane Noujaim- My wish- A global day of film - TED Talk.mp4	00:03:49	and discipleship.
Jehane Noujaim- My wish- A global day of film - TED Talk.mp4	00:03:49	She decided that this was something that I needed to do.
Jehane Noujaim- My wish- A global day of film - TED Talk.mp4	00:03:51	And so I went there, and I met some amazing women there.
Jehane Noujaim- My wish- A global day of film - TED Talk.mp4	00:03:56	There were people who...
Jehane Noujaim- My wish- A global day of film - TED Talk.mp4	00:03:57	There was a center there where they were teaching people
Jehane Noujaim- My wish- A global day of film - TED Talk.mp4	00:04:00	how to read and write and get vaccinations
Jehane Noujaim- My wish- A global day of film - TED Talk.mp4	00:04:03	against so many diseases you can get from sorting through garbage.
Jehane Noujaim- My wish- A global day of film - TED Talk.mp4	00:04:06	And I began to start teaching there.
Jehane Noujaim- My wish- A global day of film - TED Talk.mp4	00:04:08	I taught English, and I met some incredible women there.
Jehane Noujaim- My wish- A global day of film - TED Talk.mp4	00:04:11	I met people that lived seven people to a room,
Jehane Noujaim- My wish- A global day of film - TED Talk.mp4	00:04:15	barely can afford their evening meal,
Jehane Noujaim- My wish- A global day of film - TED Talk.mp4	00:04:18	yet lived with this strength,
Jehane Noujaim- My wish- A global day of film - TED Talk.mp4	00:04:19	and this strength of spirit and sense of humor
Jehane Noujaim- My wish- A global day of film - TED Talk.mp4	00:04:21	and just incredible qualities.
Jehane Noujaim- My wish- A global day of film - TED Talk.mp4	00:04:24	I got drawn into this community, and I began to take pictures there.
Jehane Noujaim- My wish- A global day of film - TED Talk.mp4	00:04:28	I took pictures of weddings and older family members,
Jehane Noujaim- My wish- A global day of film - TED Talk.mp4	00:04:35	things that they wanted memories of.
Jehane Noujaim- My wish- A global day of film - TED Talk.mp4	00:04:38	About two years after I started taking these pictures,
Jehane Noujaim- My wish- A global day of film - TED Talk.mp4	00:04:41	the UN Conference on Population and Development
Jehane Noujaim- My wish- A global day of film - TED Talk.mp4	00:04:46	asked me to show them at the conference.
Jehane Noujaim- My wish- A global day of film - TED Talk.mp4	00:04:49	I was 18. I was very excited.
Jehane Noujaim- My wish- A global day of film - TED Talk.mp4	00:04:52	It was my first exhibit of photographs,
Jehane Noujaim- My wish- A global day of film - TED Talk.mp4	00:04:55	and they were all put up there.
Jehane Noujaim- My wish- A global day of film - TED Talk.mp4	00:04:57	And after about two days, they all came down except for three.
Jehane Noujaim- My wish- A global day of film - TED Talk.mp4	00:05:03	People were very upset, very angry
Jehane Noujaim- My wish- A global day of film - TED Talk.mp4	00:05:06	that I was showing these dirty sides of Cairo,
Jehane Noujaim- My wish- A global day of film - TED Talk.mp4	00:05:09	and why didn't I cut the dead donkey out of the frame?
Jehane Noujaim- My wish- A global day of film - TED Talk.mp4	00:05:13	And as I sat there, I got very depressed.
Jehane Noujaim- My wish- A global day of film - TED Talk.mp4	00:05:15	I looked at this big empty wall with, you know,
Jehane Noujaim- My wish- A global day of film - TED Talk.mp4	00:05:19	three lonely people, and I was like,
Jehane Noujaim- My wish- A global day of film - TED Talk.mp4	00:05:19	I'm going to take these only photographs
Jehane Noujaim- My wish- A global day of film - TED Talk.mp4	00:05:20	that were, you know, very pretty photographs.
Jehane Noujaim- My wish- A global day of film - TED Talk.mp4	00:05:24	And I was like, I failed at this.
Jehane Noujaim- My wish- A global day of film - TED Talk.mp4	00:05:27	But I was looking at this intense emotion and intense feeling
Jehane Noujaim- My wish- A global day of film - TED Talk.mp4	00:05:33	that had come out of people just seeing these photographs.
Jehane Noujaim- My wish- A global day of film - TED Talk.mp4	00:05:37	I mean, here I was, this 18-year-old pipsqueak
Jehane Noujaim- My wish- A global day of film - TED Talk.mp4	00:05:39	that nobody listened to, and all of a sudden,
Jehane Noujaim- My wish- A global day of film - TED Talk.mp4	00:05:40	I put these photographs on the wall, and there were arguments,
Jehane Noujaim- My wish- A global day of film - TED Talk.mp4	00:05:43	and they had to be taken down, and I just saw the power of the image.
Jehane Noujaim- My wish- A global day of film - TED Talk.mp4	00:05:47	And it was incredible.
Jehane Noujaim- My wish- A global day of film - TED Talk.mp4	00:05:48	And I think the most important reaction that I saw there
Jehane Noujaim- My wish- A global day of film - TED Talk.mp4	00:05:51	was actually people that would never have gone to the garbage village themselves,
Jehane Noujaim- My wish- A global day of film - TED Talk.mp4	00:05:54	that would never have seen that the human spirit
Jehane Noujaim- My wish- A global day of film - TED Talk.mp4	00:05:56	could thrive in such difficult circumstances.
Jehane Noujaim- My wish- A global day of film - TED Talk.mp4	00:06:00	And I think it was at that point that I decided
Jehane Noujaim- My wish- A global day of film - TED Talk.mp4	00:06:02	that I wanted to use photography and film
Jehane Noujaim- My wish- A global day of film - TED Talk.mp4	00:06:06	to somehow bridge gaps, to bridge cultures,
Jehane Noujaim- My wish- A global day of film - TED Talk.mp4	00:06:09	bring people together, cross borders.
Jehane Noujaim- My wish- A global day of film - TED Talk.mp4	00:06:13	And so that's what really kind of started me off.
Jehane Noujaim- My wish- A global day of film - TED Talk.mp4	00:06:17	I did a stint at MTV, made a film called Startup.com,
Jehane Noujaim- My wish- A global day of film - TED Talk.mp4	00:06:20	and then in about 2000, I worked on a couple of music films.
Jehane Noujaim- My wish- A global day of film - TED Talk.mp4	00:06:25	But in 2003, when the war in Iraq was about to start,
Jehane Noujaim- My wish- A global day of film - TED Talk.mp4	00:06:29	I felt...
Jehane Noujaim- My wish- A global day of film - TED Talk.mp4	00:06:32	It was a very surreal feeling for me,
Jehane Noujaim- My wish- A global day of film - TED Talk.mp4	00:06:35	because before the war started,
Jehane Noujaim- My wish- A global day of film - TED Talk.mp4	00:06:37	there was kind of this media war that was going on.
Jehane Noujaim- My wish- A global day of film - TED Talk.mp4	00:06:39	And I was watching television in New York,
Jehane Noujaim- My wish- A global day of film - TED Talk.mp4	00:06:41	and there seemed to be just one point of view that was coming across.
Jehane Noujaim- My wish- A global day of film - TED Talk.mp4	00:06:44	And it went from...
Jehane Noujaim- My wish- A global day of film - TED Talk.mp4	00:06:46	The coverage went from the US State Department
Jehane Noujaim- My wish- A global day of film - TED Talk.mp4	00:06:49	to embedded troops.
Jehane Noujaim- My wish- A global day of film - TED Talk.mp4	00:06:51	And what was coming across on the news
Jehane Noujaim- My wish- A global day of film - TED Talk.mp4	00:06:55	was that there was going to be this clean war
Jehane Noujaim- My wish- A global day of film - TED Talk.mp4	00:06:57	and precision bombings,
Jehane Noujaim- My wish- A global day of film - TED Talk.mp4	00:06:59	and the Iraqis would be greeting the Americans as liberators
Jehane Noujaim- My wish- A global day of film - TED Talk.mp4	00:07:03	and throwing flowers at their feet in the streets of Baghdad.
Jehane Noujaim- My wish- A global day of film - TED Talk.mp4	00:07:06	And I knew that there was a completely other story
Jehane Noujaim- My wish- A global day of film - TED Talk.mp4	00:07:08	that was taking place in the Middle East, where my parents were.
Jehane Noujaim- My wish- A global day of film - TED Talk.mp4	00:07:12	I knew that there was a completely other story
Jehane Noujaim- My wish- A global day of film - TED Talk.mp4	00:07:14	being told, and I was thinking,
Jehane Noujaim- My wish- A global day of film - TED Talk.mp4	00:07:16	how are people supposed to communicate with each other
Jehane Noujaim- My wish- A global day of film - TED Talk.mp4	00:07:18	when they're getting completely different messages,
Jehane Noujaim- My wish- A global day of film - TED Talk.mp4	00:07:20	and nobody knows what the other is being told?
Jehane Noujaim- My wish- A global day of film - TED Talk.mp4	00:07:23	How are people supposed to have any kind of common understanding
Jehane Noujaim- My wish- A global day of film - TED Talk.mp4	00:07:26	or know how to move together into the future?
Jehane Noujaim- My wish- A global day of film - TED Talk.mp4	00:07:29	So I knew that I had to go there.
Jehane Noujaim- My wish- A global day of film - TED Talk.mp4	00:07:31	I just wanted to be in the center.
Jehane Noujaim- My wish- A global day of film - TED Talk.mp4	00:07:33	I had no plan, I had no funding.
Jehane Noujaim- My wish- A global day of film - TED Talk.mp4	00:07:36	I didn't even have a camera at the time.
Jehane Noujaim- My wish- A global day of film - TED Talk.mp4	00:07:38	I had somebody bring it there.
Jehane Noujaim- My wish- A global day of film - TED Talk.mp4	00:07:40	Because I wanted to get access to Al Jazeera,
Jehane Noujaim- My wish- A global day of film - TED Talk.mp4	00:07:43	George Bush's son,
Jehane Noujaim- My wish- A global day of film - TED Talk.mp4	00:07:44	George Bush's favorite channel,
Jehane Noujaim- My wish- A global day of film - TED Talk.mp4	00:07:45	a place which I was very curious about
Jehane Noujaim- My wish- A global day of film - TED Talk.mp4	00:07:48	because it's disliked by many governments across the Arab world,
Jehane Noujaim- My wish- A global day of film - TED Talk.mp4	00:07:53	and also called the mouthpiece of Osama bin Laden
Jehane Noujaim- My wish- A global day of film - TED Talk.mp4	00:07:56	by some people in the US government.
Jehane Noujaim- My wish- A global day of film - TED Talk.mp4	00:07:59	So I was thinking, you know,
Jehane Noujaim- My wish- A global day of film - TED Talk.mp4	00:08:00	this station that's hated by so many people
Jehane Noujaim- My wish- A global day of film - TED Talk.mp4	00:08:03	has to be doing something right.
Jehane Noujaim- My wish- A global day of film - TED Talk.mp4	00:08:04	I've got to go see what this is all about.
Jehane Noujaim- My wish- A global day of film - TED Talk.mp4	00:08:08	And I also wanted to go see Central Command,
Jehane Noujaim- My wish- A global day of film - TED Talk.mp4	00:08:10	which was ten minutes away.
Jehane Noujaim- My wish- A global day of film - TED Talk.mp4	00:08:12	And that way I could get access
Jehane Noujaim- My wish- A global day of film - TED Talk.mp4	00:08:13	to how this news was being created.
Jehane Noujaim- My wish- A global day of film - TED Talk.mp4	00:08:17	On the Arab side reaching the Arab world,
Jehane Noujaim- My wish- A global day of film - TED Talk.mp4	00:08:19	and on the US and Western side reaching the US.
Jehane Noujaim- My wish- A global day of film - TED Talk.mp4	00:08:22	And when I went there and sat there
Jehane Noujaim- My wish- A global day of film - TED Talk.mp4	00:08:24	and met these people that were in the center of it,
Jehane Noujaim- My wish- A global day of film - TED Talk.mp4	00:08:27	and sat with these characters,
Jehane Noujaim- My wish- A global day of film - TED Talk.mp4	00:08:30	I met some surprising, very complex people.
Jehane Noujaim- My wish- A global day of film - TED Talk.mp4	00:08:34	And I'd like to share with you a little bit
Jehane Noujaim- My wish- A global day of film - TED Talk.mp4	00:08:37	of that experience of when you sit with somebody
Jehane Noujaim- My wish- A global day of film - TED Talk.mp4	00:08:40	and you film them and you listen to them
Jehane Noujaim- My wish- A global day of film - TED Talk.mp4	00:08:42	and you allow them more than a five second sound bite,
Jehane Noujaim- My wish- A global day of film - TED Talk.mp4	00:08:46	the amazing complexity of people emerge.
Jehane Noujaim- My wish- A global day of film - TED Talk.mp4	00:08:54	Business as usual.
Jehane Noujaim- My wish- A global day of film - TED Talk.mp4	00:08:57	Iraq, and then Iraq, and then Iraq.
Jehane Noujaim- My wish- A global day of film - TED Talk.mp4	00:09:04	Between us, if I'm offered a job with Fox,
Jehane Noujaim- My wish- A global day of film - TED Talk.mp4	00:09:07	I will take it.
Jehane Noujaim- My wish- A global day of film - TED Talk.mp4	00:09:24	I will green screen.
Jehane Noujaim- My wish- A global day of film - TED Talk.mp4	00:09:25	I will make a lot of progress from this
Jehane Noujaim- My wish- A global day of film - TED Talk.mp4	00:09:28	at Fox or say,
Jehane Noujaim- My wish- A global day of film - TED Talk.mp4	00:09:28	
Jehane Noujaim- My wish- A global day of film - TED Talk.mp4	00:09:28	sell my experiences.
Jehane Noujaim- My wish- A global day of film - TED Talk.mp4	00:09:29	
Jehane Noujaim- My wish- A global day of film - TED Talk.mp4	00:09:29	But I also believe that
Jehane Noujaim- My wish- A global day of film - TED Talk.mp4	00:09:31	I cooperated with people in the foyer.
Jehane Noujaim- My wish- A global day of film - TED Talk.mp4	00:09:33	He was in total pineapple debt.
Jehane Noujaim- My wish- A global day of film - TED Talk.mp4	00:09:37	To me, that experience is very symbolic.
Jehane Noujaim- My wish- A global day of film - TED Talk.mp4	00:09:38	But most of it is family relationships,
Jehane Noujaim- My wish- A global day of film - TED Talk.mp4	00:09:39	and I have many stereotypes.
Jehane Noujaim- My wish- A global day of film - TED Talk.mp4	00:09:41	
Jehane Noujaim- My wish- A global day of film - TED Talk.mp4	00:09:48	The night they showed the POWs and the dead soldiers, Al Jazeera showed them.
Jehane Noujaim- My wish- A global day of film - TED Talk.mp4	00:09:53	It was powerful because America doesn't show those kind of images.
Jehane Noujaim- My wish- A global day of film - TED Talk.mp4	00:09:56	Most of the news in America won't show really gory images.
Jehane Noujaim- My wish- A global day of film - TED Talk.mp4	00:09:58	And this showed American soldiers in uniform strewn about a floor, a coal-tile floor.
Jehane Noujaim- My wish- A global day of film - TED Talk.mp4	00:10:03	And it was revolting.
Jehane Noujaim- My wish- A global day of film - TED Talk.mp4	00:10:06	It was absolutely revolting.
Jehane Noujaim- My wish- A global day of film - TED Talk.mp4	00:10:08	It made me sick in my stomach.
Jehane Noujaim- My wish- A global day of film - TED Talk.mp4	00:10:09	And then what hit me was the night before there had been some kind of bombing in Basra.
Jehane Noujaim- My wish- A global day of film - TED Talk.mp4	00:10:16	And Al Jazeera had shown images of the people.
Jehane Noujaim- My wish- A global day of film - TED Talk.mp4	00:10:21	And they were equally, if not more, horrifying than the images were.
Jehane Noujaim- My wish- A global day of film - TED Talk.mp4	00:10:25	And I remember having seen it in the Al Jazeera office and thought to myself, wow, that's gross.
Jehane Noujaim- My wish- A global day of film - TED Talk.mp4	00:10:31	That's bad.
Jehane Noujaim- My wish- A global day of film - TED Talk.mp4	00:10:33	And then going away and probably eating dinner or something.
Jehane Noujaim- My wish- A global day of film - TED Talk.mp4	00:10:35	And, you know, it didn't affect me as much.
Jehane Noujaim- My wish- A global day of film - TED Talk.mp4	00:10:37	So.
Jehane Noujaim- My wish- A global day of film - TED Talk.mp4	00:10:39	The impact that had on me, me realizing that I just saw people on the other side.
Jehane Noujaim- My wish- A global day of film - TED Talk.mp4	00:10:44	And those people in the Al Jazeera office must have felt the way I was feeling that night.
Jehane Noujaim- My wish- A global day of film - TED Talk.mp4	00:10:49	And it upset me on a profound level that I wasn't as bothered as much the night before.
Jehane Noujaim- My wish- A global day of film - TED Talk.mp4	00:10:56	It makes me hate war.
Jehane Noujaim- My wish- A global day of film - TED Talk.mp4	00:10:58	But it doesn't make me believe that we're in a world that can live without war yet.
Jehane Noujaim- My wish- A global day of film - TED Talk.mp4	00:11:03	I was overwhelmed by the response of the film.
Jehane Noujaim- My wish- A global day of film - TED Talk.mp4	00:11:06	We didn't know whether it would be able to get out there.
Jehane Noujaim- My wish- A global day of film - TED Talk.mp4	00:11:08	We had no funds.
Jehane Noujaim- My wish- A global day of film - TED Talk.mp4	00:11:09	We didn't have funding for it.
Jehane Noujaim- My wish- A global day of film - TED Talk.mp4	00:11:10	We were incredibly lucky that it got picked up.
Jehane Noujaim- My wish- A global day of film - TED Talk.mp4	00:11:14	And when we showed the film in both the United States and the Arab world, we had such incredible reactions.
Jehane Noujaim- My wish- A global day of film - TED Talk.mp4	00:11:21	It was amazing to see how people were moved by this film.
Jehane Noujaim- My wish- A global day of film - TED Talk.mp4	00:11:24	In the Arab world, and it's not really by the film.
Jehane Noujaim- My wish- A global day of film - TED Talk.mp4	00:11:28	It's by the characters.
Jehane Noujaim- My wish- A global day of film - TED Talk.mp4	00:11:29	I mean, Josh Rushing was this incredibly complex person who was thinking about things.
Jehane Noujaim- My wish- A global day of film - TED Talk.mp4	00:11:35	And when I showed the film in the Middle East, people said,
Jehane Noujaim- My wish- A global day of film - TED Talk.mp4	00:11:39	people wanted to meet Josh.
Jehane Noujaim- My wish- A global day of film - TED Talk.mp4	00:11:40	He kind of redefined us as an American population.
Jehane Noujaim- My wish- A global day of film - TED Talk.mp4	00:11:44	People started to ask me, where is this guy now?
Jehane Noujaim- My wish- A global day of film - TED Talk.mp4	00:11:48	Jazir offered him a job.
Jehane Noujaim- My wish- A global day of film - TED Talk.mp4	00:11:52	And Samir, on the other hand, was also quite an interesting character for the Arab world to see.
Jehane Noujaim- My wish- A global day of film - TED Talk.mp4	00:11:58	Because it brought out the complexities of this love-hate relationship that the Arab world has with the West.
Jehane Noujaim- My wish- A global day of film - TED Talk.mp4	00:12:04	In the United States, I was blown away by the...
Jehane Noujaim- My wish- A global day of film - TED Talk.mp4	00:12:09	The motivations, the positive motivations of the American people when they'd see this film.
Jehane Noujaim- My wish- A global day of film - TED Talk.mp4	00:12:14	We're criticized abroad for feeling like we're believing we're the saviors of the world in some way.
Jehane Noujaim- My wish- A global day of film - TED Talk.mp4	00:12:20	But the flip side of it is that actually when people do see what is happening abroad and people's reactions to some of our policy abroad,
Jehane Noujaim- My wish- A global day of film - TED Talk.mp4	00:12:28	we feel this power that we need to...
Jehane Noujaim- My wish- A global day of film - TED Talk.mp4	00:12:30	We feel like we have to get the power to change things.
Jehane Noujaim- My wish- A global day of film - TED Talk.mp4	00:12:33	And I saw this with audiences.
Jehane Noujaim- My wish- A global day of film - TED Talk.mp4	00:12:34	This one woman came up to me after the screening and said,
Jehane Noujaim- My wish- A global day of film - TED Talk.mp4	00:12:38	You know...
Jehane Noujaim- My wish- A global day of film - TED Talk.mp4	00:12:39	I know this is crazy.
Jehane Noujaim- My wish- A global day of film - TED Talk.mp4	00:12:40	I saw the bombs being loaded on the planes.
Jehane Noujaim- My wish- A global day of film - TED Talk.mp4	00:12:42	I saw the military going out to war.
Jehane Noujaim- My wish- A global day of film - TED Talk.mp4	00:12:44	But you don't understand people's anger towards us until you see the people in the hospitals and the victims of the war.
Jehane Noujaim- My wish- A global day of film - TED Talk.mp4	00:12:50	And how do we get out of this bubble?
Jehane Noujaim- My wish- A global day of film - TED Talk.mp4	00:12:52	How do we understand what the other person is thinking?
Jehane Noujaim- My wish- A global day of film - TED Talk.mp4	00:12:57	Now, I don't know whether a film can change the world.
Jehane Noujaim- My wish- A global day of film - TED Talk.mp4	00:13:01	But I know that it starts...
Jehane Noujaim- My wish- A global day of film - TED Talk.mp4	00:13:03	I know the power of it.
Jehane Noujaim- My wish- A global day of film - TED Talk.mp4	00:13:04	I know that it starts people thinking about how to change the world.
Jehane Noujaim- My wish- A global day of film - TED Talk.mp4	00:13:08	Now, I'm not...
Jehane Noujaim- My wish- A global day of film - TED Talk.mp4	00:13:09	I'm not a philosopher.
Jehane Noujaim- My wish- A global day of film - TED Talk.mp4	00:13:10	So I feel like I shouldn't go into great depth on this.
Jehane Noujaim- My wish- A global day of film - TED Talk.mp4	00:13:12	But let film speak for itself and take you to this other world.
Jehane Noujaim- My wish- A global day of film - TED Talk.mp4	00:13:16	Because I believe that film has the ability to take you across borders,
Jehane Noujaim- My wish- A global day of film - TED Talk.mp4	00:13:20	I'd like you to just sit back and experience for a couple minutes being taken into another world.
Jehane Noujaim- My wish- A global day of film - TED Talk.mp4	00:13:26	And these couple clips take you inside of two of the most difficult conflicts that we're faced with today.
Jehane Noujaim- My wish- A global day of film - TED Talk.mp4	00:13:49	catch upthat
Jehane Noujaim- My wish- A global day of film - TED Talk.mp4	00:13:50	
Jehane Noujaim- My wish- A global day of film - TED Talk.mp4	00:13:50	start
Jehane Noujaim- My wish- A global day of film - TED Talk.mp4	00:13:51	k
Jehane Noujaim- My wish- A global day of film - TED Talk.mp4	00:13:51	subscribing
Jehane Noujaim- My wish- A global day of film - TED Talk.mp4	00:13:52	for video
Jehane Noujaim- My wish- A global day of film - TED Talk.mp4	00:13:53	is
Jehane Noujaim- My wish- A global day of film - TED Talk.mp4	00:13:54	always
Jehane Noujaim- My wish- A global day of film - TED Talk.mp4	00:13:55	free
Jehane Noujaim- My wish- A global day of film - TED Talk.mp4	00:13:55	version
Jehane Noujaim- My wish- A global day of film - TED Talk.mp4	00:13:55	absurd
Jehane Noujaim- My wish- A global day of film - TED Talk.mp4	00:13:57	housekeeping
Jehane Noujaim- My wish- A global day of film - TED Talk.mp4	00:13:58	hing
Jehane Noujaim- My wish- A global day of film - TED Talk.mp4	00:13:58	p
Jehane Noujaim- My wish- A global day of film - TED Talk.mp4	00:14:01	При
Jehane Noujaim- My wish- A global day of film - TED Talk.mp4	00:14:01	
Jehane Noujaim- My wish- A global day of film - TED Talk.mp4	00:14:01	You Will Always Be Part of The Time Weaval?
Jehane Noujaim- My wish- A global day of film - TED Talk.mp4	00:14:08	We will die. We will always have the jinn, God willing.
Jehane Noujaim- My wish- A global day of film - TED Talk.mp4	00:14:10	There is no jinn.
Jehane Noujaim- My wish- A global day of film - TED Talk.mp4	00:14:11	Let me think about it.
Jehane Noujaim- My wish- A global day of film - TED Talk.mp4	00:14:13	May God forgive you.
Jehane Noujaim- My wish- A global day of film - TED Talk.mp4	00:14:15	May God forgive you.
Jehane Noujaim- My wish- A global day of film - TED Talk.mp4	00:14:17	I hope you are not Abu Azam's daughter.
Jehane Noujaim- My wish- A global day of film - TED Talk.mp4	00:14:23	I prefer to have a jinn in my head.
Jehane Noujaim- My wish- A global day of film - TED Talk.mp4	00:14:25	Because I live the hellish life we live.
Jehane Noujaim- My wish- A global day of film - TED Talk.mp4	00:14:29	We are dead to life.
Jehane Noujaim- My wish- A global day of film - TED Talk.mp4	00:14:33	I will take you to death, except the reddest of them.
Jehane Noujaim- My wish- A global day of film - TED Talk.mp4	00:14:36	What about us?
Jehane Noujaim- My wish- A global day of film - TED Talk.mp4	00:14:37	What do you think?
Jehane Noujaim- My wish- A global day of film - TED Talk.mp4	00:14:39	We will gain something from the operations?
Jehane Noujaim- My wish- A global day of film - TED Talk.mp4	00:14:42	You don't see what you want to do?
Jehane Noujaim- My wish- A global day of film - TED Talk.mp4	00:14:45	They are destroying us all.
Jehane Noujaim- My wish- A global day of film - TED Talk.mp4	00:14:47	And I will send Israel a plan to complete its project.
Jehane Noujaim- My wish- A global day of film - TED Talk.mp4	00:14:51	If there is no plan, Israel will stop its project.
Jehane Noujaim- My wish- A global day of film - TED Talk.mp4	00:14:53	It is possible.
Jehane Noujaim- My wish- A global day of film - TED Talk.mp4	00:14:55	If we can turn the battle into a moral battle.
Jehane Noujaim- My wish- A global day of film - TED Talk.mp4	00:14:58	I don't understand how you want to turn the battle into a moral battle.
Jehane Noujaim- My wish- A global day of film - TED Talk.mp4	00:15:00	Israel has no morals.
Jehane Noujaim- My wish- A global day of film - TED Talk.mp4	00:15:01	You are lying.
Jehane Noujaim- My wish- A global day of film - TED Talk.mp4	00:15:01	You are lying.
Jehane Noujaim- My wish- A global day of film - TED Talk.mp4	00:15:02	You are lying.
Jehane Noujaim- My wish- A global day of film - TED Talk.mp4	00:15:19	I am corrupt.
Jehane Noujaim- My wish- A global day of film - TED Talk.mp4	00:15:21	Don't believe your ends.
Jehane Noujaim- My wish- A global day of film - TED Talk.mp4	00:15:22	
Jehane Noujaim- My wish- A global day of film - TED Talk.mp4	00:15:35	One, two, three, no call.
Jehane Noujaim- My wish- A global day of film - TED Talk.mp4	00:15:37	I said, yes, it's your daughter.
Jehane Noujaim- My wish- A global day of film - TED Talk.mp4	00:15:39	It's my daughter.
Jehane Noujaim- My wish- A global day of film - TED Talk.mp4	00:15:40	She said, are you sure she's dead?
Jehane Noujaim- My wish- A global day of film - TED Talk.mp4	00:15:43	I said, yes.
Jehane Noujaim- My wish- A global day of film - TED Talk.mp4	00:15:51	On the day we were in Lachadet, it was 6.30.
Jehane Noujaim- My wish- A global day of film - TED Talk.mp4	00:15:55	Me, my wife and my daughters were in the car.
Jehane Noujaim- My wish- A global day of film - TED Talk.mp4	00:15:58	We were going to buy some groceries from the supermarket.
Jehane Noujaim- My wish- A global day of film - TED Talk.mp4	00:16:04	When we got here, we saw three jeeps standing on the side of the street.
Jehane Noujaim- My wish- A global day of film - TED Talk.mp4	00:16:09	Where are these cars?
Jehane Noujaim- My wish- A global day of film - TED Talk.mp4	00:16:10	They were parked here on the side of the street.
Jehane Noujaim- My wish- A global day of film - TED Talk.mp4	00:16:14	When we got to the first jeep, they started firing on us from the left.
Jehane Noujaim- My wish- A global day of film - TED Talk.mp4	00:16:20	My daughter, Christine, is 12 years old.
Jehane Noujaim- My wish- A global day of film - TED Talk.mp4	00:16:23	She was killed in this accident.
Jehane Noujaim- My wish- A global day of film - TED Talk.mp4	00:16:36	I am the headmaster for all parts.
Jehane Noujaim- My wish- A global day of film - TED Talk.mp4	00:16:38	But I have...
Jehane Noujaim- My wish- A global day of film - TED Talk.mp4	00:16:39	But he's a teacher. He's in charge.
Jehane Noujaim- My wish- A global day of film - TED Talk.mp4	00:16:41	Yes. I have assistance.
Jehane Noujaim- My wish- A global day of film - TED Talk.mp4	00:16:43	I deal with children all the time.
Jehane Noujaim- My wish- A global day of film - TED Talk.mp4	00:16:52	At first, it was a strange idea.
Jehane Noujaim- My wish- A global day of film - TED Talk.mp4	00:16:56	After thinking logically,
Jehane Noujaim- My wish- A global day of film - TED Talk.mp4	00:17:00	I didn't find any objection to the agreement.
Jehane Noujaim- My wish- A global day of film - TED Talk.mp4	00:17:06	We were very much convinced that we would meet,
Jehane Noujaim- My wish- A global day of film - TED Talk.mp4	00:17:08	and understand each other,
Jehane Noujaim- My wish- A global day of film - TED Talk.mp4	00:17:10	and understand each other's situation.
Jehane Noujaim- My wish- A global day of film - TED Talk.mp4	00:17:12	There were many things that made me feel.
Jehane Noujaim- My wish- A global day of film - TED Talk.mp4	00:17:15	We see that there are Palestinians who have suffered a lot,
Jehane Noujaim- My wish- A global day of film - TED Talk.mp4	00:17:19	lost children,
Jehane Noujaim- My wish- A global day of film - TED Talk.mp4	00:17:20	and believe in the path of peace,
Jehane Noujaim- My wish- A global day of film - TED Talk.mp4	00:17:22	and believe in a miracle.
Jehane Noujaim- My wish- A global day of film - TED Talk.mp4	00:17:24	We believe that we lost the most precious thing.
Jehane Noujaim- My wish- A global day of film - TED Talk.mp4	00:17:26	We can talk to each other,
Jehane Noujaim- My wish- A global day of film - TED Talk.mp4	00:17:28	and see better days.
Jehane Noujaim- My wish- A global day of film - TED Talk.mp4	00:17:31	So all the other people who didn't experience it,
Jehane Noujaim- My wish- A global day of film - TED Talk.mp4	00:17:33	they must experience it.
Jehane Noujaim- My wish- A global day of film - TED Talk.mp4	00:17:33	And it's clear that they must.
Jehane Noujaim- My wish- A global day of film - TED Talk.mp4	00:18:03	People will be like,
Jehane Noujaim- My wish- A global day of film - TED Talk.mp4	00:18:03	Dad,
Jehane Noujaim- My wish- A global day of film - TED Talk.mp4	00:18:04	I know where you niggas are coming from.
Jehane Noujaim- My wish- A global day of film - TED Talk.mp4	00:18:06	I know where you guys are coming from.
Jehane Noujaim- My wish- A global day of film - TED Talk.mp4	00:18:08	They come from death and
Jehane Noujaim- My wish- A global day of film - TED Talk.mp4	00:18:11	It's about the liberation struggle.
Jehane Noujaim- My wish- A global day of film - TED Talk.mp4	00:18:14	It's about those children who took to the streets.
Jehane Noujaim- My wish- A global day of film - TED Talk.mp4	00:18:18	Fighting, screaming,
Jehane Noujaim- My wish- A global day of film - TED Talk.mp4	00:18:20	free Nelson Mandela.
Jehane Noujaim- My wish- A global day of film - TED Talk.mp4	00:18:22	It's about those unions who put down their tools
Jehane Noujaim- My wish- A global day of film - TED Talk.mp4	00:18:27	and demanded freedom.
Jehane Noujaim- My wish- A global day of film - TED Talk.mp4	00:18:29	It's Oboya.
Jehane Noujaim- My wish- A global day of film - TED Talk.mp4	00:18:30	Yes,
Jehane Noujaim- My wish- A global day of film - TED Talk.mp4	00:18:31	Yebo.
Jehane Noujaim- My wish- A global day of film - TED Talk.mp4	00:18:32	Yes.
Jehane Noujaim- My wish- A global day of film - TED Talk.mp4	00:18:43	I think everybody's had that feeling of sitting in a theater in a dark room with other strangers
Jehane Noujaim- My wish- A global day of film - TED Talk.mp4	00:18:50	watching a very powerful film and they felt that feeling of transformation.
Jehane Noujaim- My wish- A global day of film - TED Talk.mp4	00:18:55	And what I'm talking about is, what I'd like to talk about is, how can we use that feeling
Jehane Noujaim- My wish- A global day of film - TED Talk.mp4	00:19:01	to actually create a movement through film?
Jehane Noujaim- My wish- A global day of film - TED Talk.mp4	00:19:06	There's a, I mean, I've been listening to the talks in some of the conference
Jehane Noujaim- My wish- A global day of film - TED Talk.mp4	00:19:10	and Robert Wright said yesterday that if we have an appreciation for another person's humanity,
Jehane Noujaim- My wish- A global day of film - TED Talk.mp4	00:19:16	then they will have an appreciation for ours.
Jehane Noujaim- My wish- A global day of film - TED Talk.mp4	00:19:18	And that's what this is about.
Jehane Noujaim- My wish- A global day of film - TED Talk.mp4	00:19:20	It's about connecting people through film, getting these independent voices out there.
Jehane Noujaim- My wish- A global day of film - TED Talk.mp4	00:19:26	Now, Josh Rushing actually ended up leaving the Midwest.
Jehane Noujaim- My wish- A global day of film - TED Talk.mp4	00:19:31	He's in the military and taking a job with Al Jazeera.
Jehane Noujaim- My wish- A global day of film - TED Talk.mp4	00:19:33	So his feeling is that he's going to, it's Al Jazeera International,
Jehane Noujaim- My wish- A global day of film - TED Talk.mp4	00:19:38	because he feels like he can actually use media to bridge the gap between East and West.
Jehane Noujaim- My wish- A global day of film - TED Talk.mp4	00:19:44	And that's an amazing thing.
Jehane Noujaim- My wish- A global day of film - TED Talk.mp4	00:19:46	But I've been trying to think about ways to give power to these independent voices,
Jehane Noujaim- My wish- A global day of film - TED Talk.mp4	00:19:52	to give power to the filmmakers, to give power to people who are trying to use film for change.
Jehane Noujaim- My wish- A global day of film - TED Talk.mp4	00:19:58	And there are incredible organizations that are out there,
Jehane Noujaim- My wish- A global day of film - TED Talk.mp4	00:20:01	doing this already.
Jehane Noujaim- My wish- A global day of film - TED Talk.mp4	00:20:02	There's Witness, that you heard from earlier.
Jehane Noujaim- My wish- A global day of film - TED Talk.mp4	00:20:05	There's Just Vision, that are working with Palestinians and Israelis
Jehane Noujaim- My wish- A global day of film - TED Talk.mp4	00:20:08	who are working together for peace and documenting that process
Jehane Noujaim- My wish- A global day of film - TED Talk.mp4	00:20:12	and getting interviews out there and using this film to take to Congress
Jehane Noujaim- My wish- A global day of film - TED Talk.mp4	00:20:16	to show that it's a powerful tool to show that this is a woman
Jehane Noujaim- My wish- A global day of film - TED Talk.mp4	00:20:20	who's had her daughter killed in an attack
Jehane Noujaim- My wish- A global day of film - TED Talk.mp4	00:20:22	and she believes that there are peaceful ways to solve this.
Jehane Noujaim- My wish- A global day of film - TED Talk.mp4	00:20:25	There's working films and there's Current TV,
Jehane Noujaim- My wish- A global day of film - TED Talk.mp4	00:20:29	which is an incredible platform.
Jehane Noujaim- My wish- A global day of film - TED Talk.mp4	00:20:31	It's a platform for people around the world to be able to put their,
Jehane Noujaim- My wish- A global day of film - TED Talk.mp4	00:20:34	yeah, I mean it's amazing.
Jehane Noujaim- My wish- A global day of film - TED Talk.mp4	00:20:36	I watched it and I'm just, I'm blown away by it
Jehane Noujaim- My wish- A global day of film - TED Talk.mp4	00:20:40	and its potential to bring voices from around the world,
Jehane Noujaim- My wish- A global day of film - TED Talk.mp4	00:20:43	independent voices from around the world
Jehane Noujaim- My wish- A global day of film - TED Talk.mp4	00:20:45	and create a truly democratic global television.
Jehane Noujaim- My wish- A global day of film - TED Talk.mp4	00:20:48	So what can we do to create a platform for these organizations
Jehane Noujaim- My wish- A global day of film - TED Talk.mp4	00:20:52	to create some momentum, to get everybody in the world involved in this movement?
Jehane Noujaim- My wish- A global day of film - TED Talk.mp4	00:20:59	I'd like for us to imagine for a second,
Jehane Noujaim- My wish- A global day of film - TED Talk.mp4	00:21:04	imagine a day when you have everyone coming together from around the world.
Jehane Noujaim- My wish- A global day of film - TED Talk.mp4	00:21:11	You have towns and villages and theaters all from around the world
Jehane Noujaim- My wish- A global day of film - TED Talk.mp4	00:21:21	getting together and sitting in the dark and sharing a communal experience
Jehane Noujaim- My wish- A global day of film - TED Talk.mp4	00:21:26	that is so powerful.
Jehane Noujaim- My wish- A global day of film - TED Talk.mp4	00:21:27	Of watching a film, or a couple films together.
Jehane Noujaim- My wish- A global day of film - TED Talk.mp4	00:21:32	Watching a film which maybe highlights a character that is fighting to live
Jehane Noujaim- My wish- A global day of film - TED Talk.mp4	00:21:37	or just a character that defies stereotypes, makes a joke, sings a song,
Jehane Noujaim- My wish- A global day of film - TED Talk.mp4	00:21:43	comedies, documentaries, shorts.
Jehane Noujaim- My wish- A global day of film - TED Talk.mp4	00:21:45	This amazing power can be used to change people and to bond people together,
Jehane Noujaim- My wish- A global day of film - TED Talk.mp4	00:21:49	to cross borders and have people feel like they're having a communal experience.
Jehane Noujaim- My wish- A global day of film - TED Talk.mp4	00:21:54	So if you imagine this day when all around the world,
Jehane Noujaim- My wish- A global day of film - TED Talk.mp4	00:21:57	you have theaters from around the world and places where we project films.
Jehane Noujaim- My wish- A global day of film - TED Talk.mp4	00:22:03	If you imagine projecting from Times Square to Tahrir Square in Cairo,
Jehane Noujaim- My wish- A global day of film - TED Talk.mp4	00:22:09	the same film in Ramallah, the same film in Jerusalem.
Jehane Noujaim- My wish- A global day of film - TED Talk.mp4	00:22:13	You know, we could even use, I've been talking to a friend of mine
Jehane Noujaim- My wish- A global day of film - TED Talk.mp4	00:22:16	about using the side of the Great Pyramid and the Great Wall of China.
Jehane Noujaim- My wish- A global day of film - TED Talk.mp4	00:22:23	It's endless, what you can imagine in terms of where we are,
Jehane Noujaim- My wish- A global day of film - TED Talk.mp4	00:22:27	where you can project films and where you can have this communal experience.
Jehane Noujaim- My wish- A global day of film - TED Talk.mp4	00:22:31	And I believe that this one day, if we can create it,
Jehane Noujaim- My wish- A global day of film - TED Talk.mp4	00:22:34	this one day can create momentum for all of these independent voices.
Jehane Noujaim- My wish- A global day of film - TED Talk.mp4	00:22:38	There isn't an organization which is connecting the independent voices of the world
Jehane Noujaim- My wish- A global day of film - TED Talk.mp4	00:22:44	to get out there.
Jehane Noujaim- My wish- A global day of film - TED Talk.mp4	00:22:45	And yet I'm hearing throughout this conference that the biggest danger in our future
Jehane Noujaim- My wish- A global day of film - TED Talk.mp4	00:22:49	is understanding the other and having mutual respect for the other and crossing borders.
Jehane Noujaim- My wish- A global day of film - TED Talk.mp4	00:22:55	And if film can do that,
Jehane Noujaim- My wish- A global day of film - TED Talk.mp4	00:22:57	and if we can get all of these different locations in the world
Jehane Noujaim- My wish- A global day of film - TED Talk.mp4	00:23:00	to watch these films together,
Jehane Noujaim- My wish- A global day of film - TED Talk.mp4	00:23:02	this could be an incredible day.
Jehane Noujaim- My wish- A global day of film - TED Talk.mp4	00:23:05	So we've already made a partnership actually,
Jehane Noujaim- My wish- A global day of film - TED Talk.mp4	00:23:08	set up through a TED, somebody from the TED community.
Jehane Noujaim- My wish- A global day of film - TED Talk.mp4	00:23:12	John came and introduced me to Steven Avcon from the Jacob Burns Film Center.
Jehane Noujaim- My wish- A global day of film - TED Talk.mp4	00:23:18	And we started calling up everybody.
Jehane Noujaim- My wish- A global day of film - TED Talk.mp4	00:23:20	And in the last week, there have been so many people that have responded to us.
Jehane Noujaim- My wish- A global day of film - TED Talk.mp4	00:23:25	From as close as possible,
Jehane Noujaim- My wish- A global day of film - TED Talk.mp4	00:23:27	to the people of Palo Alto, to Mongolia, and to India.
Jehane Noujaim- My wish- A global day of film - TED Talk.mp4	00:23:30	There are people that want to be a part of this global day of film.
Jehane Noujaim- My wish- A global day of film - TED Talk.mp4	00:23:34	To be able to provide a platform for independent voices and independent films to get out there.
Jehane Noujaim- My wish- A global day of film - TED Talk.mp4	00:23:42	Now we've thought about a name for this day.
Jehane Noujaim- My wish- A global day of film - TED Talk.mp4	00:23:46	And I'd like to share this with you.
Jehane Noujaim- My wish- A global day of film - TED Talk.mp4	00:23:48	Now the most amazing part of this whole process has been sharing ideas and wishes.
Jehane Noujaim- My wish- A global day of film - TED Talk.mp4	00:23:54	And so I invite you to give brainstorms on top of that.
Jehane Noujaim- My wish- A global day of film - TED Talk.mp4	00:23:57	How does this day echo into the future?
Jehane Noujaim- My wish- A global day of film - TED Talk.mp4	00:24:01	How do we use technology to make this day echo into the future
Jehane Noujaim- My wish- A global day of film - TED Talk.mp4	00:24:05	so that we can build community and have these communities working together through the internet?
Jehane Noujaim- My wish- A global day of film - TED Talk.mp4	00:24:12	There was a time many, many years ago when all of the continents were stuck together.
Jehane Noujaim- My wish- A global day of film - TED Talk.mp4	00:24:18	And we call that land mass Pangea.
Jehane Noujaim- My wish- A global day of film - TED Talk.mp4	00:24:21	So what we'd like to call this day of film is Pangea Cinema Day.
Jehane Noujaim- My wish- A global day of film - TED Talk.mp4	00:24:26	And if you just imagine that all of these people in these towns would be watching,
Jehane Noujaim- My wish- A global day of film - TED Talk.mp4	00:24:32	then I think that we can actually really make a movement towards people understanding each other better.
Jehane Noujaim- My wish- A global day of film - TED Talk.mp4	00:24:38	I know that it's very intangible, touching people's hearts and souls.
Jehane Noujaim- My wish- A global day of film - TED Talk.mp4	00:24:42	But the only way that I know how to do it,
Jehane Noujaim- My wish- A global day of film - TED Talk.mp4	00:24:44	the only way that I know how to reach out to somebody's heart and soul all across the world,
Jehane Noujaim- My wish- A global day of film - TED Talk.mp4	00:24:50	is by showing them a film.
Jehane Noujaim- My wish- A global day of film - TED Talk.mp4	00:24:51	And I know that there are independent filmmakers and films out there
Jehane Noujaim- My wish- A global day of film - TED Talk.mp4	00:24:54	that can really make this happen.
Jehane Noujaim- My wish- A global day of film - TED Talk.mp4	00:24:57	And that's my wish.
Jehane Noujaim- My wish- A global day of film - TED Talk.mp4	00:24:58	So the wish that...
Jehane Noujaim- My wish- A global day of film - TED Talk.mp4	00:24:59	I guess I'm supposed to give you my one sentence wish,
Jehane Noujaim- My wish- A global day of film - TED Talk.mp4	00:25:04	but we're way out of time.
Jehane Noujaim- My wish- A global day of film - TED Talk.mp4	00:25:06	That is an incredible wish.
Jehane Noujaim- My wish- A global day of film - TED Talk.mp4	00:25:08	Pangea Cinema, the day the world comes together.
Jehane Noujaim- My wish- A global day of film - TED Talk.mp4	00:25:11	It's more tangible than world peace, and it's certainly more immediate.
Jehane Noujaim- My wish- A global day of film - TED Talk.mp4	00:25:15	But it's, yeah, it's the day...
Jehane Noujaim- My wish- A global day of film - TED Talk.mp4	00:25:17	It would be the day that the world comes together through film.
Jehane Noujaim- My wish- A global day of film - TED Talk.mp4	00:25:20	Ladies and gentlemen, Johanna Jay!
Jehane Noujaim- My wish- A global day of film - TED Talk.mp4	00:25:26	Thank you.
Johan Sverdrup - System 13 - Stigerør og.mp4	00:00:00	Her ser du system 13, stigerør og brønn topside.
Johan Sverdrup - System 13 - Stigerør og.mp4	00:00:06	Systemet 13 finnes kun på DP-plattformen og består av 30 produksjonsbrønner med strømningsrør, 10 injeksjonsbrønner og et brønnode kontrollpanel.
Johan Sverdrup - System 13 - Stigerør og.mp4	00:00:21	Brønnhodene og strømningsrørene er designet for å mota brønnstrømmer fra produksjonsbrønnene og for å overføre olje, gass og vann via produksjons- og testmanufoldene til fastetrinnseparatorne og testseparator på P1 og P2.
Johan Sverdrup - System 13 - Stigerør og.mp4	00:00:40	Brønnvesken strømmer fra reservoaret gjennom brønnen via ventiltreet og så gjennom en strupeventil før den når brønnsprønnen.
Johan Sverdrup - System 13 - Stigerør og.mp4	00:00:48	Brønnvesken strømmer fra reservoaret gjennom brønn og testseparator på P1 og P2.
Johan Sverdrup - System 13 - Stigerør og.mp4	00:01:21	Trykkutjevningsmanufold brukes til å utjevne trykket i strømningsrørene før oppstart.
Johan Sverdrup - System 13 - Stigerør og.mp4	00:01:28	Løftegass injiseres via juletreet i ringrom på produksjonsbrønnene.
Johan Sverdrup - System 13 - Stigerør og.mp4	00:01:35	Alle produksjonsbrønnene er utstyrt med flerfasemåler og sanddetektor og er tilkoblet et prøvetakningskabinett.
Johan Sverdrup - System 13 - Stigerør og.mp4	00:01:45	Brønnene er også utstyrt med innstyrt.
Johan Sverdrup - System 13 - Stigerør og.mp4	00:01:48	Brønnene er utstyrt med innstyrt.
Joshua Prince-Ramus- Behind the design of Seattle's library - TED Talk.mp4	00:03:46	Put those things whose evolution we could predict,
Joshua Prince-Ramus- Behind the design of Seattle's library - TED Talk.mp4	00:03:48	and I don't mean that we could say what would actually happen in the future,
Joshua Prince-Ramus- Behind the design of Seattle's library - TED Talk.mp4	00:03:51	but we have some certainty of the spectrum of what it would happen in the future,
Joshua Prince-Ramus- Behind the design of Seattle's library - TED Talk.mp4	00:03:55	put those in boxes designed specifically for it,
Joshua Prince-Ramus- Behind the design of Seattle's library - TED Talk.mp4	00:03:57	and put the things that we can't predict on their rooftops,
Joshua Prince-Ramus- Behind the design of Seattle's library - TED Talk.mp4	00:03:59	so that was the core idea.
Joshua Prince-Ramus- Behind the design of Seattle's library - TED Talk.mp4	00:04:02	Now we had to convince the library that social roles was equally important to media
Joshua Prince-Ramus- Behind the design of Seattle's library - TED Talk.mp4	00:04:08	in order to get them to accept this.
Joshua Prince-Ramus- Behind the design of Seattle's library - TED Talk.mp4	00:04:09	What you're seeing here is actually their program on the left.
Joshua Prince-Ramus- Behind the design of Seattle's library - TED Talk.mp4	00:04:12	That's as it was given to us in all of its clarity and glory.
Joshua Prince-Ramus- Behind the design of Seattle's library - TED Talk.mp4	00:04:16	Our first operation was to redigest it, or back to them, show it to them,
Joshua Prince-Ramus- Behind the design of Seattle's library - TED Talk.mp4	00:04:21	and say, you know what, we haven't touched it,
Joshua Prince-Ramus- Behind the design of Seattle's library - TED Talk.mp4	00:04:23	but only one third of your own program is dedicated to media and books.
Joshua Prince-Ramus- Behind the design of Seattle's library - TED Talk.mp4	00:04:26	Two thirds of it is already dedicated.
Joshua Prince-Ramus- Behind the design of Seattle's library - TED Talk.mp4	00:04:28	That's the white band below.
Joshua Prince-Ramus- Behind the design of Seattle's library - TED Talk.mp4	00:04:29	The thing you say isn't important is already dedicated to social functions.
Joshua Prince-Ramus- Behind the design of Seattle's library - TED Talk.mp4	00:04:33	So once we had presented that back to them,
Joshua Prince-Ramus- Behind the design of Seattle's library - TED Talk.mp4	00:04:36	they agreed that this sort of core concept could work.
Joshua Prince-Ramus- Behind the design of Seattle's library - TED Talk.mp4	00:04:38	We got the right to go back to first principles.
Joshua Prince-Ramus- Behind the design of Seattle's library - TED Talk.mp4	00:04:40	That's the third diagram.
Joshua Prince-Ramus- Behind the design of Seattle's library - TED Talk.mp4	00:04:41	We recombined everything.
Joshua Prince-Ramus- Behind the design of Seattle's library - TED Talk.mp4	00:04:43	And then we started making new decisions.
Joshua Prince-Ramus- Behind the design of Seattle's library - TED Talk.mp4	00:04:45	What you're seeing on the right is the design of the library,
Joshua Prince-Ramus- Behind the design of Seattle's library - TED Talk.mp4	00:04:47	specifically in terms of square footage.
Joshua Prince-Ramus- Behind the design of Seattle's library - TED Talk.mp4	00:04:49	On the left of that diagram here,
Joshua Prince-Ramus- Behind the design of Seattle's library - TED Talk.mp4	00:04:51	you'll see a series of five platforms, sort of combed collective programs.
Joshua Prince-Ramus- Behind the design of Seattle's library - TED Talk.mp4	00:04:57	And on the right of the more indeterminate spaces,
Joshua Prince-Ramus- Behind the design of Seattle's library - TED Talk.mp4	00:04:59	things like reading rooms whose evolution in 20, 30, 40 years we can't predict.
Joshua Prince-Ramus- Behind the design of Seattle's library - TED Talk.mp4	00:05:03	So that literally was the design of the building.
Joshua Prince-Ramus- Behind the design of Seattle's library - TED Talk.mp4	00:05:06	They signed it to their chagrin.
Joshua Prince-Ramus- Behind the design of Seattle's library - TED Talk.mp4	00:05:08	We came back a week later and we presented them this.
Joshua Prince-Ramus- Behind the design of Seattle's library - TED Talk.mp4	00:05:11	And as you can see, it is literally the diagram on the right.
Joshua Prince-Ramus- Behind the design of Seattle's library - TED Talk.mp4	00:05:13	We just sized...
Joshua Prince-Ramus- Behind the design of Seattle's library - TED Talk.mp4	00:05:15	Really, I mean that literally.
Joshua Prince-Ramus- Behind the design of Seattle's library - TED Talk.mp4	00:05:17	The things on the left-hand side of the diagram, those are the boxes.
Joshua Prince-Ramus- Behind the design of Seattle's library - TED Talk.mp4	00:05:21	We sized them into five compartments.
Joshua Prince-Ramus- Behind the design of Seattle's library - TED Talk.mp4	00:05:23	They're super efficient.
Joshua Prince-Ramus- Behind the design of Seattle's library - TED Talk.mp4	00:05:24	We had a very low budget to work with.
Joshua Prince-Ramus- Behind the design of Seattle's library - TED Talk.mp4	00:05:25	We pushed them around on the site to make very literal contextual relationships.
Joshua Prince-Ramus- Behind the design of Seattle's library - TED Talk.mp4	00:05:29	The reading room should be able to see the water.
Joshua Prince-Ramus- Behind the design of Seattle's library - TED Talk.mp4	00:05:31	The main entrance should have a public plaza in front of it
Joshua Prince-Ramus- Behind the design of Seattle's library - TED Talk.mp4	00:05:35	to abide by the zoning code and so forth.
Joshua Prince-Ramus- Behind the design of Seattle's library - TED Talk.mp4	00:05:37	So you see the five platforms.
Joshua Prince-Ramus- Behind the design of Seattle's library - TED Talk.mp4	00:05:39	Those are the boxes.
Joshua Prince-Ramus- Behind the design of Seattle's library - TED Talk.mp4	00:05:40	Within each one, a very discrete thing is happening.
Joshua Prince-Ramus- Behind the design of Seattle's library - TED Talk.mp4	00:05:42	The area in between is sort of an urban continuum.
Joshua Prince-Ramus- Behind the design of Seattle's library - TED Talk.mp4	00:05:45	These things that we can't predict their evolution to the same degree.
Joshua Prince-Ramus- Behind the design of Seattle's library - TED Talk.mp4	00:05:48	To give you some sense of the power of this idea,
Joshua Prince-Ramus- Behind the design of Seattle's library - TED Talk.mp4	00:05:51	the biggest block is what we call the book spiral.
Joshua Prince-Ramus- Behind the design of Seattle's library - TED Talk.mp4	00:05:54	It's literally built in a very inexpensive way.
Joshua Prince-Ramus- Behind the design of Seattle's library - TED Talk.mp4	00:05:56	It is a parking garage for books.
Joshua Prince-Ramus- Behind the design of Seattle's library - TED Talk.mp4	00:05:59	It just so happens to be on the sixth through tenth floor of the building,
Joshua Prince-Ramus- Behind the design of Seattle's library - TED Talk.mp4	00:06:02	but that is not necessarily an expensive approach.
Joshua Prince-Ramus- Behind the design of Seattle's library - TED Talk.mp4	00:06:05	And it allows us to organize the entire Dewey Decimal System on one continuous run.
Joshua Prince-Ramus- Behind the design of Seattle's library - TED Talk.mp4	00:06:10	No matter how it grows or contracts within the building,
Joshua Prince-Ramus- Behind the design of Seattle's library - TED Talk.mp4	00:06:13	it will always have its clarity
Joshua Prince-Ramus- Behind the design of Seattle's library - TED Talk.mp4	00:06:15	to end the sort of trail of tears that we've all experienced in public libraries.
Joshua Prince-Ramus- Behind the design of Seattle's library - TED Talk.mp4	00:06:20	And so this was the final operation,
Joshua Prince-Ramus- Behind the design of Seattle's library - TED Talk.mp4	00:06:22	which was to take these blocks that were all pushed off kilter
Al Gore- Averting the climate crisis - TED Talk.mp4	00:06:55	But I wanted to elaborate on a couple of these.
Al Gore- Averting the climate crisis - TED Talk.mp4	00:06:57	First of all, this is where we're projected to go
Al Gore- Averting the climate crisis - TED Talk.mp4	00:07:00	with the U.S. contribution to global warming under business as usual.
Al Gore- Averting the climate crisis - TED Talk.mp4	00:07:05	Efficiency in end-use electricity and end-use of all energy is the low-hanging fruit.
Al Gore- Averting the climate crisis - TED Talk.mp4	00:07:11	Efficiency in end-use electricity is the low-hanging fruit.
Al Gore- Averting the climate crisis - TED Talk.mp4	00:07:12	Efficiency in conservation.
Al Gore- Averting the climate crisis - TED Talk.mp4	00:07:13	It's not a cost. It's a profit.
Al Gore- Averting the climate crisis - TED Talk.mp4	00:07:16	The sign is wrong.
Al Gore- Averting the climate crisis - TED Talk.mp4	00:07:18	It's not negative. It's positive.
Al Gore- Averting the climate crisis - TED Talk.mp4	00:07:21	These are investments that pay for themselves,
Al Gore- Averting the climate crisis - TED Talk.mp4	00:07:24	but they are also very effective in deflecting our path.
Al Gore- Averting the climate crisis - TED Talk.mp4	00:07:29	Cars and trucks.
Al Gore- Averting the climate crisis - TED Talk.mp4	00:07:31	I talked about that in the slideshow,
Al Gore- Averting the climate crisis - TED Talk.mp4	00:07:32	but I want you to put it in perspective.
Al Gore- Averting the climate crisis - TED Talk.mp4	00:07:36	It's an easy, visible target of concern, and it should be,
Al Gore- Averting the climate crisis - TED Talk.mp4	00:07:42	but it's not.
Al Gore- Averting the climate crisis - TED Talk.mp4	00:07:42	But there is more global warming pollution that comes from buildings
Al Gore- Averting the climate crisis - TED Talk.mp4	00:07:46	than from cars and trucks.
Al Gore- Averting the climate crisis - TED Talk.mp4	00:07:49	Cars and trucks are very significant,
Al Gore- Averting the climate crisis - TED Talk.mp4	00:07:51	and we have the lowest standards in the world,
Al Gore- Averting the climate crisis - TED Talk.mp4	00:07:54	and so we should address that, but it's part of the puzzle.
Al Gore- Averting the climate crisis - TED Talk.mp4	00:07:57	Other transportation efficiency is as important as cars and trucks.
Al Gore- Averting the climate crisis - TED Talk.mp4	00:08:03	Renewables at the current levels of technological efficiency
Al Gore- Averting the climate crisis - TED Talk.mp4	00:08:07	can make this much difference,
Al Gore- Averting the climate crisis - TED Talk.mp4	00:08:09	and with what Vinod and some...
Al Gore- Averting the climate crisis - TED Talk.mp4	00:08:12	John Doerr and others, many of you here,
Al Gore- Averting the climate crisis - TED Talk.mp4	00:08:15	a lot of people directly involved in this,
Al Gore- Averting the climate crisis - TED Talk.mp4	00:08:17	this wedge is going to grow much more rapidly
Al Gore- Averting the climate crisis - TED Talk.mp4	00:08:20	than the current projection shows it.
Al Gore- Averting the climate crisis - TED Talk.mp4	00:08:22	Carbon capture and sequestration,
Al Gore- Averting the climate crisis - TED Talk.mp4	00:08:25	that's what CCS stands for,
Al Gore- Averting the climate crisis - TED Talk.mp4	00:08:28	is likely to become the killer app
Al Gore- Averting the climate crisis - TED Talk.mp4	00:08:32	that will enable us to continue to use fossil fuels
Al Gore- Averting the climate crisis - TED Talk.mp4	00:08:38	in a way that is safe.
Al Gore- Averting the climate crisis - TED Talk.mp4	00:08:42	Not quite there yet.
Al Gore- Averting the climate crisis - TED Talk.mp4	00:08:44	Okay, now, what can you do?
Al Gore- Averting the climate crisis - TED Talk.mp4	00:08:49	Reduce emissions in your home.
Al Gore- Averting the climate crisis - TED Talk.mp4	00:08:52	Most of these expenditures are also profitable.
Al Gore- Averting the climate crisis - TED Talk.mp4	00:08:57	Insulation, better design, buy green electricity where you can.
Al Gore- Averting the climate crisis - TED Talk.mp4	00:09:02	I mentioned automobiles, buy a hybrid, use light rail.
Al Gore- Averting the climate crisis - TED Talk.mp4	00:09:09	Figure out some of the other options that are much better.
Al Gore- Averting the climate crisis - TED Talk.mp4	00:09:11	It's important.
Al Gore- Averting the climate crisis - TED Talk.mp4	00:09:13	Be a green consumer.
Al Gore- Averting the climate crisis - TED Talk.mp4	00:09:15	You have choices with everything you buy
Al Gore- Averting the climate crisis - TED Talk.mp4	00:09:18	between things that have a harsh effect
Al Gore- Averting the climate crisis - TED Talk.mp4	00:09:21	or a much less harsh effect on the global climate crisis.
Al Gore- Averting the climate crisis - TED Talk.mp4	00:09:28	Consider this.
Al Gore- Averting the climate crisis - TED Talk.mp4	00:09:29	Make a decision to live a carbon neutral life.
Al Gore- Averting the climate crisis - TED Talk.mp4	00:09:33	Those of you who are good at branding,
Al Gore- Averting the climate crisis - TED Talk.mp4	00:09:36	I'd love to get your advice and help on how to say this
Al Gore- Averting the climate crisis - TED Talk.mp4	00:09:40	in a way that is...
Al Gore- Averting the climate crisis - TED Talk.mp4	00:09:42	in a way that connects with the most people.
Al Gore- Averting the climate crisis - TED Talk.mp4	00:09:44	It is easier than you think.
Al Gore- Averting the climate crisis - TED Talk.mp4	00:09:46	It really is.
Al Gore- Averting the climate crisis - TED Talk.mp4	00:09:50	A lot of us in here have made that decision,
Al Gore- Averting the climate crisis - TED Talk.mp4	00:09:54	and it is really pretty easy.
Al Gore- Averting the climate crisis - TED Talk.mp4	00:09:56	It means reduce your carbon dioxide emissions
Al Gore- Averting the climate crisis - TED Talk.mp4	00:10:01	with the full range of choices that you make,
Al Gore- Averting the climate crisis - TED Talk.mp4	00:10:05	and then purchase or acquire offsets
Al Gore- Averting the climate crisis - TED Talk.mp4	00:10:08	for the remainder that you have not completely reduced.
Al Gore- Averting the climate crisis - TED Talk.mp4	00:10:12	And what it means is elaborated at climatecrisis.net.
Al Gore- Averting the climate crisis - TED Talk.mp4	00:10:19	There is a carbon calculator.
Al Gore- Averting the climate crisis - TED Talk.mp4	00:10:23	Participant Productions convened, with my active involvement,
Al Gore- Averting the climate crisis - TED Talk.mp4	00:10:28	the leading software writers in the world on this arcane science of carbon calculation
Al Gore- Averting the climate crisis - TED Talk.mp4	00:10:34	to construct a consumer-friendly carbon calculator.
Al Gore- Averting the climate crisis - TED Talk.mp4	00:10:38	You can very precisely calculate what your CO2 emissions are,
Al Gore- Averting the climate crisis - TED Talk.mp4	00:10:45	and then you will be given options to reduce,
Al Gore- Averting the climate crisis - TED Talk.mp4	00:10:49	and by the time the movie comes out in May,
Al Gore- Averting the climate crisis - TED Talk.mp4	00:10:52	this will be updated to 2.0,
Al Gore- Averting the climate crisis - TED Talk.mp4	00:10:54	and we will have click-through purchases of offsets.
Al Gore- Averting the climate crisis - TED Talk.mp4	00:10:58	Next, consider making your business carbon neutral.
Al Gore- Averting the climate crisis - TED Talk.mp4	00:11:01	Again, some of us have done that, and it's not as hard as you think.
Al Gore- Averting the climate crisis - TED Talk.mp4	00:11:07	Integrate climate solutions
Al Gore- Averting the climate crisis - TED Talk.mp4	00:11:08	into all of your innovations,
Al Gore- Averting the climate crisis - TED Talk.mp4	00:11:10	whether you are from the technology or entertainment
Al Gore- Averting the climate crisis - TED Talk.mp4	00:11:13	or design and architecture community.
Al Gore- Averting the climate crisis - TED Talk.mp4	00:11:16	Invest sustainably.
Al Gore- Averting the climate crisis - TED Talk.mp4	00:11:18	Majora mentioned this.
Al Gore- Averting the climate crisis - TED Talk.mp4	00:11:20	Listen, if you have invested money with managers
Al Gore- Averting the climate crisis - TED Talk.mp4	00:11:26	who you compensate on the basis of their annual performance,
Al Gore- Averting the climate crisis - TED Talk.mp4	00:11:29	don't ever again complain about quarterly report CEO management.
Al Gore- Averting the climate crisis - TED Talk.mp4	00:11:35	Over time, people do what you pay them to do.
Al Gore- Averting the climate crisis - TED Talk.mp4	00:11:39	And if they judge how much they're going to get paid
Al Gore- Averting the climate crisis - TED Talk.mp4	00:11:43	on your capital that they've invested based on the short-term returns,
Al Gore- Averting the climate crisis - TED Talk.mp4	00:11:49	you're going to get short-term decisions.
Al Gore- Averting the climate crisis - TED Talk.mp4	00:11:54	A lot more to be said about that.
Al Gore- Averting the climate crisis - TED Talk.mp4	00:11:55	Become a catalyst of change.
Al Gore- Averting the climate crisis - TED Talk.mp4	00:11:57	Teach others.
Al Gore- Averting the climate crisis - TED Talk.mp4	00:11:59	Learn about it.
Al Gore- Averting the climate crisis - TED Talk.mp4	00:12:00	Talk about it.
Al Gore- Averting the climate crisis - TED Talk.mp4	00:12:02	The movie comes out.
Al Gore- Averting the climate crisis - TED Talk.mp4	00:12:03	The movie is a movie version of the slideshow that I gave two nights ago,
Al Gore- Averting the climate crisis - TED Talk.mp4	00:12:07	except it's a lot more entertaining.
Al Gore- Averting the climate crisis - TED Talk.mp4	00:12:09	And it comes out in May.
Al Gore- Averting the climate crisis - TED Talk.mp4	00:12:12	Many of you here have the opportunity to ensure that a lot of people see it.
Al Gore- Averting the climate crisis - TED Talk.mp4	00:12:18	Consider sending somebody to Nashville.
Al Gore- Averting the climate crisis - TED Talk.mp4	00:12:22	Pick well.
Al Gore- Averting the climate crisis - TED Talk.mp4	00:12:24	And I am personally going to train people to give this slideshow,
Al Gore- Averting the climate crisis - TED Talk.mp4	00:12:29	repurposed with some of the personal stories,
Al Gore- Averting the climate crisis - TED Talk.mp4	00:12:32	obviously replaced with a generic approach.
Al Gore- Averting the climate crisis - TED Talk.mp4	00:12:35	And it's not just the slides.
Al Gore- Averting the climate crisis - TED Talk.mp4	00:12:38	It's what they mean.
Al Gore- Averting the climate crisis - TED Talk.mp4	00:12:38	And it's how they link together.
Al Gore- Averting the climate crisis - TED Talk.mp4	00:12:40	And so I'm going to be conducting a course this summer
Al Gore- Averting the climate crisis - TED Talk.mp4	00:12:44	for a group of people that are nominated by different folks to come
Al Gore- Averting the climate crisis - TED Talk.mp4	00:12:49	and then give it en masse in communities all across the country.
Al Gore- Averting the climate crisis - TED Talk.mp4	00:12:53	And we're going to update the slideshow for all of them every single week
Al Gore- Averting the climate crisis - TED Talk.mp4	00:12:58	to keep it right on the cutting edge.
Al Gore- Averting the climate crisis - TED Talk.mp4	00:13:00	Working with Larry Lessig, it will be somewhere in that process posted with tools
Al Gore- Averting the climate crisis - TED Talk.mp4	00:13:06	and limited use.
Al Gore- Averting the climate crisis - TED Talk.mp4	00:13:08	And we're going to introduce copyrights so that young people can remix it
Al Gore- Averting the climate crisis - TED Talk.mp4	00:13:13	and do it in their own way.
Al Gore- Averting the climate crisis - TED Talk.mp4	00:13:18	Where did anybody get the idea that you ought to stay arm's length from politics?
Al Gore- Averting the climate crisis - TED Talk.mp4	00:13:22	It doesn't mean that I'm trying to convince you,
Al Gore- Averting the climate crisis - TED Talk.mp4	00:13:23	if you're a Republican, that I'm trying to convince you to be a Democrat.
Al Gore- Averting the climate crisis - TED Talk.mp4	00:13:27	We need Republicans as well.
Al Gore- Averting the climate crisis - TED Talk.mp4	00:13:28	This used to be a bipartisan issue.
Al Gore- Averting the climate crisis - TED Talk.mp4	00:13:30	And I know that in this group it really is.
Al Gore- Averting the climate crisis - TED Talk.mp4	00:13:33	Become politically active.
Al Gore- Averting the climate crisis - TED Talk.mp4	00:13:34	Make our democracy work the way it's supposed to work.
Al Gore- Averting the climate crisis - TED Talk.mp4	00:13:38	Support the idea of capping carbon dioxide emissions,
Al Gore- Averting the climate crisis - TED Talk.mp4	00:13:43	global warming pollution, and trading it.
Al Gore- Averting the climate crisis - TED Talk.mp4	00:13:45	Here's why.
Al Gore- Averting the climate crisis - TED Talk.mp4	00:13:47	As long as the United States is out of the world system,
Al Gore- Averting the climate crisis - TED Talk.mp4	00:13:50	it's not a closed system.
Al Gore- Averting the climate crisis - TED Talk.mp4	00:13:51	Once it becomes a closed system, with U.S. participation,
Al Gore- Averting the climate crisis - TED Talk.mp4	00:13:55	then everybody who's on a board of directors...
Al Gore- Averting the climate crisis - TED Talk.mp4	00:13:58	How many people here serve on the board of directors of a corporation?
Al Gore- Averting the climate crisis - TED Talk.mp4	00:14:03	Once it's a closed system,
Al Gore- Averting the climate crisis - TED Talk.mp4	00:14:04	you will have legal liability if you do not urge your CEO
Al Gore- Averting the climate crisis - TED Talk.mp4	00:14:10	to get the maximum income from reducing and trading the carbon emissions that can be avoided.
Al Gore- Averting the climate crisis - TED Talk.mp4	00:14:16	The market will work to solve this problem
Al Gore- Averting the climate crisis - TED Talk.mp4	00:14:22	if we can accomplish this.
Al Gore- Averting the climate crisis - TED Talk.mp4	00:14:25	Help with the mass persuasion campaign that will start this spring.
Al Gore- Averting the climate crisis - TED Talk.mp4	00:14:29	We have to change the minds of the American people.
Al Gore- Averting the climate crisis - TED Talk.mp4	00:14:31	Because presently the politicians do not have permission
Al Gore- Averting the climate crisis - TED Talk.mp4	00:14:34	to do what needs to be done.
Al Gore- Averting the climate crisis - TED Talk.mp4	00:14:36	And in our modern country, the role of logic and reason
Al Gore- Averting the climate crisis - TED Talk.mp4	00:14:39	no longer includes mediating between wealth and power the way it once did.
Al Gore- Averting the climate crisis - TED Talk.mp4	00:14:45	It's now repetition of short, hot-button, 30-second, 28-second television ads.
Al Gore- Averting the climate crisis - TED Talk.mp4	00:14:50	We have to buy a lot of those ads.
Al Gore- Averting the climate crisis - TED Talk.mp4	00:14:53	Let's rebrand global warming, as many of you have suggested.
Al Gore- Averting the climate crisis - TED Talk.mp4	00:14:57	I like climate crisis instead of climate collapse.
Al Gore- Averting the climate crisis - TED Talk.mp4	00:15:00	But again, those of you who are good at branding,
Al Gore- Averting the climate crisis - TED Talk.mp4	00:15:02	I need your help on this.
Al Gore- Averting the climate crisis - TED Talk.mp4	00:15:04	Somebody said, the test we're facing now, a scientist told me,
Al Gore- Averting the climate crisis - TED Talk.mp4	00:15:09	is whether the combination of an opposable thumb and a neocortex
Al Gore- Averting the climate crisis - TED Talk.mp4	00:15:13	is a viable combination.
Al Gore- Averting the climate crisis - TED Talk.mp4	00:15:17	That's really true.
Al Gore- Averting the climate crisis - TED Talk.mp4	00:15:21	I said the other night, and I'll repeat now,
Al Gore- Averting the climate crisis - TED Talk.mp4	00:15:25	this is not a political issue.
Al Gore- Averting the climate crisis - TED Talk.mp4	00:15:26	Again, the Republicans here, this shouldn't be partisan.
Al Gore- Averting the climate crisis - TED Talk.mp4	00:15:32	You have more influence than me.
Al Gore- Averting the climate crisis - TED Talk.mp4	00:15:34	And some of us who are Democrats do.
Al Gore- Averting the climate crisis - TED Talk.mp4	00:15:36	This is an opportunity, not just this,
Al Gore- Averting the climate crisis - TED Talk.mp4	00:15:39	but connected to the ideas that are here,
Al Gore- Averting the climate crisis - TED Talk.mp4	00:15:42	to bring more coherence to them.
Al Gore- Averting the climate crisis - TED Talk.mp4	00:15:45	We are one.
Al Gore- Averting the climate crisis - TED Talk.mp4	00:15:47	Thank you very much. I appreciate it.
Comedy 1.mp4	00:00:00	The English language was created by English people.
Comedy 1.mp4	00:00:02	I don't know when, but we decided to get letters to form words so we can communicate.
Comedy 1.mp4	00:00:08	But we also decided to sprinkle, for no apparent reason, letters within these words.
Comedy 1.mp4	00:00:13	They're silent.
Comedy 1.mp4	00:00:14	Shhh! Forever.
Comedy 1.mp4	00:00:16	Why? Why?
Comedy 1.mp4	00:00:19	Like the word hour, for example.
Comedy 1.mp4	00:00:21	Why is the word hour spelt with an H?
Comedy 1.mp4	00:00:23	Why is there an H?
Comedy 1.mp4	00:00:25	The silent H!
Comedy 1.mp4	00:00:26	Nobody has ever said, I'll see you in a hour.
Comedy 1.mp4	00:00:29	I'll see you in a hour.
Comedy 1.mp4	00:00:31	I'm just going to pick up the sandwich.
Comedy 1.mp4	00:00:33	I'll be back in a hour.
Comedy 1.mp4	00:00:36	Half a hour.
Comedy 1.mp4	00:00:37	Half, even half, has an L in it.
Comedy 1.mp4	00:00:40	Half. Half a hour.
Comedy 1.mp4	00:00:42	How long is the journey?
Comedy 1.mp4	00:00:44	About half a hour to a hour.
Comedy 1.mp4	00:00:46	The sandwich shop is half a hour away.
Comedy 1.mp4	00:00:50	It's a waste of everybody's time.
Comedy 1.mp4	00:00:53	The word subtle.
Comedy 1.mp4	00:00:54	Would anybody object if it was subtle?
Comedy 1.mp4	00:00:56	S-U-T-L-E?
Comedy 1.mp4	00:00:57	Not a single person would.
Comedy 1.mp4	00:00:59	But there's a B in the middle going, shhh, just ignore me.
Comedy 1.mp4	00:01:02	Just ignore me for a minute.
Comedy 1.mp4	00:01:03	I'm silent.
Comedy 1.mp4	00:01:05	I'm left here, left behind.
Comedy 1.mp4	00:01:08	I don't know, I was destined for another word, baboon, but here I am with the N.
Comedy 1.mp4	00:01:15	How I long to be in the word baboon where I have a purpose.
Comedy 1.mp4	00:01:21	Like all those words that should begin with N, but have a K.
Comedy 1.mp4	00:01:24	Of all the letters that...
Comedy 1.mp4	00:01:26	Why would a K be silent?
Comedy 1.mp4	00:01:27	Knickers.
Comedy 1.mp4	00:01:28	Why is it knickers?
Comedy 1.mp4	00:01:30	Knuckles.
Comedy 1.mp4	00:01:31	Knuckles.
Comedy 1.mp4	00:01:32	So I've been thinking about this, as you can probably tell, and I think we should have a day.
Comedy 1.mp4	00:01:37	We should have a day.
Comedy 1.mp4	00:01:39	Silent letter day.
Comedy 1.mp4	00:01:40	Where we all come out to play.
Comedy 1.mp4	00:01:44	It would be on a wednesday.
Comedy 1.mp4	00:01:46	A wednesday.
Comedy 1.mp4	00:01:49	Sometime in the autumn.
Comedy 1.mp4	00:01:50	In the autumn.
Comedy 1.mp4	00:01:52	In the autumn.
Comedy 1.mp4	00:01:53	In the autumn.
Comedy 1.mp4	00:01:57	Could be in February.
Comedy 1.mp4	00:01:59	I haven't put on a silver tie.
Comedy 1.mp4	00:02:00	Could be in February.
Comedy 1.mp4	00:02:01	Or the autumn.
Comedy 1.mp4	00:02:03	And we'll spend the day together.
Comedy 1.mp4	00:02:05	Families together.
Comedy 1.mp4	00:02:07	Talking, talking.
Comedy 1.mp4	00:02:09	And walking.
Comedy 1.mp4	00:02:10	We'll go for walks.
Comedy 1.mp4	00:02:12	And climbing.
Comedy 1.mp4	00:02:13	Climbing.
Comedy 1.mp4	00:02:14	Climbing.
Comedy 1.mp4	00:02:15	Climbing.
Comedy 1.mp4	00:02:15	Knitting.
Comedy 1.mp4	00:02:16	A lot of knitting.
Comedy 1.mp4	00:02:17	People will save up their knitting to do on silent letter day.
Comedy 1.mp4	00:02:21	And the knife is the only cutlery that you're allowed to use.
Comedy 1.mp4	00:02:25	The knife.
Comedy 1.mp4	00:02:26	No other cutlery is allowed on silent letter day.
Comedy 1.mp4	00:02:29	Food is buffet style.
Comedy 1.mp4	00:02:31	Buffet style.
Comedy 1.mp4	00:02:32	You go along with your knife.
Comedy 1.mp4	00:02:34	There's salmon.
Comedy 1.mp4	00:02:36	And swordfish.
Comedy 1.mp4	00:02:38	And sandwiches.
Comedy 1.mp4	00:02:40	And yoghurt.
Comedy 1.mp4	00:02:42	Yoghurt.
Comedy 1.mp4	00:02:44	Yoghurt.
Comedy 1.mp4	00:02:45	And you use your knife.
Comedy 1.mp4	00:02:47	All the flavours are very subtle.
Comedy 1.mp4	00:02:50	Very subtle flavours.
Comedy 1.mp4	00:02:52	And the gnome.
Comedy 1.mp4	00:02:54	Will be the symbol of silent letter day.
Comedy 1.mp4	00:02:58	My father at Christmas.
Comedy 1.mp4	00:03:00	The gnome.
Comedy 1.mp4	00:03:01	Everybody gives each other a gnome to celebrate.
Comedy 1.mp4	00:03:04	Happy silent letter day.
Comedy 1.mp4	00:03:06	I got you a gnome.
Comedy 1.mp4	00:03:08	I kept it hidden in the cupboard for months.
Comedy 1.mp4	00:03:12	I whorrapped it up.
Comedy 1.mp4	00:03:14	Do you like it?
Comedy 1.mp4	00:03:15	I whorrapped it up.
Comedy 1.mp4	00:03:17	I cut the whorrapping paper with scissors.
Comedy 1.mp4	00:03:20	I used scissors.
Comedy 1.mp4	00:03:22	I cut the whorrapping paper with scissors.
Comedy 1.mp4	00:03:25	I'm so sorry.
Comedy 1.mp4	00:03:26	I forgot.
Comedy 1.mp4	00:03:26	I didn't realise.
Comedy 1.mp4	00:03:27	Is it really silent letter day?
Comedy 1.mp4	00:03:28	Is it honestly?
Comedy 1.mp4	00:03:29	Is it honestly silent letter day?
Comedy 1.mp4	00:03:30	You mean honestly?
Comedy 1.mp4	00:03:31	Yes it is honestly.
Comedy 1.mp4	00:03:33	You should have knone.
Comedy 1.mp4	00:03:36	You're never listen.
Comedy 1.mp4	00:03:37	You're never listen.
Comedy 1.mp4	00:03:39	I'm not giving you a gnome.
Comedy 1.mp4	00:03:40	I'm sorry.
Comedy 1.mp4	00:03:41	I'm taking it back to the shop.
Comedy 1.mp4	00:03:43	I've kept the receipt.
Comedy 1.mp4	00:03:44	I've kept the receipt.
Comedy 1.mp4	00:03:48	And at the end of the day.
Comedy 1.mp4	00:03:51	I'm so sorry.
Comedy 1.mp4	00:03:51	
Comedy 1.mp4	00:03:51	
Comedy 1.mp4	00:03:51	
Comedy 1.mp4	00:03:51	
Comedy 1.mp4	00:03:51	
Comedy 1.mp4	00:03:51	
Comedy 1.mp4	00:03:51	
Comedy 1.mp4	00:03:51	
Comedy 1.mp4	00:03:51	And at the end of the day.
Comedy 1.mp4	00:03:54	We will celebrate with champagne.
Comedy 1.mp4	00:04:00	We'll have you some champagne.
Comedy 1.mp4	00:04:02	Happy silent letter day.
Comedy 1.mp4	00:04:03	Just a drop.
Comedy 1.mp4	00:04:04	Maybe just a splash.
Comedy 1.mp4	00:04:06	There's a knock at the door.
Comedy 1.mp4	00:04:08	What could it be?
Comedy 1.mp4	00:04:09	Oh it's Chloe and Isla.
Comedy 1.mp4	00:04:11	Sorry.
Comedy 1.mp4	00:04:11	It's Chloe and Isla.
Comedy 1.mp4	00:04:12	My old friends from school.
Comedy 1.mp4	00:04:14	Friends from school.
Comedy 1.mp4	00:04:16	Fascinating.
Comedy 1.mp4	00:04:18	Grab a knife.
Comedy 1.mp4	00:04:19	Help yourself to la zagda.
Comedy 1.mp4	00:04:21	The signature.
Comedy 1.mp4	00:04:21	I'll help you.
Comedy 1.mp4	00:04:21	
Comedy 1.mp4	00:04:21	
Comedy 1.mp4	00:04:21	
Comedy 1.mp4	00:04:21	
Comedy 1.mp4	00:04:21	
Comedy 1.mp4	00:04:21	
Comedy 1.mp4	00:04:21	
Comedy 1.mp4	00:04:21	
Comedy 1.mp4	00:04:21	
Comedy 1.mp4	00:04:21	
Comedy 1.mp4	00:04:21	
Comedy 1.mp4	00:04:23	And at the end of the day, when we are knackered,
Comedy 1.mp4	00:04:27	we go to sleep at half past the hour.
Comedy 2.mp4	00:00:00	I am 911.
Comedy 2.mp4	00:00:01	You work for 911?
Comedy 2.mp4	00:00:02	No!
Comedy 2.mp4	00:00:04	This is the lady we're calling.
Comedy 2.mp4	00:00:06	Hi! Please send the police!
Comedy 2.mp4	00:00:09	What's the matter?
Comedy 2.mp4	00:00:12	I'm getting robbed!
Comedy 2.mp4	00:00:14	Does he have a gun?
Comedy 2.mp4	00:00:16	No, he's got a knife!
Comedy 2.mp4	00:00:18	Well, okay then.
Comedy 2.mp4	00:00:20	You'll be just fine.
Comedy 2.mp4	00:00:22	The cops are on their way.
Comedy 2.mp4	00:00:23	They'll be there tomorrow morning.
Comedy 2.mp4	00:00:26	That's a tough job, seriously.
Comedy 2.mp4	00:00:27	Give her a big round of applause.
Comedy 2.mp4	00:00:29	This woman saves lives.
Comedy 2.mp4	00:00:33	Tammy, tell us one of your stories.
Comedy 2.mp4	00:00:35	One of your crazy calls.
Comedy 2.mp4	00:00:37	I've had people call and ask
Comedy 2.mp4	00:00:39	what the number is to 911.
Comedy 2.mp4	00:00:45	Hello, 911?
Comedy 2.mp4	00:00:47	Yes, how can I help you?
Comedy 2.mp4	00:00:48	What's the number for emergency?
Comedy 2.mp4	00:00:51	911.
Comedy 2.mp4	00:00:52	I know, I called 911.
Comedy 2.mp4	00:00:54	I want the emergency card.
Comedy 2.mp4	00:00:56	It's 911.
Comedy 2.mp4	00:00:57	I called 911!
Comedy 2.mp4	00:00:59	What is the 911 for the 911?
Comedy 2.mp4	00:01:02	It's 911.
Comedy 2.mp4	00:01:03	Oh, it's 911?
Comedy 2.mp4	00:01:05	Okay, I call you when I have emergency.
Comedy 2.mp4	00:01:11	How many Mormons here?
Comedy 2.mp4	00:01:12	Clap, let me see how many Mormons.
Comedy 2.mp4	00:01:14	Just one, two, three?
Comedy 2.mp4	00:01:17	Just three?
Comedy 2.mp4	00:01:19	Four?
Comedy 2.mp4	00:01:20	You are not Mormon.
Comedy 2.mp4	00:01:23	Habibi, you're not Mormon.
Comedy 2.mp4	00:01:26	Habibi, you go to the church just to get a fucking green card.
Comedy 2.mp4	00:01:29	You're not Mormon.
Comedy 2.mp4	00:01:29	
Comedy 2.mp4	00:01:29	Don't you lie to me.
Comedy 2.mp4	00:01:32	He goes in there, he goes,
Comedy 2.mp4	00:01:33	I am Mormon, I need a green card.
Comedy 2.mp4	00:01:35	Allahu Akbar.
Comedy 2.mp4	00:01:36	What?
Comedy 2.mp4	00:01:38	I'm sorry, I meant Jesus Christ.
Comedy 2.mp4	00:01:40	I meant, I meant Jesus Christ,
Comedy 2.mp4	00:01:43	the Mormon Jesus Christ green card.
Comedy 2.mp4	00:01:46	Thank you.
Comedy 2.mp4	00:01:47	If you give me a green card, I'll be more Mormon.
Comedy 2.mp4	00:01:50	I will bring maybe everybody else I convert.
Comedy 2.mp4	00:01:54	To Allah I convert.
Comedy 2.mp4	00:01:57	I want a real Mormon.
Comedy 2.mp4	00:01:59	I'm a Mormon person, yeah.
Comedy 2.mp4	00:02:00	I'm in Utah.
Comedy 2.mp4	00:02:01	I love to meet real Mormons.
Comedy 2.mp4	00:02:03	These two good looking Mormons too.
Comedy 2.mp4	00:02:04	My God, you're both so good looking.
Comedy 2.mp4	00:02:07	In dating, married?
Comedy 2.mp4	00:02:08	Married probably, Mormon married.
Comedy 2.mp4	00:02:10	You can make that happen.
Comedy 2.mp4	00:02:10	You can make that happen, but in your church,
Comedy 2.mp4	00:02:12	are you allowed to just date?
Comedy 2.mp4	00:02:14	Yeah.
Comedy 2.mp4	00:02:14	You have eight, nine wives.
Comedy 2.mp4	00:02:15	Oh, you have eight, nine of these?
Comedy 2.mp4	00:02:21	No fucking way.
Comedy 2.mp4	00:02:24	Wow.
Comedy 2.mp4	00:02:25	First date?
Comedy 2.mp4	00:02:28	Maximini's show is a first Mormon date.
Comedy 2.mp4	00:02:34	Like they were talking in the church,
Comedy 2.mp4	00:02:36	they're like, what should we do?
Comedy 2.mp4	00:02:37	Like, ah, for first date, I want to do something special.
Comedy 2.mp4	00:02:38	It's like, let's go to this Iranian comedian
Comedy 2.mp4	00:02:41	on our first date.
Comedy 2.mp4	00:02:43	I really love that.
Comedy 2.mp4	00:02:44	I really love that.
Comedy 2.mp4	00:02:45	And you know what I'm proud of you for,
Comedy 2.mp4	00:02:47	like in the crowd, like clapping and representing.
Comedy 2.mp4	00:02:49	That's really cool, just so you know.
Comedy 2.mp4	00:02:51	And I hope that you can accept the idea
Comedy 2.mp4	00:02:55	that he's going to have more of you.
Comedy 2.mp4	00:03:00	Can I ask you to stand up, uh?
Comedy 2.mp4	00:03:00	
Comedy 2.mp4	00:03:00	How old are you?
Comedy 2.mp4	00:03:02	You don't know?
Comedy 2.mp4	00:03:05	You have very bad pee?
Comedy 2.mp4	00:03:08	Well, go pee, you fucker.
Comedy 2.mp4	00:03:10	What am I, what the fuck are you doing?
Comedy 2.mp4	00:03:13	What are you, twelve?
Comedy 2.mp4	00:03:16	Go piss!
Comedy 2.mp4	00:03:17	I told this guy, you cannot leave.
Comedy 2.mp4	00:03:19	Hold your piss.
Comedy 2.mp4	00:03:22	What's your name?
Comedy 2.mp4	00:03:24	Daniel.
Comedy 2.mp4	00:03:24	Please go pee.
Comedy 2.mp4	00:03:26	Can you leave your breakfast.
Comedy 2.mp4	00:03:26	
Comedy 2.mp4	00:03:26	
Comedy 2.mp4	00:03:26	like Daniel, go, come here.
Comedy 2.mp4	00:03:29	Don't piss on my stage.
Comedy 2.mp4	00:03:38	Poor fucking guy.
Comedy 2.mp4	00:03:39	He couldn't even say how old he is
Comedy 2.mp4	00:03:40	because he was...
Comedy 2.mp4	00:03:42	He had the pizza.
Comedy 2.mp4	00:03:43	How old are you?
Comedy 2.mp4	00:03:44	No.
Comedy 2.mp4	00:03:47	What are you good at?
Comedy 2.mp4	00:03:50	Peeing.
Comedy 2.mp4	00:03:50	I'm gonna pee.
Comedy 2.mp4	00:03:53	This is the most adorable thing
Comedy 2.mp4	00:03:55	in the world, this guy.
Comedy 2.mp4	00:03:57	You know this guy?
Comedy 2.mp4	00:03:59	He's a very nice guy, huh?
Comedy 2.mp4	00:04:01	He was holding his piss.
Comedy 2.mp4	00:04:02	If I didn't ask, he was gonna die, huh?
Comedy 2.mp4	00:04:06	He didn't leave because you assholes
Comedy 2.mp4	00:04:08	didn't get up for the guy to get out.
Comedy 2.mp4	00:04:10	I had to let them go on stage
Comedy 2.mp4	00:04:12	to go to the bathroom.
Comedy 2.mp4	00:04:13	What a mean people you guys are.
Comedy 2.mp4	00:04:17	He wasn't gonna pee on anybody.
Comedy 2.mp4	00:04:19	You should just get up
Comedy 2.mp4	00:04:20	for the guy to go to the bathroom.
Comedy 2.mp4	00:04:23	You're back.
Comedy 2.mp4	00:04:26	Now you understand what I'm saying, yeah?
Comedy 2.mp4	00:04:29	How old are you?
Comedy 2.mp4	00:04:31	How old are you?
Comedy 2.mp4	00:04:33	Don't piss again.
Comedy 2.mp4	00:04:34	Don't piss again.
Comedy 2.mp4	00:04:37	26.
Comedy 2.mp4	00:04:39	Okay, you're a very sweet guy.
Comedy 2.mp4	00:04:40	Next time you have to pee,
Comedy 2.mp4	00:04:41	you say, guys, excuse me,
Comedy 2.mp4	00:04:43	I need to pee.
Comedy 2.mp4	00:04:44	And if this asshole doesn't get up,
Comedy 2.mp4	00:04:45	you whoop out your dick
Comedy 2.mp4	00:04:47	and you piss on him.
Comedy 2.mp4	00:04:49	Okay?
Comedy 2.mp4	00:04:53	What country?
Comedy 2.mp4	00:04:54	Iraq.
Comedy 2.mp4	00:04:54	Iraq!
Comedy 2.mp4	00:04:55	Iraq!
Comedy 2.mp4	00:04:56	Wonderful!
Comedy 2.mp4	00:04:57	What's your name?
Comedy 2.mp4	00:04:58	Safe?
Comedy 2.mp4	00:05:03	Security, that is definitely not safe.
Comedy 2.mp4	00:05:06	Any Arab named himself safe,
Comedy 2.mp4	00:05:08	that's fucking unsafe.
Comedy 2.mp4	00:05:10	How cleverly Arab is this guy?
Comedy 2.mp4	00:05:13	He's like, I am becoming American citizen.
Comedy 2.mp4	00:05:15	What should I change my name to?
Comedy 2.mp4	00:05:17	Safe.
Comedy 2.mp4	00:05:18	I am a safe Arab.
Comedy 2.mp4	00:05:21	That would definitely do me a job.
Comedy 2.mp4	00:05:23	Let me see the resume.
Comedy 2.mp4	00:05:24	Who is coming?
Comedy 2.mp4	00:05:25	Safe Abdul...
Comedy 2.mp4	00:05:28	But it's a safe Abdul.
Comedy 2.mp4	00:05:30	Okay, we give him a job.
Comedy 2.mp4	00:05:35	You're also Mormon, right?
Comedy 2.mp4	00:05:37	Yes, sir.
Comedy 2.mp4	00:05:37	What's your name?
Comedy 2.mp4	00:05:38	Flavio.
Comedy 2.mp4	00:05:39	Flavio?
Comedy 2.mp4	00:05:40	Yes, sir.
Comedy 2.mp4	00:05:41	You're Italian?
Comedy 2.mp4	00:05:42	Wow!
Comedy 2.mp4	00:05:44	I was born in Argentina.
Comedy 2.mp4	00:05:45	You're Mormons in Argentina?
Comedy 2.mp4	00:05:47	Yep.
Comedy 2.mp4	00:05:47	You guys went from Salt Lake City to Argentina?
Comedy 2.mp4	00:05:50	Converted this fucker and brought him to Utah?
Comedy 2.mp4	00:05:53	Damn!
Comedy 2.mp4	00:05:55	You guys are bad.
Comedy 2.mp4	00:05:56	Badass!
Comedy 2.mp4	00:05:57	And who are you here with?
Comedy 2.mp4	00:06:00	With two of your wives.
Comedy 2.mp4	00:06:01	Okay, nice.
Comedy 2.mp4	00:06:05	That's your daughter?
Comedy 2.mp4	00:06:06	My God!
Comedy 2.mp4	00:06:08	Are you Mormon?
Comedy 2.mp4	00:06:10	No?
Comedy 2.mp4	00:06:11	Listen, you have to convert tonight.
Comedy 2.mp4	00:06:16	Listen, Flavio called me and said,
Comedy 2.mp4	00:06:17	Max, I'm bringing this fucker,
Comedy 2.mp4	00:06:19	he's dating my daughter,
Comedy 2.mp4	00:06:19	and we're going to circumcise you tonight.
Comedy 2.mp4	00:06:22	On stage, bro.
Comedy 2.mp4	00:06:24	He's going to chop that dick up.
Comedy 2.mp4	00:06:26	Mormon style.
Comedy 2.mp4	00:06:29	Hallelujah.
Comedy 2.mp4	00:06:30	Boo!
Comedy 2.mp4	00:06:31	Oh!
Comedy 2.mp4	00:06:32	Welcome to the family.
Comedy 2.mp4	00:06:34	I hope you have enough to offer.
Comedy 2.mp4	00:06:38	Where are you guys from?
Comedy 2.mp4	00:06:39	Morocco.
Comedy 2.mp4	00:06:40	Morocco?
Comedy 2.mp4	00:06:41	Are you Moroccan?
Comedy 2.mp4	00:06:42	Yes.
Comedy 2.mp4	00:06:43	Ah, okay.
Comedy 2.mp4	00:06:44	In this lighting, I thought you're Chinese.
Comedy 2.mp4	00:06:47	You guys speak like so many languages.
Comedy 2.mp4	00:06:49	How many languages do you speak?
Comedy 2.mp4	00:06:50	Italian.
Comedy 2.mp4	00:06:51	Italian?
Comedy 2.mp4	00:06:52	Oh, Flavio.
Comedy 2.mp4	00:06:55	You have a lot of Italian.
Comedy 2.mp4	00:06:56	
Comedy 2.mp4	00:06:56	
Comedy 2.mp4	00:06:56	
Comedy 2.mp4	00:06:56	
Comedy 2.mp4	00:06:56	
Comedy 2.mp4	00:06:56	
Comedy 2.mp4	00:06:56	
Comedy 2.mp4	00:06:56	
Comedy 2.mp4	00:06:56	
Comedy 2.mp4	00:06:58	Talk to him after the show.
Comedy 2.mp4	00:07:00	Maybe he can marry you too.
Comedy 2.mp4	00:07:03	You don't want to be the second wife?
Comedy 2.mp4	00:07:05	Fifth.
Comedy 2.mp4	00:07:06	Fifth?
Comedy 2.mp4	00:07:07	Oh, shit.
Comedy 2.mp4	00:07:08	You mind being the fifth?
Comedy 2.mp4	00:07:10	Why not?
Comedy 2.mp4	00:07:11	You have four other girls to hang out with
Comedy 2.mp4	00:07:13	when he's not around.
Comedy 2.mp4	00:07:15	You don't want that?
Comedy 2.mp4	00:07:17	Have you ever tried anything lesbian?
Comedy 2.mp4	00:07:20	You've never tried?
Comedy 2.mp4	00:07:22	Listen, Moroccans should try being a lesbian
Comedy 2.mp4	00:07:24	one time in their life.
Comedy 2.mp4	00:07:25	I'm not saying you should never try.
Comedy 2.mp4	00:07:26	
Comedy 2.mp4	00:07:26	
Comedy 2.mp4	00:07:26	
Comedy 2.mp4	00:07:26	
Comedy 2.mp4	00:07:26	
Comedy 2.mp4	00:07:26	
Comedy 2.mp4	00:07:26	
Comedy 2.mp4	00:07:26	
Comedy 2.mp4	00:07:26	
Comedy 2.mp4	00:07:26	
Comedy 2.mp4	00:07:26	
Comedy 2.mp4	00:07:26	You know why?
Comedy 2.mp4	00:07:27	Because you speak five languages.
Comedy 2.mp4	00:07:28	You're very good with your tongue.
Comedy 2.mp4	00:07:51	You're gonna have five orgasms in five minutes.
Comedy 2.mp4	00:07:58	You're gonna have five orgasms in five minutes.
Johan Sverdrup - System 13 - Stigerør og.mp4	00:01:52	Produksjonsbrønnene har injeksjonspunkt i brønnhodet og nedi huls, mens vanninjeksjonsbrønnene kun har i brønnhodet.
Johan Sverdrup - System 13 - Stigerør og.mp4	00:02:01	MEG-injeksjon går både til produksjonsbrønner og til injeksjonsbrønner.
Johan Sverdrup - System 20 - Separasjon og.mp4	00:00:00	Separasjon og stabiliseringssystemet på Johan Sveidrup-feltet er lokalisert på P1, DP og P2-plattformene.
Johan Sverdrup - System 20 - Separasjon og.mp4	00:00:11	Hovedutstyret finner vi på P1 og P2, mens på DP finnes systemet kun i form av produksjonsmanifold.
Johan Sverdrup - System 20 - Separasjon og.mp4	00:00:21	Hensikten med systemet er å stabilisere brønnstrømmer fra boreplattformen DP og Subsea-brønner, samt å gjenvinne andre vesker fra plattformen.
Johan Sverdrup - System 20 - Separasjon og.mp4	00:00:32	Fjerne gass og vann i oljen for å oppfylle spesifikasjoner før den blir eksportert til Mongstad.
Johan Sverdrup - System 20 - Separasjon og.mp4	00:00:41	Separasjon og stabiliseringsprosessen er i hovedsak trefaset.
Johan Sverdrup - System 20 - Separasjon og.mp4	00:00:46	Det vil si at det separeres både olje, vann og gass.
Johan Sverdrup - System 20 - Separasjon og.mp4	00:00:50	Gass leveres videre til system 23 for kompresjon og til system 24 for tørking før eksport.
Johan Sverdrup - System 20 - Separasjon og.mp4	00:00:59	Vann leveres til system 44 for rensing.
Johan Sverdrup - System 20 - Separasjon og.mp4	00:01:05	Her ser du separasjon og stabiliseringssystemet som er lokalisert på P1.
Johan Sverdrup - System 20 - Separasjon og.mp4	00:01:10	P1 har to identiske oljetog, der hvert tog består av tre separatorer og en elektrostatisk vannutskiller.
Johan Sverdrup - System 20 - Separasjon og.mp4	00:01:19	I tillegg finnes det en egen testseparator.
Johan Sverdrup - System 20 - Separasjon og.mp4	00:01:25	Systemet mottar olje fra boreplattformen DP og blir behandlet i tre trinn før den er klar for eksport til Mongstad.
Johan Sverdrup - System 20 - Separasjon og.mp4	00:01:34	Designet på første og andre trinn separator er lik, men andre trinn er i tillegg utstyrt med en elektrostatisk vannutskiller.
Johan Sverdrup - System 20 - Separasjon og.mp4	00:01:44	Vesken kommer inn i toppen via en inlet vane diffuser.
Johan Sverdrup - System 20 - Separasjon og.mp4	00:01:49	Dette er en innretning med flere ledeplater.
Johan Sverdrup - System 20 - Separasjon og.mp4	00:01:53	Ledeplatene demper hastigheten på brønnstrømmen og leder den jevnt over en splashplate som sørger for at oljen blir fint fordelt ned i veskefasen.
Johan Sverdrup - System 20 - Separasjon og.mp4	00:02:04	Videre går oljen via en strømningsretter som sprer veske og gass jevnt utover tversnittet av separatoren.
Johan Sverdrup - System 20 - Separasjon og.mp4	00:02:12	Deretter går vesken gjennom en elektrostatisk vannutskiller som bruker svake elektriske spenninger til å tilby.
Johan Sverdrup - System 20 - Separasjon og.mp4	00:02:21	Dette gjør at små vanndroper blir til større og tyngre vanndroper som bedrer separasjonen mellom vann og olje.
Johan Sverdrup - System 20 - Separasjon og.mp4	00:02:30	Vesken går videre til en skilleplate der oljen renner over til utløpet for olje, mens vannet blir værende igjen og ledet til vannutløpet.
Johan Sverdrup - System 20 - Separasjon og.mp4	00:02:40	Gassen går ut i toppen via en dråpefanger.
Johan Sverdrup - System 20 - Separasjon og.mp4	00:02:45	Fra andre trinn separator går oljen videre til vannutskille.
Johan Sverdrup - System 20 - Separasjon og.mp4	00:02:50	Oljen kommer inn i bunnen og distribueres via interne kanaler langs hele lengden.
Johan Sverdrup - System 20 - Separasjon og.mp4	00:02:56	Den stiger så oppover og passerer en elektrostatisk del før den går ut i toppen og videre til tredje trinn separator.
Johan Sverdrup - System 20 - Separasjon og.mp4	00:03:05	Tredje trinn separator er en tofaseseparator som skal separere gassen fra oljen slik den er i henhold til spesifikasjonen for damptrykk.
Johan Sverdrup - System 20 - Separasjon og.mp4	00:03:15	Fra tredje trinn går oljen videre til system 21 for eksport via rør til Mongstad.
Johan Sverdrup - System 20 - Separasjon og.mp4	00:03:23	Oljevarmeren brukes ved behov dersom oljen blir for kald til å få ned absolutt damptrykk før eksport.
Johan Sverdrup - System 20 - Separasjon og.mp4	00:03:31	Testseparatoren blir brukt til oppstart av nye brønner og brønntesting.
Johan Sverdrup - System 20 - Separasjon og.mp4	00:03:36	Når den blir brukt til oppstart av nye brønner kan oljen sendes direkte til oljeksport,
Johan Sverdrup - System 20 - Separasjon og.mp4	00:03:41	mens når den brukes til brønntesting blir oljen ledet inn i prosessen.
Johan Sverdrup - System 20 - Separasjon og.mp4	00:03:47	Separatoren har også en sandfelle på innløpsrøret.
Johan Sverdrup - System 20 - Separasjon og.mp4	00:03:50	Dette er et manuelt prøvepunkt som brukes for å verifisere sanddetektorene samt sjekke for eventuell sandproduksjon.
Johan Sverdrup - System 20 - Separasjon og.mp4	00:04:00	Her ser du separasjon- og stabiliseringssystemet som er lokalisert på P2.
Johan Sverdrup - System 20 - Separasjon og.mp4	00:04:06	Oppbyggingen av systemet er veldig lik P1,
Johan Sverdrup - System 20 - Separasjon og.mp4	00:04:09	men det er noe utstyr og kapasitetsforskjeller.
Johan Sverdrup - System 20 - Separasjon og.mp4	00:04:12	De viktigste forskjellene er
Johan Sverdrup - System 20 - Separasjon og.mp4	00:04:15	P1 har to separasjonstog.
Johan Sverdrup - System 20 - Separasjon og.mp4	00:04:18	P2 har ett.
Johan Sverdrup - System 20 - Separasjon og.mp4	00:04:21	P2 vil kunne motta produksjon både fra DP og Sub-C, mens P1 kun vil motta fra DP.
Johan Sverdrup - System 20 - Separasjon og.mp4	00:04:29	Testseparatoren på P1 er utstyrt med to skruepumper, mens den på P2 kun har én.
Johan Sverdrup - System 20 - Separasjon og.mp4	00:04:37	På P2 er det installert en Flowline varmer oppstrømstestseparator.
Johan Sverdrup - System 20 - Separasjon og.mp4	00:04:43	Det er installert en brønnopperenskningspumpe både på P1 og P2.
Johan Sverdrup - System 20 - Separasjon og.mp4	00:04:49	I motsetning til P1 er det installert mulighet for at denne pumpen kan leveres til andre trinnseparator på P2.
Johan Sverdrup - System 20 - Separasjon og.mp4	00:04:58	Det er lagt opp til at testseparatoren på P2 kan sandgjettes i lavtryksmodus.
Johan Sverdrup - System 20 - Separasjon og.mp4	00:05:04	Vann,
Johan Sverdrup - System 20 - Separasjon og.mp4	00:05:05	vannet fra testseparatoren på P2 blir pumpet tilbake til første trinn, mens det på P1 går til hydrocykloner.
Johan Sverdrup - System 20 - Separasjon og.mp4	00:05:15	Selve oljetoget og prosessen på P2 er lik P1 og består av tre separatorer og en elektrostatisk vannutskiller.
Johan Sverdrup - System 20 - Separasjon og.mp4	00:05:23	I tillegg finnes det en egen testseparator.
Johan Sverdrup - System 20 - Separasjon og.mp4	00:05:28	Systemet mottar olje fra Sub-C-brønner og boreplattformen DP.
Johan Sverdrup - System 20 - Separasjon og.mp4	00:05:33	Den blir behandlet i tre trinn pluss en vannutskiller før den er klar for eksport til Mongstad.
Johan Sverdrup - System 20 - Separasjon og.mp4	00:05:41	Oljevarmeren mellom første og andre trinn brukes ved behov dersom oljen blir for kald til å få ned absolutt dammtrykk før eksport.
Johan Sverdrup - System 20 - Separasjon og.mp4	00:05:50	Det er montert en Flowline-varmer oppstrømstestseparatoren som skal varme væskestrømmen fra Sub-C ved behov.
Johan Sverdrup - System 20 - Separasjon og.mp4	00:05:57	Normalt blir væsken rutet til testseparatoren,
Johan Sverdrup - System 20 - Separasjon og.mp4	00:06:00	men det er også muligheter for å rute væsken til første trinn.
Joshua Prince-Ramus- Behind the design of Seattle's library - TED Talk.mp4	00:06:26	and to hold onto them with a skin
Joshua Prince-Ramus- Behind the design of Seattle's library - TED Talk.mp4	00:06:28	that skin serves double duty, again, for economics.
Joshua Prince-Ramus- Behind the design of Seattle's library - TED Talk.mp4	00:06:31	One, it is the lateral stability for the entire building.
Joshua Prince-Ramus- Behind the design of Seattle's library - TED Talk.mp4	00:06:34	It's a structural element,
Joshua Prince-Ramus- Behind the design of Seattle's library - TED Talk.mp4	00:06:35	but its dimensions were designed not only for structure,
Joshua Prince-Ramus- Behind the design of Seattle's library - TED Talk.mp4	00:06:37	but also for holding on every piece of glass.
Joshua Prince-Ramus- Behind the design of Seattle's library - TED Talk.mp4	00:06:40	The glass was then, I'll use the word impregnated,
Joshua Prince-Ramus- Behind the design of Seattle's library - TED Talk.mp4	00:06:43	but had a layer of metal that was what we call stretched metal.
Joshua Prince-Ramus- Behind the design of Seattle's library - TED Talk.mp4	00:06:46	That metal acts as a micro-liver.
Joshua Prince-Ramus- Behind the design of Seattle's library - TED Talk.mp4	00:06:48	So from the exterior of the building, the sun sees it as totally opaque,
Joshua Prince-Ramus- Behind the design of Seattle's library - TED Talk.mp4	00:06:51	but from the interior, it's entirely transparent.
Joshua Prince-Ramus- Behind the design of Seattle's library - TED Talk.mp4	00:06:54	So now I'm going to take you on a tour of the building.
Joshua Prince-Ramus- Behind the design of Seattle's library - TED Talk.mp4	00:06:58	Let's see if I can find it.
Joshua Prince-Ramus- Behind the design of Seattle's library - TED Talk.mp4	00:06:59	For anyone who gets motion sickness, I apologize.
Joshua Prince-Ramus- Behind the design of Seattle's library - TED Talk.mp4	00:07:03	So this is the building.
Joshua Prince-Ramus- Behind the design of Seattle's library - TED Talk.mp4	00:07:07	And I think what's important is when we first unveiled the building,
Joshua Prince-Ramus- Behind the design of Seattle's library - TED Talk.mp4	00:07:10	the public saw it as being totally about our whim and ego.
Joshua Prince-Ramus- Behind the design of Seattle's library - TED Talk.mp4	00:07:15	And it was defended, believe it or not, by the librarians.
Joshua Prince-Ramus- Behind the design of Seattle's library - TED Talk.mp4	00:07:18	They said, look, we don't know what it is,
Joshua Prince-Ramus- Behind the design of Seattle's library - TED Talk.mp4	00:07:19	but we know it's everything that we need it to be
Joshua Prince-Ramus- Behind the design of Seattle's library - TED Talk.mp4	00:07:22	based on the observations that we've done about the program.
Joshua Prince-Ramus- Behind the design of Seattle's library - TED Talk.mp4	00:07:28	This is going into one of the entries.
Joshua Prince-Ramus- Behind the design of Seattle's library - TED Talk.mp4	00:07:30	So it's an unusual building for a public library, obviously.
Joshua Prince-Ramus- Behind the design of Seattle's library - TED Talk.mp4	00:07:37	So now we're going into what we call the reading room,
Joshua Prince-Ramus- Behind the design of Seattle's library - TED Talk.mp4	00:07:39	sorry, living room.
Joshua Prince-Ramus- Behind the design of Seattle's library - TED Talk.mp4	00:07:40	This is actually a program that we invented with the library.
Joshua Prince-Ramus- Behind the design of Seattle's library - TED Talk.mp4	00:07:43	It was recognizing that public libraries are the last vestige of public free space.
Joshua Prince-Ramus- Behind the design of Seattle's library - TED Talk.mp4	00:07:48	There are plenty of shopping malls that allow you to get out of the rain
Joshua Prince-Ramus- Behind the design of Seattle's library - TED Talk.mp4	00:07:51	in downtown Seattle,
Joshua Prince-Ramus- Behind the design of Seattle's library - TED Talk.mp4	00:07:53	but there are not so many free places that allows you to get out of the rain.
Joshua Prince-Ramus- Behind the design of Seattle's library - TED Talk.mp4	00:07:57	So this was an unprogrammed area where people could pretty much do anything,
Joshua Prince-Ramus- Behind the design of Seattle's library - TED Talk.mp4	00:08:00	including eat, yell, play chess, and so forth.
Joshua Prince-Ramus- Behind the design of Seattle's library - TED Talk.mp4	00:08:03	Now we're moving up into what we call the mixing chamber.
Joshua Prince-Ramus- Behind the design of Seattle's library - TED Talk.mp4	00:08:07	That was the main sort of technology area in the building.
Joshua Prince-Ramus- Behind the design of Seattle's library - TED Talk.mp4	00:08:10	You have to tell me if I'm going too fast for you.
Joshua Prince-Ramus- Behind the design of Seattle's library - TED Talk.mp4	00:08:17	And now up.
Joshua Prince-Ramus- Behind the design of Seattle's library - TED Talk.mp4	00:08:23	This is actually the place that we put into the building
Joshua Prince-Ramus- Behind the design of Seattle's library - TED Talk.mp4	00:08:26	so I could propose to my wife.
Joshua Prince-Ramus- Behind the design of Seattle's library - TED Talk.mp4	00:08:27	Right there.
Joshua Prince-Ramus- Behind the design of Seattle's library - TED Talk.mp4	00:08:31	She said yes.
Joshua Prince-Ramus- Behind the design of Seattle's library - TED Talk.mp4	00:08:36	I'm running out of time, so I'm actually going to stop.
Joshua Prince-Ramus- Behind the design of Seattle's library - TED Talk.mp4	00:08:38	I can show this to you later,
Joshua Prince-Ramus- Behind the design of Seattle's library - TED Talk.mp4	00:08:40	but let's see if I can very quickly get into the book spiral,
Joshua Prince-Ramus- Behind the design of Seattle's library - TED Talk.mp4	00:08:43	because I think it's, as I said, the most,
Joshua Prince-Ramus- Behind the design of Seattle's library - TED Talk.mp4	00:08:45	this is the main reading room,
Joshua Prince-Ramus- Behind the design of Seattle's library - TED Talk.mp4	00:08:46	the most unique part of the building.
Joshua Prince-Ramus- Behind the design of Seattle's library - TED Talk.mp4	00:08:50	You dizzy yet?
Joshua Prince-Ramus- Behind the design of Seattle's library - TED Talk.mp4	00:08:52	Okay, so here this is the book spiral.
Joshua Prince-Ramus- Behind the design of Seattle's library - TED Talk.mp4	00:08:59	So it's very indiscernible,
Joshua Prince-Ramus- Behind the design of Seattle's library - TED Talk.mp4	00:09:01	but it's actually a continuous stair-stepping
Joshua Prince-Ramus- Behind the design of Seattle's library - TED Talk.mp4	00:09:04	that allows you to, on one city block,
Joshua Prince-Ramus- Behind the design of Seattle's library - TED Talk.mp4	00:09:07	go up one full floor so that it's on a continuum.
Joshua Prince-Ramus- Behind the design of Seattle's library - TED Talk.mp4	00:09:14	Okay, now I'm going to go back and start,
Joshua Prince-Ramus- Behind the design of Seattle's library - TED Talk.mp4	00:09:16	I'm going to hit a second project.
Joshua Prince-Ramus- Behind the design of Seattle's library - TED Talk.mp4	00:09:18	I'm going to go very, very quickly through this.
Joshua Prince-Ramus- Behind the design of Seattle's library - TED Talk.mp4	00:09:20	This is this Dallas theater.
Joshua Prince-Ramus- Behind the design of Seattle's library - TED Talk.mp4	00:09:22	It was an unusual client for us because they came to us and they said,
Joshua Prince-Ramus- Behind the design of Seattle's library - TED Talk.mp4	00:09:25	we need you to do a new building.
Joshua Prince-Ramus- Behind the design of Seattle's library - TED Talk.mp4	00:09:27	We've been working in a temporary space for 30 years,
Joshua Prince-Ramus- Behind the design of Seattle's library - TED Talk.mp4	00:09:30	but because of that temporary space,
Joshua Prince-Ramus- Behind the design of Seattle's library - TED Talk.mp4	00:09:32	we've become an infamous theater company.
Joshua Prince-Ramus- Behind the design of Seattle's library - TED Talk.mp4	00:09:35	Theater is really focused in New York, Chicago, and Seattle,
Joshua Prince-Ramus- Behind the design of Seattle's library - TED Talk.mp4	00:09:38	with the exception of the Dallas Theater Company.
Joshua Prince-Ramus- Behind the design of Seattle's library - TED Talk.mp4	00:09:41	And the very fact that they worked in a provisional space
Joshua Prince-Ramus- Behind the design of Seattle's library - TED Talk.mp4	00:09:43	meant that for Beckett, they could blow out a wall,
Joshua Prince-Ramus- Behind the design of Seattle's library - TED Talk.mp4	00:09:46	they could do cherry orchard and blow a hole through the floor,
Joshua Prince-Ramus- Behind the design of Seattle's library - TED Talk.mp4	00:09:48	and so forth.
Joshua Prince-Ramus- Behind the design of Seattle's library - TED Talk.mp4	00:09:49	So it was a very daunting task for us to do a brand new building
Joshua Prince-Ramus- Behind the design of Seattle's library - TED Talk.mp4	00:09:52	that could keep the, be a pristine building,
Joshua Prince-Ramus- Behind the design of Seattle's library - TED Talk.mp4	00:09:55	but keep this kind of experimental nature.
Joshua Prince-Ramus- Behind the design of Seattle's library - TED Talk.mp4	00:09:56	And the second is they were what we call a multi-form theater.
Joshua Prince-Ramus- Behind the design of Seattle's library - TED Talk.mp4	00:10:01	They do different kinds of performances in repertory.
Joshua Prince-Ramus- Behind the design of Seattle's library - TED Talk.mp4	00:10:04	So they, in the morning, will do something in arena,
Joshua Prince-Ramus- Behind the design of Seattle's library - TED Talk.mp4	00:10:07	then they'll do something in proscenium and so forth.
Joshua Prince-Ramus- Behind the design of Seattle's library - TED Talk.mp4	00:10:09	And so they needed to be able to quickly transform
Joshua Prince-Ramus- Behind the design of Seattle's library - TED Talk.mp4	00:10:11	between different theater organizations.
Joshua Prince-Ramus- Behind the design of Seattle's library - TED Talk.mp4	00:10:13	And for operational budget reasons,
Joshua Prince-Ramus- Behind the design of Seattle's library - TED Talk.mp4	00:10:16	this actually no longer happens in pretty much any multi-form theater
Joshua Prince-Ramus- Behind the design of Seattle's library - TED Talk.mp4	00:10:19	in the United States.
Joshua Prince-Ramus- Behind the design of Seattle's library - TED Talk.mp4	00:10:20	So we needed to figure out a way to overcome that.
Joshua Prince-Ramus- Behind the design of Seattle's library - TED Talk.mp4	00:10:22	So our thought was to literally put the theater on its head,
Joshua Prince-Ramus- Behind the design of Seattle's library - TED Talk.mp4	00:10:25	to take those things that are previously defined,
Joshua Prince-Ramus- Behind the design of Seattle's library - TED Talk.mp4	00:10:26	as front of house and back of house,
Joshua Prince-Ramus- Behind the design of Seattle's library - TED Talk.mp4	00:10:28	and stack them above house and below house.
Joshua Prince-Ramus- Behind the design of Seattle's library - TED Talk.mp4	00:10:30	And to create sort of what we started to call a theater machine.
Joshua Prince-Ramus- Behind the design of Seattle's library - TED Talk.mp4	00:10:33	We invest the money in the operation of the building.
Joshua Prince-Ramus- Behind the design of Seattle's library - TED Talk.mp4	00:10:36	It's almost as though the building could be placed anywhere.
Joshua Prince-Ramus- Behind the design of Seattle's library - TED Talk.mp4	00:10:38	Wherever you place it, the area underneath it
Joshua Prince-Ramus- Behind the design of Seattle's library - TED Talk.mp4	00:10:40	is charged for theatrical performances.
Joshua Prince-Ramus- Behind the design of Seattle's library - TED Talk.mp4	00:10:41	And it allowed us to go back to first principles
Joshua Prince-Ramus- Behind the design of Seattle's library - TED Talk.mp4	00:10:44	and redefine fly tower, acoustic enclosure,
Joshua Prince-Ramus- Behind the design of Seattle's library - TED Talk.mp4	00:10:47	light enclosure, and so forth.
Joshua Prince-Ramus- Behind the design of Seattle's library - TED Talk.mp4	00:10:49	And out of the push of a button,
Joshua Prince-Ramus- Behind the design of Seattle's library - TED Talk.mp4	00:10:50	it allows the artistic director to move between proscenium thrust,
Joshua Prince-Ramus- Behind the design of Seattle's library - TED Talk.mp4	00:10:54	in fact, arena, and traverse,
Joshua Prince-Ramus- Behind the design of Seattle's library - TED Talk.mp4	00:10:56	and flat floor in a very quick transfiguration.
Joshua Prince-Ramus- Behind the design of Seattle's library - TED Talk.mp4	00:11:00	So in fact, we can go using operational budget,
Joshua Prince-Ramus- Behind the design of Seattle's library - TED Talk.mp4	00:11:03	sorry, capital cost, we can actually achieve
Joshua Prince-Ramus- Behind the design of Seattle's library - TED Talk.mp4	00:11:06	what was no longer achievable in operational cost.
Joshua Prince-Ramus- Behind the design of Seattle's library - TED Talk.mp4	00:11:08	And that means that the artistic director now has
Joshua Prince-Ramus- Behind the design of Seattle's library - TED Talk.mp4	00:11:11	a palette that he or she can choose from
Joshua Prince-Ramus- Behind the design of Seattle's library - TED Talk.mp4	00:11:13	between a series of forms and a series of processions.
Joshua Prince-Ramus- Behind the design of Seattle's library - TED Talk.mp4	00:11:17	Because that enclosure around the theater
Joshua Prince-Ramus- Behind the design of Seattle's library - TED Talk.mp4	00:11:19	that is normally trapped with front of house
Joshua Prince-Ramus- Behind the design of Seattle's library - TED Talk.mp4	00:11:21	and back of house spaces has been liberated.
Joshua Prince-Ramus- Behind the design of Seattle's library - TED Talk.mp4	00:11:23	So an artistic director has the ability to have a performance
Joshua Prince-Ramus- Behind the design of Seattle's library - TED Talk.mp4	00:11:26	that enters in a Wagnerian procession,
Joshua Prince-Ramus- Behind the design of Seattle's library - TED Talk.mp4	00:11:28	shows the first act in thrust,
Joshua Prince-Ramus- Behind the design of Seattle's library - TED Talk.mp4	00:11:31	the intermission in a Greek procession,
Joshua Prince-Ramus- Behind the design of Seattle's library - TED Talk.mp4	00:11:34	second act in arena, and so forth.
Joshua Prince-Ramus- Behind the design of Seattle's library - TED Talk.mp4	00:11:36	So I'm going to show you what this actually means.
Joshua Prince-Ramus- Behind the design of Seattle's library - TED Talk.mp4	00:11:38	This is the theater up close.
Joshua Prince-Ramus- Behind the design of Seattle's library - TED Talk.mp4	00:11:40	Any portion around the theater actually can be opened discreetly.
Joshua Prince-Ramus- Behind the design of Seattle's library - TED Talk.mp4	00:11:45	The light enclosure can be lifted separate
Joshua Prince-Ramus- Behind the design of Seattle's library - TED Talk.mp4	00:11:48	to the acoustic enclosure, so you can do Beckett
Joshua Prince-Ramus- Behind the design of Seattle's library - TED Talk.mp4	00:11:50	with Dallas as the backdrop.
Joshua Prince-Ramus- Behind the design of Seattle's library - TED Talk.mp4	00:11:53	Portions can be opened, so you can now actually have
Joshua Prince-Ramus- Behind the design of Seattle's library - TED Talk.mp4	00:11:55	motorcycles drive directly into the performance,
Joshua Prince-Ramus- Behind the design of Seattle's library - TED Talk.mp4	00:11:58	or you can even just have an open air performance
Joshua Prince-Ramus- Behind the design of Seattle's library - TED Talk.mp4	00:12:00	or for intermissions.
Joshua Prince-Ramus- Behind the design of Seattle's library - TED Talk.mp4	00:12:02	The balconies all move to go between those configurations,
Joshua Prince-Ramus- Behind the design of Seattle's library - TED Talk.mp4	00:12:04	but they also disappear.
Joshua Prince-Ramus- Behind the design of Seattle's library - TED Talk.mp4	00:12:06	The proscenium line can also disappear.
Joshua Prince-Ramus- Behind the design of Seattle's library - TED Talk.mp4	00:12:09	You can bring enormous objects in, so in fact,
Joshua Prince-Ramus- Behind the design of Seattle's library - TED Talk.mp4	00:12:11	the Dallas Theater Company, their first show,
Joshua Prince-Ramus- Behind the design of Seattle's library - TED Talk.mp4	00:12:13	will be played by Charles Lindbergh.
Joshua Prince-Ramus- Behind the design of Seattle's library - TED Talk.mp4	00:12:15	And they'll want to bring in real aircraft.
Joshua Prince-Ramus- Behind the design of Seattle's library - TED Talk.mp4	00:12:18	And then it also provides them in the off season
Joshua Prince-Ramus- Behind the design of Seattle's library - TED Talk.mp4	00:12:20	the ability to actually rent out their space
Joshua Prince-Ramus- Behind the design of Seattle's library - TED Talk.mp4	00:12:24	for entirely different things.
Joshua Prince-Ramus- Behind the design of Seattle's library - TED Talk.mp4	00:12:27	This is it at night, sorry, from a distance.
Joshua Prince-Ramus- Behind the design of Seattle's library - TED Talk.mp4	00:12:32	Open up entire portions for different kinds of events.
Joshua Prince-Ramus- Behind the design of Seattle's library - TED Talk.mp4	00:12:35	And at night, again, remove the light enclosure,
Joshua Prince-Ramus- Behind the design of Seattle's library - TED Talk.mp4	00:12:41	keep the acoustic enclosure.
Joshua Prince-Ramus- Behind the design of Seattle's library - TED Talk.mp4	00:12:42	This is a monster truck show.
Joshua Prince-Ramus- Behind the design of Seattle's library - TED Talk.mp4	00:12:44	I'm going to show now the last project.
Joshua Prince-Ramus- Behind the design of Seattle's library - TED Talk.mp4	00:12:46	This also was an unusual client.
Joshua Prince-Ramus- Behind the design of Seattle's library - TED Talk.mp4	00:12:48	They inverted the whole idea of development.
Joshua Prince-Ramus- Behind the design of Seattle's library - TED Talk.mp4	00:12:50	They came to us and they said, unlike normal developers,
Joshua Prince-Ramus- Behind the design of Seattle's library - TED Talk.mp4	00:12:53	they said, we want to start out with a project
Joshua Prince-Ramus- Behind the design of Seattle's library - TED Talk.mp4	00:12:54	by providing a contemporary art museum in Louisville.
Joshua Prince-Ramus- Behind the design of Seattle's library - TED Talk.mp4	00:12:58	That's our main goal.
Joshua Prince-Ramus- Behind the design of Seattle's library - TED Talk.mp4	00:12:59	And so instead of being a developer that sees an opportunity
Joshua Prince-Ramus- Behind the design of Seattle's library - TED Talk.mp4	00:13:01	to make money, they saw an ability to be a catalyst
Joshua Prince-Ramus- Behind the design of Seattle's library - TED Talk.mp4	00:13:04	in their downtown.
Joshua Prince-Ramus- Behind the design of Seattle's library - TED Talk.mp4	00:13:06	And the fact that they wanted to support the contemporary art museum
Joshua Prince-Ramus- Behind the design of Seattle's library - TED Talk.mp4	00:13:09	actually built their pro forma, so they worked in reverse.
Joshua Prince-Ramus- Behind the design of Seattle's library - TED Talk.mp4	00:13:12	And that pro forma led us to a mixed-use building
Joshua Prince-Ramus- Behind the design of Seattle's library - TED Talk.mp4	00:13:15	that was very large in order to support their aspirations of the art,
Joshua Prince-Ramus- Behind the design of Seattle's library - TED Talk.mp4	00:13:19	but it also opened up opportunities for the art itself
Joshua Prince-Ramus- Behind the design of Seattle's library - TED Talk.mp4	00:13:21	to collaborate, interact with commercial spaces
Joshua Prince-Ramus- Behind the design of Seattle's library - TED Talk.mp4	00:13:24	that actually artists more and more want to work within.
Joshua Prince-Ramus- Behind the design of Seattle's library - TED Talk.mp4	00:13:27	And it also charged us with thinking about how to have something
Joshua Prince-Ramus- Behind the design of Seattle's library - TED Talk.mp4	00:13:31	that was both a single building and a credible sort of sub-building.
Joshua Prince-Ramus- Behind the design of Seattle's library - TED Talk.mp4	00:13:35	So this is Louisville's skyline, and I'm going to take you through
Joshua Prince-Ramus- Behind the design of Seattle's library - TED Talk.mp4	00:13:38	the various constraints that led to the project.
Joshua Prince-Ramus- Behind the design of Seattle's library - TED Talk.mp4	00:13:41	First, the physical constraints.
Joshua Prince-Ramus- Behind the design of Seattle's library - TED Talk.mp4	00:13:42	We actually had to operate on three discrete sites,
Joshua Prince-Ramus- Behind the design of Seattle's library - TED Talk.mp4	00:13:45	all of them well, well smaller than the size of the building.
Joshua Prince-Ramus- Behind the design of Seattle's library - TED Talk.mp4	00:13:48	We had to operate next to the new Muhammad Ali Center and respect it.
Joshua Prince-Ramus- Behind the design of Seattle's library - TED Talk.mp4	00:13:52	We had to operate within the 100-year framework
Joshua Prince-Ramus- Behind the design of Seattle's library - TED Talk.mp4	00:13:54	of the new floodplain.
Joshua Prince-Ramus- Behind the design of Seattle's library - TED Talk.mp4	00:13:54	Now this area floods three to four times a year,
Joshua Prince-Ramus- Behind the design of Seattle's library - TED Talk.mp4	00:13:57	and there's a levee behind our site similar to the ones that broke in New Orleans.
Joshua Prince-Ramus- Behind the design of Seattle's library - TED Talk.mp4	00:14:01	We had to operate behind the I-64 corridor,
Joshua Prince-Ramus- Behind the design of Seattle's library - TED Talk.mp4	00:14:06	a street that cuts through the middle of these separate sites.
Joshua Prince-Ramus- Behind the design of Seattle's library - TED Talk.mp4	00:14:09	So these were starting to build a sort of nightmare of constraints in a bathtub.
Joshua Prince-Ramus- Behind the design of Seattle's library - TED Talk.mp4	00:14:14	Underneath the bathtub are the city's main power lines,
Joshua Prince-Ramus- Behind the design of Seattle's library - TED Talk.mp4	00:14:17	and there was a pedestrian corridor that they wanted to add
Joshua Prince-Ramus- Behind the design of Seattle's library - TED Talk.mp4	00:14:21	that would link a series of cultural buildings.
Joshua Prince-Ramus- Behind the design of Seattle's library - TED Talk.mp4	00:14:24	And a view corridor, because this is the historic district
Joshua Prince-Ramus- Behind the design of Seattle's library - TED Talk.mp4	00:14:26	that they didn't want to obstruct with the new building.
Joshua Prince-Ramus- Behind the design of Seattle's library - TED Talk.mp4	00:14:29	And now we're going to add 1.1 million square feet.
Joshua Prince-Ramus- Behind the design of Seattle's library - TED Talk.mp4	00:14:33	And if we did the traditional thing, that 1.1 million square feet,
Joshua Prince-Ramus- Behind the design of Seattle's library - TED Talk.mp4	00:14:36	these are the different programs.
Joshua Prince-Ramus- Behind the design of Seattle's library - TED Talk.mp4	00:14:38	Traditional thing would be to identify the public elements,
Joshua Prince-Ramus- Behind the design of Seattle's library - TED Talk.mp4	00:14:40	place them on sites, and now we'd have a really terrible situation,
Joshua Prince-Ramus- Behind the design of Seattle's library - TED Talk.mp4	00:14:43	a public thing in the middle of a bathtub that floods.
Joshua Prince-Ramus- Behind the design of Seattle's library - TED Talk.mp4	00:14:48	And then we would size all the other elements,
Joshua Prince-Ramus- Behind the design of Seattle's library - TED Talk.mp4	00:14:51	the different commercial elements, hotel, luxury housing,
Joshua Prince-Ramus- Behind the design of Seattle's library - TED Talk.mp4	00:14:54	
Joshua Prince-Ramus- Behind the design of Seattle's library - TED Talk.mp4	00:14:54	office, and so forth, and dump it on top.
Joshua Prince-Ramus- Behind the design of Seattle's library - TED Talk.mp4	00:14:55	And we would create something that was unviable.
Joshua Prince-Ramus- Behind the design of Seattle's library - TED Talk.mp4	00:14:59	In fact, and you know this, this is called the Time Warner Building.
Joshua Prince-Ramus- Behind the design of Seattle's library - TED Talk.mp4	00:15:04	So our strategy was very simple.
Joshua Prince-Ramus- Behind the design of Seattle's library - TED Talk.mp4	00:15:06	Just lift the entire block, flip some of the elements over,
Joshua Prince-Ramus- Behind the design of Seattle's library - TED Talk.mp4	00:15:11	reposition them so they have appropriate views and relationships to downtown,
Joshua Prince-Ramus- Behind the design of Seattle's library - TED Talk.mp4	00:15:15	and make circulation connections and reroute the road.
Joshua Prince-Ramus- Behind the design of Seattle's library - TED Talk.mp4	00:15:18	So that's the basic concept.
Joshua Prince-Ramus- Behind the design of Seattle's library - TED Talk.mp4	00:15:20	Now I'm going to show you what it leads to.
Joshua Prince-Ramus- Behind the design of Seattle's library - TED Talk.mp4	00:15:24	It seems a very formal, willful gesture,
Joshua Prince-Ramus- Behind the design of Seattle's library - TED Talk.mp4	00:15:26	but something derived entirely out of the constraints.
Joshua Prince-Ramus- Behind the design of Seattle's library - TED Talk.mp4	00:15:29	And again, when we unveiled it, there was sort of nervousness
Joshua Prince-Ramus- Behind the design of Seattle's library - TED Talk.mp4	00:15:31	that this was about an architect making a statement,
Joshua Prince-Ramus- Behind the design of Seattle's library - TED Talk.mp4	00:15:34	not an architect who was attempting to solve a series of problems.
Joshua Prince-Ramus- Behind the design of Seattle's library - TED Talk.mp4	00:15:38	Now within that center zone, as I said,
Joshua Prince-Ramus- Behind the design of Seattle's library - TED Talk.mp4	00:15:40	we have the ability to mix a series of things.
Joshua Prince-Ramus- Behind the design of Seattle's library - TED Talk.mp4	00:15:43	So here you can see that these, this is sort of an x-ray.
Joshua Prince-Ramus- Behind the design of Seattle's library - TED Talk.mp4	00:15:45	The towers are totally developer-driven.
Joshua Prince-Ramus- Behind the design of Seattle's library - TED Talk.mp4	00:15:47	They told us the dimensions, the sizes, and so forth,
Joshua Prince-Ramus- Behind the design of Seattle's library - TED Talk.mp4	00:15:50	and then we focused on taking all the public components,
Joshua Prince-Ramus- Behind the design of Seattle's library - TED Talk.mp4	00:15:52	the lobbies, the bars, the buildings, the buildings, the buildings, the buildings,
Joshua Prince-Ramus- Behind the design of Seattle's library - TED Talk.mp4	00:15:53	everything that different commercial elements would have
Joshua Prince-Ramus- Behind the design of Seattle's library - TED Talk.mp4	00:15:57	and combined it in the center in this sort of subway map
Joshua Prince-Ramus- Behind the design of Seattle's library - TED Talk.mp4	00:16:00	in the transfer zone that would also include the contemporary art museum.
Joshua Prince-Ramus- Behind the design of Seattle's library - TED Talk.mp4	00:16:03	So it creates a situation like this,
Joshua Prince-Ramus- Behind the design of Seattle's library - TED Talk.mp4	00:16:05	where you have artists who can operate within an art space
Joshua Prince-Ramus- Behind the design of Seattle's library - TED Talk.mp4	00:16:09	that also has an amazing view on the 22nd floor,
Joshua Prince-Ramus- Behind the design of Seattle's library - TED Talk.mp4	00:16:12	but it also has proximity that the curator can either open or close
Joshua Prince-Ramus- Behind the design of Seattle's library - TED Talk.mp4	00:16:15	that allows people on exercise bicycles to be seen or to see the art and so forth.
Joshua Prince-Ramus- Behind the design of Seattle's library - TED Talk.mp4	00:16:20	It also means if an artist wants to invade something like a swimming pool,
Joshua Prince-Ramus- Behind the design of Seattle's library - TED Talk.mp4	00:16:23	they can begin to do their exhibition in a swimming pool.
Joshua Prince-Ramus- Behind the design of Seattle's library - TED Talk.mp4	00:16:25	So they're not forced to always work within the confines of a contemporary gallery space.
Joshua Prince-Ramus- Behind the design of Seattle's library - TED Talk.mp4	00:16:30	So how to build this?
Joshua Prince-Ramus- Behind the design of Seattle's library - TED Talk.mp4	00:16:32	It's very simple. It's a chair.
Joshua Prince-Ramus- Behind the design of Seattle's library - TED Talk.mp4	00:16:34	So we begin by building the cores.
Joshua Prince-Ramus- Behind the design of Seattle's library - TED Talk.mp4	00:16:37	As we're building the cores, we build the contemporary art museum at grade.
Joshua Prince-Ramus- Behind the design of Seattle's library - TED Talk.mp4	00:16:40	That allows us to have incredible efficiency and cost efficiency.
Joshua Prince-Ramus- Behind the design of Seattle's library - TED Talk.mp4	00:16:43	This is not a high-budget building.
Joshua Prince-Ramus- Behind the design of Seattle's library - TED Talk.mp4	00:16:45	The moment the cores get to mid-level, we finish the art museum,
Joshua Prince-Ramus- Behind the design of Seattle's library - TED Talk.mp4	00:16:48	we put all the mechanical equipment in it, and then we jack it up into the air.
Joshua Prince-Ramus- Behind the design of Seattle's library - TED Talk.mp4	00:16:51	This is how they build really large aircraft hangars.
Joshua Prince-Ramus- Behind the design of Seattle's library - TED Talk.mp4	00:16:53	For instance, the ones that they did for the A380.
Joshua Prince-Ramus- Behind the design of Seattle's library - TED Talk.mp4	00:16:57	Finish the cores, finish the meat, and you get something that looks like this.
Joshua Prince-Ramus- Behind the design of Seattle's library - TED Talk.mp4	00:17:01	Now I only have about 30 seconds, so I want to start an animation,
Joshua Prince-Ramus- Behind the design of Seattle's library - TED Talk.mp4	00:17:05	and we'll conclude with that.
Joshua Prince-Ramus- Behind the design of Seattle's library - TED Talk.mp4	00:17:11	Chris asked me to add the theater is under construction,
Joshua Prince-Ramus- Behind the design of Seattle's library - TED Talk.mp4	00:17:15	and this project will start construction in about a year and finish in 2010.
Joshua Prince-Ramus- Behind the design of Seattle's library - TED Talk.mp4	00:17:25	I don't get novelty.
Joshua Prince-Ramus- Behind the design of Seattle's library - TED Talk.mp4	00:17:30	So, the firstrop sin고요,
Joshua Prince-Ramus- Behind the design of Seattle's library - TED Talk.mp4	00:17:34	is детей
Joshua Prince-Ramus- Behind the design of Seattle's library - TED Talk.mp4	00:17:35	V
Joshua Prince-Ramus- Behind the design of Seattle's library - TED Talk.mp4	00:17:36	
Joshua Prince-Ramus- Behind the design of Seattle's library - TED Talk.mp4	00:17:36	
Julia Sweeney- Letting go of God - TED Talk.mp4	00:00:01	Tanya Cushman Reviewer's Name Reviewer's Name
Julia Sweeney- Letting go of God - TED Talk.mp4	00:00:03	On September 10th, the morning of my seventh birthday,
Julia Sweeney- Letting go of God - TED Talk.mp4	00:00:07	I came downstairs to the kitchen where my mother was washing the dishes
Julia Sweeney- Letting go of God - TED Talk.mp4	00:00:10	and my father was reading the paper or something,
Julia Sweeney- Letting go of God - TED Talk.mp4	00:00:13	and I sort of presented myself to them in the doorway,
Julia Sweeney- Letting go of God - TED Talk.mp4	00:00:15	and they said,
Julia Sweeney- Letting go of God - TED Talk.mp4	00:00:16	Hey, happy birthday!
Julia Sweeney- Letting go of God - TED Talk.mp4	00:00:18	And I said, I'm seven.
Julia Sweeney- Letting go of God - TED Talk.mp4	00:00:21	And my father smiled and said,
Julia Sweeney- Letting go of God - TED Talk.mp4	00:00:23	Well, you know what that means, don't you?
Julia Sweeney- Letting go of God - TED Talk.mp4	00:00:25	And I said,
Julia Sweeney- Letting go of God - TED Talk.mp4	00:00:26	Yeah, that I'm going to have a party and a cake and get a lot of presents?
Julia Sweeney- Letting go of God - TED Talk.mp4	00:00:30	And my dad said,
Julia Sweeney- Letting go of God - TED Talk.mp4	00:00:31	Well, yes, but more importantly, being seven means that you've reached the age of reason,
Julia Sweeney- Letting go of God - TED Talk.mp4	00:00:36	and you're now capable of committing any and all sins against God and man.
Julia Sweeney- Letting go of God - TED Talk.mp4	00:00:44	Now, I had heard this phrase, age of reason, before.
Julia Sweeney- Letting go of God - TED Talk.mp4	00:00:47	Sister Mary Kevin had been banding it about my second grade class at school,
Julia Sweeney- Letting go of God - TED Talk.mp4	00:00:51	but when she said it, the phrase seemed all caught up in the excitement of preparations
Julia Sweeney- Letting go of God - TED Talk.mp4	00:00:55	for our first birthday.
Julia Sweeney- Letting go of God - TED Talk.mp4	00:00:56	And I said,
Julia Sweeney- Letting go of God - TED Talk.mp4	00:00:56	Oh, my God, I'm so happy to be a part of the first communion and our first confession.
Julia Sweeney- Letting go of God - TED Talk.mp4	00:00:58	And everybody knew that was really all about the white dress and the white veil.
Julia Sweeney- Letting go of God - TED Talk.mp4	00:01:01	And anyway, I hadn't really paid all that much attention to that phrase, age of reason.
Julia Sweeney- Letting go of God - TED Talk.mp4	00:01:06	So I said,
Julia Sweeney- Letting go of God - TED Talk.mp4	00:01:07	Yeah, yeah, age of reason.
Julia Sweeney- Letting go of God - TED Talk.mp4	00:01:09	What does that mean again?
Julia Sweeney- Letting go of God - TED Talk.mp4	00:01:11	And my dad said,
Julia Sweeney- Letting go of God - TED Talk.mp4	00:01:12	Well, we believe in the Catholic Church that God knows that little kids don't know the difference
Julia Sweeney- Letting go of God - TED Talk.mp4	00:01:17	between right and wrong, but when you're seven, you're old enough to know better.
Julia Sweeney- Letting go of God - TED Talk.mp4	00:01:21	So you've grown up and reached the age of reason,
Julia Sweeney- Letting go of God - TED Talk.mp4	00:01:23	and now God will start keeping notes on you and begin your permanent record.
Julia Sweeney- Letting go of God - TED Talk.mp4	00:01:29	And I said,
Julia Sweeney- Letting go of God - TED Talk.mp4	00:01:30	Oh, wait a minute.
Julia Sweeney- Letting go of God - TED Talk.mp4	00:01:35	You mean all that time up till today, all that time I was so good, God didn't notice it?
Julia Sweeney- Letting go of God - TED Talk.mp4	00:01:42	And my mom said,
Julia Sweeney- Letting go of God - TED Talk.mp4	00:01:43	Well, I noticed it.
Julia Sweeney- Letting go of God - TED Talk.mp4	00:01:47	And I thought,
Julia Sweeney- Letting go of God - TED Talk.mp4	00:01:47	How could I not have known this before?
Julia Sweeney- Letting go of God - TED Talk.mp4	00:01:49	How could it not have sunk in when they'd been telling me all that being good and no real credit for it?
Julia Sweeney- Letting go of God - TED Talk.mp4	00:01:54	And worst of all, how could I not have realized this very important information
Julia Sweeney- Letting go of God - TED Talk.mp4	00:01:57	until the very day that it was basically useless to me?
Julia Sweeney- Letting go of God - TED Talk.mp4	00:02:01	So I said,
Julia Sweeney- Letting go of God - TED Talk.mp4	00:02:02	Well, Mom and Dad, what about Santa Claus?
Julia Sweeney- Letting go of God - TED Talk.mp4	00:02:04	I mean, Santa Claus knows if you're naughty or nice, right?
Julia Sweeney- Letting go of God - TED Talk.mp4	00:02:08	And my dad said,
Julia Sweeney- Letting go of God - TED Talk.mp4	00:02:09	Yeah, he knows.
Larry Brilliant- My wish- Help me stop pandemics - TED Talk.mp4	00:00:03	I'm the luckiest guy in the world.
Larry Brilliant- My wish- Help me stop pandemics - TED Talk.mp4	00:00:05	I got to see the last case of killer smallpox in the world.
Larry Brilliant- My wish- Help me stop pandemics - TED Talk.mp4	00:00:11	I was in India this past year and I may have seen the last cases of polio in the world.
Larry Brilliant- My wish- Help me stop pandemics - TED Talk.mp4	00:00:18	There's nothing that makes you feel more the blessing and the honor of working in a program like that
Larry Brilliant- My wish- Help me stop pandemics - TED Talk.mp4	00:00:25	than to know that something that horrible no longer exists.
Larry Brilliant- My wish- Help me stop pandemics - TED Talk.mp4	00:00:30	So I'm going to show you some dirty pictures.
Larry Brilliant- My wish- Help me stop pandemics - TED Talk.mp4	00:00:37	They are difficult to watch, but you should look at them with optimism
Larry Brilliant- My wish- Help me stop pandemics - TED Talk.mp4	00:00:43	because the horror of these pictures will be matched by the uplifting quality of knowing that they no longer exist.
Larry Brilliant- My wish- Help me stop pandemics - TED Talk.mp4	00:00:53	But first, I'm going to show you a picture of a man who was killed in a war.
Larry Brilliant- My wish- Help me stop pandemics - TED Talk.mp4	00:00:55	I'm going to tell you a little bit about my own journey.
Larry Brilliant- My wish- Help me stop pandemics - TED Talk.mp4	00:00:58	My background is not exactly the conventional medical education that you might expect.
Larry Brilliant- My wish- Help me stop pandemics - TED Talk.mp4	00:01:04	When I was an intern in San Francisco, I heard about a group of Native Americans
Larry Brilliant- My wish- Help me stop pandemics - TED Talk.mp4	00:01:11	who had taken over Alcatraz Island and a Native American who wanted to give birth on that island
Larry Brilliant- My wish- Help me stop pandemics - TED Talk.mp4	00:01:16	and no other doctor wanted to go and help her give birth.
Larry Brilliant- My wish- Help me stop pandemics - TED Talk.mp4	00:01:20	I went out to Alcatraz and I lived on the island for several weeks.
Larry Brilliant- My wish- Help me stop pandemics - TED Talk.mp4	00:01:24	She gave birth, I caught the baby, I got off the island, I landed in San Francisco
Larry Brilliant- My wish- Help me stop pandemics - TED Talk.mp4	00:01:29	and all the press wanted to talk to me because my three weeks on the island made me an expert in Indian affairs.
Larry Brilliant- My wish- Help me stop pandemics - TED Talk.mp4	00:01:36	I wound up on every television show.
Larry Brilliant- My wish- Help me stop pandemics - TED Talk.mp4	00:01:38	Someone saw me on television, they called me up and they asked me if I'd like to be in the movie
Larry Brilliant- My wish- Help me stop pandemics - TED Talk.mp4	00:01:42	and to play a young doctor for a bunch of rock and roll stars who were traveling in a bus ride from San Francisco to England.
Larry Brilliant- My wish- Help me stop pandemics - TED Talk.mp4	00:01:49	And I said, yes, I would do that.
Larry Brilliant- My wish- Help me stop pandemics - TED Talk.mp4	00:01:51	So I became the doctor in Alcatraz.
Larry Brilliant- My wish- Help me stop pandemics - TED Talk.mp4	00:01:53	I was in a movie, an absolutely awful movie, called Medicine Ball Caravan.
Larry Brilliant- My wish- Help me stop pandemics - TED Talk.mp4	00:01:58	Now you know from the 60s you're either on the bus or you're off the bus.
Larry Brilliant- My wish- Help me stop pandemics - TED Talk.mp4	00:02:01	I was on the bus.
Larry Brilliant- My wish- Help me stop pandemics - TED Talk.mp4	00:02:02	My wife and I of 37 years joined the bus.
Larry Brilliant- My wish- Help me stop pandemics - TED Talk.mp4	00:02:06	Our bus ride took us from San Francisco to London.
Larry Brilliant- My wish- Help me stop pandemics - TED Talk.mp4	00:02:08	We switched buses at the Big Pond.
Larry Brilliant- My wish- Help me stop pandemics - TED Talk.mp4	00:02:11	We then got on two more buses and we drove through Turkey and Iran, Afghanistan,
Larry Brilliant- My wish- Help me stop pandemics - TED Talk.mp4	00:02:17	over the Khyber Pass into Pakistan like every other young doctor.
Larry Brilliant- My wish- Help me stop pandemics - TED Talk.mp4	00:02:21	This is us at the Khyber Pass and that's our bus.
Larry Brilliant- My wish- Help me stop pandemics - TED Talk.mp4	00:02:23	We had some difficulty getting over the Khyber Pass,
Larry Brilliant- My wish- Help me stop pandemics - TED Talk.mp4	00:02:27	but we wound up in India.
Larry Brilliant- My wish- Help me stop pandemics - TED Talk.mp4	00:02:29	And then like everyone else in our generation we went to live in a Himalayan monastery.
Larry Brilliant- My wish- Help me stop pandemics - TED Talk.mp4	00:02:37	This is just like a residency program for those of you that are in medical school.
Larry Brilliant- My wish- Help me stop pandemics - TED Talk.mp4	00:02:43	And we studied with a wise man, a guru named Kiroli Baba,
Larry Brilliant- My wish- Help me stop pandemics - TED Talk.mp4	00:02:48	who then told me to get rid of the dress,
Larry Brilliant- My wish- Help me stop pandemics - TED Talk.mp4	00:02:52	put on a three piece suit, go join the army.
Larry Brilliant- My wish- Help me stop pandemics - TED Talk.mp4	00:02:54	
Larry Brilliant- My wish- Help me stop pandemics - TED Talk.mp4	00:02:54	
Larry Brilliant- My wish- Help me stop pandemics - TED Talk.mp4	00:02:54	
Larry Brilliant- My wish- Help me stop pandemics - TED Talk.mp4	00:02:54	
Larry Brilliant- My wish- Help me stop pandemics - TED Talk.mp4	00:02:54	
Larry Brilliant- My wish- Help me stop pandemics - TED Talk.mp4	00:02:54	
Larry Brilliant- My wish- Help me stop pandemics - TED Talk.mp4	00:02:54	
Larry Brilliant- My wish- Help me stop pandemics - TED Talk.mp4	00:02:54	
Majora Carter- Greening the ghetto - TED Talk.mp4	00:00:03	If you're here today, and I'm very happy that you are,
Majora Carter- Greening the ghetto - TED Talk.mp4	00:00:07	you've all heard about how sustainable development will save us from ourselves.
Majora Carter- Greening the ghetto - TED Talk.mp4	00:00:12	However, when we're not at TED,
Majora Carter- Greening the ghetto - TED Talk.mp4	00:00:14	we are often told that a real sustainability policy agenda is just not feasible,
Majora Carter- Greening the ghetto - TED Talk.mp4	00:00:19	especially in large urban areas like New York City.
Majora Carter- Greening the ghetto - TED Talk.mp4	00:00:22	And that's because most people with decision-making powers
Majora Carter- Greening the ghetto - TED Talk.mp4	00:00:25	in both the public and the private sector
Majora Carter- Greening the ghetto - TED Talk.mp4	00:00:27	really don't feel as though they're in danger.
Majora Carter- Greening the ghetto - TED Talk.mp4	00:00:30	The reason why I'm here today, in part, is because of a dog.
Majora Carter- Greening the ghetto - TED Talk.mp4	00:00:34	An abandoned puppy I found back in the rain back in 1998,
Majora Carter- Greening the ghetto - TED Talk.mp4	00:00:38	she turned out to be a much bigger dog than I'd anticipated.
Majora Carter- Greening the ghetto - TED Talk.mp4	00:00:41	When she came into my life, we were fighting against a huge waste facility
Majora Carter- Greening the ghetto - TED Talk.mp4	00:00:45	that planned for the East River waterfront.
Majora Carter- Greening the ghetto - TED Talk.mp4	00:00:48	Despite the fact that our small part of New York City
Majora Carter- Greening the ghetto - TED Talk.mp4	00:00:50	was already handled more than 40% of the entire city's commercial waste,
Majora Carter- Greening the ghetto - TED Talk.mp4	00:00:55	a sewage treatment pelletizing plant,
Majora Carter- Greening the ghetto - TED Talk.mp4	00:00:57	a sewage sludge plant, four power plants,
Majora Carter- Greening the ghetto - TED Talk.mp4	00:01:00	the world's largest food distribution center,
Majora Carter- Greening the ghetto - TED Talk.mp4	00:01:02	as well as other industries that bring more than 60,000 diesel truck trips
Majora Carter- Greening the ghetto - TED Talk.mp4	00:01:06	to the area each week.
Majora Carter- Greening the ghetto - TED Talk.mp4	00:01:08	The area also has one of the lowest ratios of parks to people in the city.
Majora Carter- Greening the ghetto - TED Talk.mp4	00:01:12	So when I was contacted by the Parks Department
Majora Carter- Greening the ghetto - TED Talk.mp4	00:01:14	about a $10,000 seed grant initiative to help develop waterfront projects,
Majora Carter- Greening the ghetto - TED Talk.mp4	00:01:18	I thought they were really well-meaning but a bit naive.
Majora Carter- Greening the ghetto - TED Talk.mp4	00:01:21	I'd lived in this area all my life,
Majora Carter- Greening the ghetto - TED Talk.mp4	00:01:23	and knew you could not get to the river
Majora Carter- Greening the ghetto - TED Talk.mp4	00:01:25	because of all the lovely facilities,
Majora Carter- Greening the ghetto - TED Talk.mp4	00:01:27	that I'd mentioned earlier.
Majora Carter- Greening the ghetto - TED Talk.mp4	00:01:28	Then while jogging with my dog one morning,
Majora Carter- Greening the ghetto - TED Talk.mp4	00:01:30	she pulled me into what I thought was just another illegal dump.
Majora Carter- Greening the ghetto - TED Talk.mp4	00:01:34	There were weeds and piles of garbage and other stuff that I won't mention here,
Majora Carter- Greening the ghetto - TED Talk.mp4	00:01:38	but she kept dragging me,
Majora Carter- Greening the ghetto - TED Talk.mp4	00:01:39	and lo and behold, at the end of that lot was the river.
Majora Carter- Greening the ghetto - TED Talk.mp4	00:01:42	I knew that this forgotten little street end,
Majora Carter- Greening the ghetto - TED Talk.mp4	00:01:44	abandoned like the dog that brought me there,
Majora Carter- Greening the ghetto - TED Talk.mp4	00:01:46	was worth saving.
Majora Carter- Greening the ghetto - TED Talk.mp4	00:01:47	And I knew it would grow to become the proud beginnings
Majora Carter- Greening the ghetto - TED Talk.mp4	00:01:50	of the community-led revitalization of the new South Bronx.
Majora Carter- Greening the ghetto - TED Talk.mp4	00:01:53	And just like my new dog,
Majora Carter- Greening the ghetto - TED Talk.mp4	00:01:55	it was an idea that got bigger
Majora Carter- Greening the ghetto - TED Talk.mp4	00:01:56	than I'd imagined.
Majora Carter- Greening the ghetto - TED Talk.mp4	00:01:57	We garnered much support along the way,
Majora Carter- Greening the ghetto - TED Talk.mp4	00:01:59	and the Hunts Point Riverside Park became the first waterfront park
Majora Carter- Greening the ghetto - TED Talk.mp4	00:02:02	that the South Bronx had had in more than 60 years.
Majora Carter- Greening the ghetto - TED Talk.mp4	00:02:05	We leveraged that $10,000 seed grant more than 300 times
Majora Carter- Greening the ghetto - TED Talk.mp4	00:02:08	into a $3 million park.
Majora Carter- Greening the ghetto - TED Talk.mp4	00:02:11	And in the fall, I'm actually going to exchange marriage vows
Majora Carter- Greening the ghetto - TED Talk.mp4	00:02:14	with my beloved.
Majora Carter- Greening the ghetto - TED Talk.mp4	00:02:16	Thank you very much.
Majora Carter- Greening the ghetto - TED Talk.mp4	00:02:22	That's him pressing my buttons back there,
Majora Carter- Greening the ghetto - TED Talk.mp4	00:02:24	which he does all the time.
Majora Carter- Greening the ghetto - TED Talk.mp4	00:02:31	But those of us living in environmental justice communities
Majora Carter- Greening the ghetto - TED Talk.mp4	00:02:34	are the canary in the coal mine.
Majora Carter- Greening the ghetto - TED Talk.mp4	00:02:36	We feel the problems right now, and have for some time.
Majora Carter- Greening the ghetto - TED Talk.mp4	00:02:40	Environmental justice, for those of you who may not be familiar with the term,
Majora Carter- Greening the ghetto - TED Talk.mp4	00:02:43	goes something like this.
Majora Carter- Greening the ghetto - TED Talk.mp4	00:02:45	No community should be saddled with more environmental burdens
Majora Carter- Greening the ghetto - TED Talk.mp4	00:02:48	and less environmental benefits than any other.
Majora Carter- Greening the ghetto - TED Talk.mp4	00:02:51	Unfortunately, race and class are extremely reliable indicators as to where one might
Majora Carter- Greening the ghetto - TED Talk.mp4	00:02:56	find the good stuff, like parks and trees,
Majora Carter- Greening the ghetto - TED Talk.mp4	00:02:58	and where one might find the bad stuff, like power plants and waste facilities.
Majora Carter- Greening the ghetto - TED Talk.mp4	00:03:01	As a black person in America, I am twice as likely as a white person
Majora Carter- Greening the ghetto - TED Talk.mp4	00:03:04	to live in an area where air pollution poses the greatest risk to my health.
Majora Carter- Greening the ghetto - TED Talk.mp4	00:03:08	I am five times more likely to live within walking distance
Majora Carter- Greening the ghetto - TED Talk.mp4	00:03:11	of a power plant or a chemical facility, which I do.
Majora Carter- Greening the ghetto - TED Talk.mp4	00:03:15	These land use decisions created the hostile conditions
Majora Carter- Greening the ghetto - TED Talk.mp4	00:03:18	that lead to problems like obesity, diabetes, and asthma.
Majora Carter- Greening the ghetto - TED Talk.mp4	00:03:21	Why would someone leave their home to go for a brisk walk in a toxic neighborhood?
Majora Carter- Greening the ghetto - TED Talk.mp4	00:03:24	Our 27% of the population in the United States, who are black, white, and white, are black.
Majora Carter- Greening the ghetto - TED Talk.mp4	00:03:26	
Majora Carter- Greening the ghetto - TED Talk.mp4	00:03:26	Our national obesity rate is high even for this country, and diabetes comes with it.
Majora Carter- Greening the ghetto - TED Talk.mp4	00:03:29	One out of four South Bronx children has asthma.
Majora Carter- Greening the ghetto - TED Talk.mp4	00:03:31	Our asthma hospitalization rate is seven times higher than the national average.
Majora Carter- Greening the ghetto - TED Talk.mp4	00:03:35	These impacts are coming everyone's way, and we all pay dearly for solid waste costs,
Majora Carter- Greening the ghetto - TED Talk.mp4	00:03:40	health problems associated with pollution, and more odiously,
Majora Carter- Greening the ghetto - TED Talk.mp4	00:03:43	the cost of imprisoning our young black and Latino men
Majora Carter- Greening the ghetto - TED Talk.mp4	00:03:46	who possess untold amounts of untapped potential.
Majora Carter- Greening the ghetto - TED Talk.mp4	00:03:49	50% of our residents live at or below the poverty line.
Majora Carter- Greening the ghetto - TED Talk.mp4	00:03:52	25% of us are unemployed.
Majora Carter- Greening the ghetto - TED Talk.mp4	00:03:53	Low-income citizens often use emergency rooms
Majora Carter- Greening the ghetto - TED Talk.mp4	00:03:56	visits as primary care.
Majora Carter- Greening the ghetto - TED Talk.mp4	00:03:58	This comes at a high cost to taxpayers and produces no proportional benefits.
Majora Carter- Greening the ghetto - TED Talk.mp4	00:04:02	Poor people are not only still poor, they are still healthy. Unhealthy.
Majora Carter- Greening the ghetto - TED Talk.mp4	00:04:06	Fortunately, there are many people like me who are striving for solutions
Majora Carter- Greening the ghetto - TED Talk.mp4	00:04:09	that won't compromise the lives of low-income communities of color
Majora Carter- Greening the ghetto - TED Talk.mp4	00:04:12	in the short term and won't destroy us all in the long term.
Majora Carter- Greening the ghetto - TED Talk.mp4	00:04:15	None of us want that, and we all have that in common.
Majora Carter- Greening the ghetto - TED Talk.mp4	00:04:18	So what else do we have in common?
Majora Carter- Greening the ghetto - TED Talk.mp4	00:04:19	Well, first of all, we're all incredibly good-looking.
Majora Carter- Greening the ghetto - TED Talk.mp4	00:04:24	Graduated high school, college, post-graduate,
Majora Carter- Greening the ghetto - TED Talk.mp4	00:04:26	traveled to interesting places, didn't have kids in your early teens,
Majora Carter- Greening the ghetto - TED Talk.mp4	00:04:30	financially stable, never been imprisoned.
Majora Carter- Greening the ghetto - TED Talk.mp4	00:04:33	Okay, good.
Majora Carter- Greening the ghetto - TED Talk.mp4	00:04:36	But besides being a black woman,
Majora Carter- Greening the ghetto - TED Talk.mp4	00:04:38	I am different from most of you in some other ways.
Majora Carter- Greening the ghetto - TED Talk.mp4	00:04:40	I watched nearly half of the buildings in my neighborhood burn down.
Majora Carter- Greening the ghetto - TED Talk.mp4	00:04:44	My big brother Lenny fought in Vietnam only to be gunned down
Majora Carter- Greening the ghetto - TED Talk.mp4	00:04:47	a few blocks from our home.
Majora Carter- Greening the ghetto - TED Talk.mp4	00:04:52	Jesus, I grew up with a crack house across the street.
Majora Carter- Greening the ghetto - TED Talk.mp4	00:04:58	Yeah, I'm a poor black child from the ghetto.
Majora Carter- Greening the ghetto - TED Talk.mp4	00:05:02	These things make me different from you,
Majora Carter- Greening the ghetto - TED Talk.mp4	00:05:04	but the things we have in common set me apart from most of the people in my community.
Majora Carter- Greening the ghetto - TED Talk.mp4	00:05:08	And I'm in between these two worlds with enough of my heart
Majora Carter- Greening the ghetto - TED Talk.mp4	00:05:11	to fight for justice in the other.
Majora Carter- Greening the ghetto - TED Talk.mp4	00:05:14	So how did things get so different for us?
Majora Carter- Greening the ghetto - TED Talk.mp4	00:05:16	In the late 40s, my dad, a Pullman porter, son of a slave,
Majora Carter- Greening the ghetto - TED Talk.mp4	00:05:20	bought a house in the Hunts Point section of the South Bronx,
Majora Carter- Greening the ghetto - TED Talk.mp4	00:05:22	and a few years later, he married my mom.
Majora Carter- Greening the ghetto - TED Talk.mp4	00:05:24	At the time, the community was in a state of crisis.
Majora Carter- Greening the ghetto - TED Talk.mp4	00:05:26	It was a mostly white, working-class neighborhood.
Majora Carter- Greening the ghetto - TED Talk.mp4	00:05:28	My dad was not alone, and as others like him
Majora Carter- Greening the ghetto - TED Talk.mp4	00:05:31	pursued their own version of the American dream,
Majora Carter- Greening the ghetto - TED Talk.mp4	00:05:33	white flight became common in the South Bronx
Majora Carter- Greening the ghetto - TED Talk.mp4	00:05:35	and in many cities around the country.
Majora Carter- Greening the ghetto - TED Talk.mp4	00:05:38	Redlining was used by banks wherein certain sections of the city,
Majora Carter- Greening the ghetto - TED Talk.mp4	00:05:42	including ours, were deemed off-limits to any sort of investment.
Majora Carter- Greening the ghetto - TED Talk.mp4	00:05:45	Many landlords believed it was more profitable
Majora Carter- Greening the ghetto - TED Talk.mp4	00:05:48	to torch their buildings and collect insurance money
Majora Carter- Greening the ghetto - TED Talk.mp4	00:05:50	rather than to sell under those conditions,
Majora Carter- Greening the ghetto - TED Talk.mp4	00:05:53	dead or injured former tenants notwithstanding.
Majora Carter- Greening the ghetto - TED Talk.mp4	00:05:56	Hunts Point was formerly a walk-to-work community,
Majora Carter- Greening the ghetto - TED Talk.mp4	00:05:58	but now residents had neither work nor home to walk to.
Majora Carter- Greening the ghetto - TED Talk.mp4	00:06:02	A national highway construction boom was added to our problems.
Majora Carter- Greening the ghetto - TED Talk.mp4	00:06:06	In New York State, Robert Moses spearheaded an aggressive highway expansion campaign.
Majora Carter- Greening the ghetto - TED Talk.mp4	00:06:11	One of its primary goals was to make it easier for residents
Majora Carter- Greening the ghetto - TED Talk.mp4	00:06:13	of wealthy communities in Westchester County to go to Manhattan.
Majora Carter- Greening the ghetto - TED Talk.mp4	00:06:18	The South Bronx, which lies in between, did not stand a chance.
Majora Carter- Greening the ghetto - TED Talk.mp4	00:06:21	Residents were often given less than a month's notice
Majora Carter- Greening the ghetto - TED Talk.mp4	00:06:24	before their buildings were razed.
Majora Carter- Greening the ghetto - TED Talk.mp4	00:06:26	More than 100,000 people were displaced.
Majora Carter- Greening the ghetto - TED Talk.mp4	00:06:28	The common perception was that only pimps and pushers
Majora Carter- Greening the ghetto - TED Talk.mp4	00:06:30	and prostitutes were from the South Bronx.
Majora Carter- Greening the ghetto - TED Talk.mp4	00:06:33	And if you are told from your earliest days
Majora Carter- Greening the ghetto - TED Talk.mp4	00:06:36	that nothing good is going to come from your community
Majora Carter- Greening the ghetto - TED Talk.mp4	00:06:38	that is bad and ugly, how could it not reflect on you?
Majora Carter- Greening the ghetto - TED Talk.mp4	00:06:42	So now, my family's property was worthless,
Majora Carter- Greening the ghetto - TED Talk.mp4	00:06:45	save for that it was our home and all we had.
Majora Carter- Greening the ghetto - TED Talk.mp4	00:06:47	And luckily for me, that home and the love inside of it,
Majora Carter- Greening the ghetto - TED Talk.mp4	00:06:51	along with help from teachers, mentors, and friends along the way,
Majora Carter- Greening the ghetto - TED Talk.mp4	00:06:55	was enough.
Majora Carter- Greening the ghetto - TED Talk.mp4	00:06:56	Now why is this story important?
Majora Carter- Greening the ghetto - TED Talk.mp4	00:06:58	Because from a planning perspective, economic degradation begets
Majora Carter- Greening the ghetto - TED Talk.mp4	00:07:02	environmental degradation, which begets social degradation.
Majora Carter- Greening the ghetto - TED Talk.mp4	00:07:06	The disinvestment that began in the 1960s set the stage
Majora Carter- Greening the ghetto - TED Talk.mp4	00:07:09	for all the environmental injustices that were to come.
Majora Carter- Greening the ghetto - TED Talk.mp4	00:07:12	Antiquated zoning and land use regulations are still used to this day
Majora Carter- Greening the ghetto - TED Talk.mp4	00:07:16	to continue putting polluting facilities in my neighborhood.
Majora Carter- Greening the ghetto - TED Talk.mp4	00:07:19	Are these factors taken into consideration when land use policy is decided?
Majora Carter- Greening the ghetto - TED Talk.mp4	00:07:23	What costs are associated with this?
Majora Carter- Greening the ghetto - TED Talk.mp4	00:07:25	Who makes these decisions?
Majora Carter- Greening the ghetto - TED Talk.mp4	00:07:25	And who pays?
Majora Carter- Greening the ghetto - TED Talk.mp4	00:07:26	Who profits?
Majora Carter- Greening the ghetto - TED Talk.mp4	00:07:27	Does anything justify what the local community goes through?
Majora Carter- Greening the ghetto - TED Talk.mp4	00:07:31	This was planning, in quotes, that did not have our best interests in mind.
Majora Carter- Greening the ghetto - TED Talk.mp4	00:07:36	Once we realized that, we decided it was time to do our own planning.
Majora Carter- Greening the ghetto - TED Talk.mp4	00:07:39	That small park I told you about earlier was the first stage
Majora Carter- Greening the ghetto - TED Talk.mp4	00:07:42	of building a greenway movement in the South Bronx.
Majora Carter- Greening the ghetto - TED Talk.mp4	00:07:44	I wrote a one and a quarter million dollar federal transportation grant
Majora Carter- Greening the ghetto - TED Talk.mp4	00:07:47	to design the plan for a waterfront esplanade with dedicated on-street bike paths.
Majora Carter- Greening the ghetto - TED Talk.mp4	00:07:51	Physical improvements help inform public policy regarding traffic,
Majora Carter- Greening the ghetto - TED Talk.mp4	00:07:55	safety, the placement of waste in other facilities,
Majora Carter- Greening the ghetto - TED Talk.mp4	00:07:57	which if done properly, don't compromise the community's quality of life.
Majora Carter- Greening the ghetto - TED Talk.mp4	00:08:01	They provide opportunities to be more physically active,
Majora Carter- Greening the ghetto - TED Talk.mp4	00:08:04	as well as local economic development.
Majora Carter- Greening the ghetto - TED Talk.mp4	00:08:06	Think bike shops, juice stands.
Majora Carter- Greening the ghetto - TED Talk.mp4	00:08:08	We secured $20 million to build first phase projects.
Majora Carter- Greening the ghetto - TED Talk.mp4	00:08:11	This is Lafayette Avenue, and that's redesigned by Matthews Nielsen Landscape Architects.
Majora Carter- Greening the ghetto - TED Talk.mp4	00:08:16	And once this path is constructed, it'll connect the South Bronx
Majora Carter- Greening the ghetto - TED Talk.mp4	00:08:19	with more than 400 acres of Randalls Island Park.
Majora Carter- Greening the ghetto - TED Talk.mp4	00:08:21	Right now we're separated by about 25 feet of water,
Majora Carter- Greening the ghetto - TED Talk.mp4	00:08:24	but this link will change that.
Majora Carter- Greening the ghetto - TED Talk.mp4	00:08:25	And as we nurture the natural environment, its abundance will give us back even more.
Majora Carter- Greening the ghetto - TED Talk.mp4	00:08:30	We run a project called Bronx Ecological Stewardship Training,
Majora Carter- Greening the ghetto - TED Talk.mp4	00:08:33	which provides job training in the fields of ecological restoration
Majora Carter- Greening the ghetto - TED Talk.mp4	00:08:36	so that folks from our community have the skills to compete for these well-paying jobs.
Majora Carter- Greening the ghetto - TED Talk.mp4	00:08:41	Little by little, we're seeding the area with green-collar jobs,
Majora Carter- Greening the ghetto - TED Talk.mp4	00:08:44	the people that have both a financial and personal stake in their environment.
Majora Carter- Greening the ghetto - TED Talk.mp4	00:08:48	The Sturgeon Expressway is an underutilized relic of the Robert Moses era,
Majora Carter- Greening the ghetto - TED Talk.mp4	00:08:52	built with no regard for the environment.
Majora Carter- Greening the ghetto - TED Talk.mp4	00:08:54	It's a very isolated neighborhood, and neighborhoods that were divided by it.
Majora Carter- Greening the ghetto - TED Talk.mp4	00:08:56	Even during rush hour, it goes virtually unused.
Majora Carter- Greening the ghetto - TED Talk.mp4	00:08:58	The community created an alternative transportation plan
Majora Carter- Greening the ghetto - TED Talk.mp4	00:09:01	that allows for the removal of the highway.
Majora Carter- Greening the ghetto - TED Talk.mp4	00:09:04	We have the opportunity now to bring together all the stakeholders
Majora Carter- Greening the ghetto - TED Talk.mp4	00:09:06	to re-envision how those 28 acres can be better utilized for parkland,
Majora Carter- Greening the ghetto - TED Talk.mp4	00:09:10	affordable housing, and local economic development.
Majora Carter- Greening the ghetto - TED Talk.mp4	00:09:12	We also built the New York City's first green and cool-roof demonstration project
Majora Carter- Greening the ghetto - TED Talk.mp4	00:09:17	on top of our offices.
Majora Carter- Greening the ghetto - TED Talk.mp4	00:09:19	Cool roofs are highly reflective surfaces that don't absorb solar heat,
Majora Carter- Greening the ghetto - TED Talk.mp4	00:09:22	and pass it on to the building or atmosphere.
Majora Carter- Greening the ghetto - TED Talk.mp4	00:09:24	Green roofs are soil and living plants.
Majora Carter- Greening the ghetto - TED Talk.mp4	00:09:26	Both can be used instead of petroleum-based roofing materials that absorb heat,
Majora Carter- Greening the ghetto - TED Talk.mp4	00:09:31	contribute to urban heat island effects, and degrade under the sun,
Majora Carter- Greening the ghetto - TED Talk.mp4	00:09:34	which we in turn breathe.
Majora Carter- Greening the ghetto - TED Talk.mp4	00:09:35	Green roofs also retain up to 75% of rainfall,
Majora Carter- Greening the ghetto - TED Talk.mp4	00:09:38	so they reduce a city's need to fund costly end-of-pipe solutions,
Majora Carter- Greening the ghetto - TED Talk.mp4	00:09:41	which, incidentally, are often located in environmental justice communities like mine.
Majora Carter- Greening the ghetto - TED Talk.mp4	00:09:46	And they provide habitats for our little friends.
Majora Carter- Greening the ghetto - TED Talk.mp4	00:09:49	So cool.
Majora Carter- Greening the ghetto - TED Talk.mp4	00:09:52	Anyway, the demonstration project is a springboard
Majora Carter- Greening the ghetto - TED Talk.mp4	00:09:55	for our own green roof installation business,
Majora Carter- Greening the ghetto - TED Talk.mp4	00:09:57	bringing jobs and sustainable economic activity to the South Bronx.
Majora Carter- Greening the ghetto - TED Talk.mp4	00:10:06	I like that, too.
Majora Carter- Greening the ghetto - TED Talk.mp4	00:10:08	Anyway, I know Chris told us not to do pitches up here,
Majora Carter- Greening the ghetto - TED Talk.mp4	00:10:12	but since I have all of your attention, we need investors.
Majora Carter- Greening the ghetto - TED Talk.mp4	00:10:14	End of pitch. It's better to ask for forgiveness than permission.
Majora Carter- Greening the ghetto - TED Talk.mp4	00:10:17	Anyway.
Majora Carter- Greening the ghetto - TED Talk.mp4	00:10:25	Okay.
Majora Carter- Greening the ghetto - TED Talk.mp4	00:10:26	Katrina.
Majora Carter- Greening the ghetto - TED Talk.mp4	00:10:29	Prior to Katrina, the South Bronx and New Orleans Ninth Ward had a lot in common.
Majora Carter- Greening the ghetto - TED Talk.mp4	00:10:33	Both were largely populated by poor people of color.
Majora Carter- Greening the ghetto - TED Talk.mp4	00:10:36	Both hotbeds of cultural innovation. Think hip-hop and jazz.
Majora Carter- Greening the ghetto - TED Talk.mp4	00:10:39	Both are waterfront communities that host both industries and residents
Majora Carter- Greening the ghetto - TED Talk.mp4	00:10:42	in close proximity to one another.
Majora Carter- Greening the ghetto - TED Talk.mp4	00:10:44	In the post-Katrina era, we have still more in common.
Majora Carter- Greening the ghetto - TED Talk.mp4	00:10:47	We're at best ignored and maligned and abused at worst.
Majora Carter- Greening the ghetto - TED Talk.mp4	00:10:51	By negligent, racist, and violent,
Majora Carter- Greening the ghetto - TED Talk.mp4	00:10:52	regulatory agencies, pernicious zoning,
Majora Carter- Greening the ghetto - TED Talk.mp4	00:10:54	and lax governmental accountability.
Majora Carter- Greening the ghetto - TED Talk.mp4	00:10:57	Neither the destruction of the Ninth Ward nor the South Bronx was inevitable.
Majora Carter- Greening the ghetto - TED Talk.mp4	00:11:01	But we have emerged with valuable lessons about how to dig ourselves out.
Majora Carter- Greening the ghetto - TED Talk.mp4	00:11:05	We are more than simply national symbols of urban blight
Majora Carter- Greening the ghetto - TED Talk.mp4	00:11:09	or problems to be solved by empty campaign promises of presidents come and gone.
Majora Carter- Greening the ghetto - TED Talk.mp4	00:11:14	Now, will we let the Gulf Coast languish for a decade or two like the South Bronx did?
Majora Carter- Greening the ghetto - TED Talk.mp4	00:11:18	Or will we take proactive steps and learn from the homegrown resource of grassroots,
Majora Carter- Greening the ghetto - TED Talk.mp4	00:11:22	activists that have been born of desperation out in communities like mine?
Majora Carter- Greening the ghetto - TED Talk.mp4	00:11:26	Now, listen, I do not expect individuals, corporations, or government
Majora Carter- Greening the ghetto - TED Talk.mp4	00:11:30	to make the world a better place because it is right or moral.
Majora Carter- Greening the ghetto - TED Talk.mp4	00:11:33	This presentation today only represents some of what I've been through.
Majora Carter- Greening the ghetto - TED Talk.mp4	00:11:38	Like a tiny little bit. You have no clue.
Majora Carter- Greening the ghetto - TED Talk.mp4	00:11:40	But I'll tell you later if you want to know.
Majora Carter- Greening the ghetto - TED Talk.mp4	00:11:42	But I know it's the bottom line or one's perception of it
Majora Carter- Greening the ghetto - TED Talk.mp4	00:11:47	that motivates people in the end.
Majora Carter- Greening the ghetto - TED Talk.mp4	00:11:49	I'm interested in what I like to call the triple bottom line
Majora Carter- Greening the ghetto - TED Talk.mp4	00:11:52	that sustainable development can produce.
Majora Carter- Greening the ghetto - TED Talk.mp4	00:11:54	Developments that have the potential to create positive returns
Majora Carter- Greening the ghetto - TED Talk.mp4	00:11:58	for all concerned.
Majora Carter- Greening the ghetto - TED Talk.mp4	00:11:59	The developers, government, and the community where these projects go up.
Majora Carter- Greening the ghetto - TED Talk.mp4	00:12:04	At present, that's not happening in New York City.
Majora Carter- Greening the ghetto - TED Talk.mp4	00:12:07	And we are operating with a comprehensive urban planning deficit.
Majora Carter- Greening the ghetto - TED Talk.mp4	00:12:11	A parade of government subsidies is going to propose big box and stadium developments in the South Bronx.
Majora Carter- Greening the ghetto - TED Talk.mp4	00:12:17	But there is scant coordination between city agencies
Majora Carter- Greening the ghetto - TED Talk.mp4	00:12:20	on how to deal with the cumulative effects
Majora Carter- Greening the ghetto - TED Talk.mp4	00:12:22	of increased traffic, pollution, solid waste, and the impacts on open space.
Majora Carter- Greening the ghetto - TED Talk.mp4	00:12:26	And their approaches to local economic and job development are so lame.
Majora Carter- Greening the ghetto - TED Talk.mp4	00:12:31	It's not even funny.
Majora Carter- Greening the ghetto - TED Talk.mp4	00:12:33	Because on top of that, the world's richest sports team
Majora Carter- Greening the ghetto - TED Talk.mp4	00:12:37	is replacing the house that Ruth built by destroying two well-loved community parks.
Majora Carter- Greening the ghetto - TED Talk.mp4	00:12:42	Now we'll have even less than that stat I told you about earlier.
Majora Carter- Greening the ghetto - TED Talk.mp4	00:12:44	And although less than 25% of South Bronx residents own cars,
Majora Carter- Greening the ghetto - TED Talk.mp4	00:12:48	these projects include thousands of new parking spaces.
Majora Carter- Greening the ghetto - TED Talk.mp4	00:12:51	Yet, zip in terms of mass public transit.
Majora Carter- Greening the ghetto - TED Talk.mp4	00:12:55	Now what's missing from the larger debate
Majora Carter- Greening the ghetto - TED Talk.mp4	00:12:56	is a comprehensive cost-benefit analysis
Majora Carter- Greening the ghetto - TED Talk.mp4	00:12:59	between not fixing an unhealthy, environmentally challenged community
Majora Carter- Greening the ghetto - TED Talk.mp4	00:13:02	versus incorporating structural, sustainable changes.
Majora Carter- Greening the ghetto - TED Talk.mp4	00:13:06	My agency is working closely with Columbia University
Majora Carter- Greening the ghetto - TED Talk.mp4	00:13:08	and others to shine a light on these issues.
Majora Carter- Greening the ghetto - TED Talk.mp4	00:13:11	Now, let's get this straight.
Majora Carter- Greening the ghetto - TED Talk.mp4	00:13:12	I am not anti-development.
Majora Carter- Greening the ghetto - TED Talk.mp4	00:13:14	Ours is a city, not a wilderness preserve.
Majora Carter- Greening the ghetto - TED Talk.mp4	00:13:16	And I've embraced my inner capitalist.
Majora Carter- Greening the ghetto - TED Talk.mp4	00:13:19	But I don't have...
Majora Carter- Greening the ghetto - TED Talk.mp4	00:13:22	We probably all have.
Majora Carter- Greening the ghetto - TED Talk.mp4	00:13:24	If you haven't, you need to.
Majora Carter- Greening the ghetto - TED Talk.mp4	00:13:29	So I don't have a problem with developers making money.
Majora Carter- Greening the ghetto - TED Talk.mp4	00:13:33	There's enough precedent out there to show that a sustainable,
Majora Carter- Greening the ghetto - TED Talk.mp4	00:13:35	community-friendly development can still make a fortune.
Majora Carter- Greening the ghetto - TED Talk.mp4	00:13:40	Former, you know, fellow TEDsters, Bill Madonna and Amory Lovins,
Majora Carter- Greening the ghetto - TED Talk.mp4	00:13:43	both heroes of mine, by the way,
Majora Carter- Greening the ghetto - TED Talk.mp4	00:13:44	you know, have shown that you can actually do that.
Majora Carter- Greening the ghetto - TED Talk.mp4	00:13:47	I do have a problem with developments
Majora Carter- Greening the ghetto - TED Talk.mp4	00:13:49	that hyper-exploit politically vulnerable communities.
Majora Carter- Greening the ghetto - TED Talk.mp4	00:13:51	I do have a problem with the fact that
Majora Carter- Greening the ghetto - TED Talk.mp4	00:13:51	the way we create is not just for profit.
Majora Carter- Greening the ghetto - TED Talk.mp4	00:13:52	That it continues is a shame upon us all
Majora Carter- Greening the ghetto - TED Talk.mp4	00:13:55	because we are all responsible for the future that we create.
Majora Carter- Greening the ghetto - TED Talk.mp4	00:13:58	But one of the things I do to remind myself of greater possibilities
Majora Carter- Greening the ghetto - TED Talk.mp4	00:14:01	is to learn from visionaries in other cities.
Majora Carter- Greening the ghetto - TED Talk.mp4	00:14:03	This is my version of globalization.
Majora Carter- Greening the ghetto - TED Talk.mp4	00:14:05	Let's take Bogota.
Majora Carter- Greening the ghetto - TED Talk.mp4	00:14:06	A poor Latino surrounded by runaway gun violence and drug trafficking.
Majora Carter- Greening the ghetto - TED Talk.mp4	00:14:11	A reputation not unlike that of the South Bronx.
Majora Carter- Greening the ghetto - TED Talk.mp4	00:14:13	However, this city was blessed in the late 1990s
Majora Carter- Greening the ghetto - TED Talk.mp4	00:14:17	with a highly influential mayor
Majora Carter- Greening the ghetto - TED Talk.mp4	00:14:18	named Enrique Peñalosa.
Majora Carter- Greening the ghetto - TED Talk.mp4	00:14:21	He looked at the demographics.
Majora Carter- Greening the ghetto - TED Talk.mp4	00:14:23	Few Bogotanos owned cars,
Majora Carter- Greening the ghetto - TED Talk.mp4	00:14:24	yet a huge portion of the city's resources
Majora Carter- Greening the ghetto - TED Talk.mp4	00:14:27	was dedicated to serving them.
Majora Carter- Greening the ghetto - TED Talk.mp4	00:14:29	If you're a mayor, you can do something about that.
Majora Carter- Greening the ghetto - TED Talk.mp4	00:14:31	His administration narrowed key municipal thoroughfares
Majora Carter- Greening the ghetto - TED Talk.mp4	00:14:34	from five lanes to three,
Majora Carter- Greening the ghetto - TED Talk.mp4	00:14:35	outlawed parking on those streets,
Majora Carter- Greening the ghetto - TED Talk.mp4	00:14:37	expanded pedestrian walkways and bike lanes,
Majora Carter- Greening the ghetto - TED Talk.mp4	00:14:40	created public plazas,
Majora Carter- Greening the ghetto - TED Talk.mp4	00:14:42	created one of the most efficient bus mass transit systems
Majora Carter- Greening the ghetto - TED Talk.mp4	00:14:45	in the entire world.
Majora Carter- Greening the ghetto - TED Talk.mp4	00:14:47	For his brilliant efforts,
Majora Carter- Greening the ghetto - TED Talk.mp4	00:14:48	he was nearly impeached.
Majora Carter- Greening the ghetto - TED Talk.mp4	00:14:51	But as people began to see
Majora Carter- Greening the ghetto - TED Talk.mp4	00:14:54	that they were being put first on issues
Majora Carter- Greening the ghetto - TED Talk.mp4	00:14:55	reflecting their day-to-day lives,
Majora Carter- Greening the ghetto - TED Talk.mp4	00:14:57	incredible things happened.
Majora Carter- Greening the ghetto - TED Talk.mp4	00:14:58	People stopped littering.
Majora Carter- Greening the ghetto - TED Talk.mp4	00:15:00	Crime rates dropped
Majora Carter- Greening the ghetto - TED Talk.mp4	00:15:01	because the streets were alive with people.
Majora Carter- Greening the ghetto - TED Talk.mp4	00:15:04	His administration attacked several typical urban problems
Majora Carter- Greening the ghetto - TED Talk.mp4	00:15:07	at one time and on a third world budget at that.
Majora Carter- Greening the ghetto - TED Talk.mp4	00:15:10	We have no excuse in this country.
Majora Carter- Greening the ghetto - TED Talk.mp4	00:15:12	I'm sorry.
Majora Carter- Greening the ghetto - TED Talk.mp4	00:15:12	But the bottom line is their people first agenda
Majora Carter- Greening the ghetto - TED Talk.mp4	00:15:15	was not meant to penalize those
Majora Carter- Greening the ghetto - TED Talk.mp4	00:15:17	who could actually afford cars,
Majora Carter- Greening the ghetto - TED Talk.mp4	00:15:19	but rather to provide opportunities
Majora Carter- Greening the ghetto - TED Talk.mp4	00:15:21	for all Bogotaños to participate
Majora Carter- Greening the ghetto - TED Talk.mp4	00:15:23	in the city's resurgence.
Majora Carter- Greening the ghetto - TED Talk.mp4	00:15:25	That development should not come
Majora Carter- Greening the ghetto - TED Talk.mp4	00:15:27	at the expense of the majority of the population
Majora Carter- Greening the ghetto - TED Talk.mp4	00:15:29	is still considered a radical idea here in the US.
Majora Carter- Greening the ghetto - TED Talk.mp4	00:15:32	But Bogota's example has the power to change that.
Majora Carter- Greening the ghetto - TED Talk.mp4	00:15:35	You, however, are blessed with the gift of influence.
Majora Carter- Greening the ghetto - TED Talk.mp4	00:15:38	That's why you're here
Majora Carter- Greening the ghetto - TED Talk.mp4	00:15:40	and why you value the information we exchange.
Majora Carter- Greening the ghetto - TED Talk.mp4	00:15:43	Use your influence
Majora Carter- Greening the ghetto - TED Talk.mp4	00:15:44	in support of comprehensive, sustainable change everywhere.
Majora Carter- Greening the ghetto - TED Talk.mp4	00:15:47	Don't just talk about it at TED.
Majora Carter- Greening the ghetto - TED Talk.mp4	00:15:50	This is a nationwide policy agenda I'm trying to build.
Majora Carter- Greening the ghetto - TED Talk.mp4	00:15:54	And as you all know, politics are personal.
Majora Carter- Greening the ghetto - TED Talk.mp4	00:15:57	Help me make green the new black.
Majora Carter- Greening the ghetto - TED Talk.mp4	00:15:59	Help me make sustainability sexy.
Majora Carter- Greening the ghetto - TED Talk.mp4	00:16:02	Make it a part of your dinner and cocktail conversations.
Majora Carter- Greening the ghetto - TED Talk.mp4	00:16:05	Help me fight for environmental and economic justice.
Majora Carter- Greening the ghetto - TED Talk.mp4	00:16:08	Support investments with a triple bottom line return.
Majora Carter- Greening the ghetto - TED Talk.mp4	00:16:11	Help me democratize sustainability
Majora Carter- Greening the ghetto - TED Talk.mp4	00:16:13	by bringing everyone to the table
Majora Carter- Greening the ghetto - TED Talk.mp4	00:16:15	and insisting that comprehensive change
Majora Carter- Greening the ghetto - TED Talk.mp4	00:16:17	and comprehensive planning can be addressed everywhere.
Majora Carter- Greening the ghetto - TED Talk.mp4	00:16:19	Oh, good, glad I have a little more time.
Majora Carter- Greening the ghetto - TED Talk.mp4	00:16:20	Listen, when I spoke to Mr. Gore the other day after breakfast,
Majora Carter- Greening the ghetto - TED Talk.mp4	00:16:24	I asked him how environmental justice activists
Majora Carter- Greening the ghetto - TED Talk.mp4	00:16:27	were going to be included in his new marketing strategy.
Majora Carter- Greening the ghetto - TED Talk.mp4	00:16:32	His response was a grant program.
Majora Carter- Greening the ghetto - TED Talk.mp4	00:16:35	I don't think he understood that I wasn't asking for funding.
Majora Carter- Greening the ghetto - TED Talk.mp4	00:16:41	I was making him an offer.
Majora Carter- Greening the ghetto - TED Talk.mp4	00:16:52	What troubled me was that this top-down approach is still around.
Majora Carter- Greening the ghetto - TED Talk.mp4	00:16:58	Now, don't get me wrong, we need money.
Majora Carter- Greening the ghetto - TED Talk.mp4	00:17:01	But grassroots groups are needed at the table
Majora Carter- Greening the ghetto - TED Talk.mp4	00:17:05	during the decision-making process.
Majora Carter- Greening the ghetto - TED Talk.mp4	00:17:08	Of the 90% of the energy that Mr. Gore reminded us that we waste every day,
Majora Carter- Greening the ghetto - TED Talk.mp4	00:17:14	don't add wasting our energy
Majora Carter- Greening the ghetto - TED Talk.mp4	00:17:16	to the counter-examination of our energy,
Majora Carter- Greening the ghetto - TED Talk.mp4	00:17:16	our energy, our intelligence,
Majora Carter- Greening the ghetto - TED Talk.mp4	00:17:17	and hard-earned experience to that count.
Majora Carter- Greening the ghetto - TED Talk.mp4	00:17:26	I have come from so far
Majora Carter- Greening the ghetto - TED Talk.mp4	00:17:31	to meet you like this.
Majora Carter- Greening the ghetto - TED Talk.mp4	00:17:34	Please don't waste me.
Majora Carter- Greening the ghetto - TED Talk.mp4	00:17:38	By working together, we can become one of those small,
Majora Carter- Greening the ghetto - TED Talk.mp4	00:17:42	rapidly growing groups of individuals
Majora Carter- Greening the ghetto - TED Talk.mp4	00:17:44	who actually have the audacity and courage
Majora Carter- Greening the ghetto - TED Talk.mp4	00:17:47	to believe that we actually can change the world.
Majora Carter- Greening the ghetto - TED Talk.mp4	00:17:50	We might have come to this conference from very,
Majora Carter- Greening the ghetto - TED Talk.mp4	00:17:52	very different stations in life,
Majora Carter- Greening the ghetto - TED Talk.mp4	00:17:54	but believe me,
Majora Carter- Greening the ghetto - TED Talk.mp4	00:17:56	we all share one incredibly powerful thing.
Majora Carter- Greening the ghetto - TED Talk.mp4	00:18:01	We have nothing to lose and everything to gain.
Majora Carter- Greening the ghetto - TED Talk.mp4	00:18:06	Ciao, bello.
Majora Carter- Greening the ghetto - TED Talk.mp4	00:18:14	.
Rick Warren- A life of purpose - TED Talk.mp4	00:00:04	I'm often asked, you know, what surprised you about the book?
Rick Warren- A life of purpose - TED Talk.mp4	00:00:09	And I said that I got to write it.
Rick Warren- A life of purpose - TED Talk.mp4	00:00:11	I would have never imagined that.
Rick Warren- A life of purpose - TED Talk.mp4	00:00:14	Not in my wildest dreams did I think, I don't even consider myself to be an author.
Rick Warren- A life of purpose - TED Talk.mp4	00:00:21	And I'm often asked, why do you think so many people have read this?
Rick Warren- A life of purpose - TED Talk.mp4	00:00:25	This thing's selling still about a million copies a month.
Rick Warren- A life of purpose - TED Talk.mp4	00:00:30	And I think it's because spiritual emptiness is a universal disease.
Rick Warren- A life of purpose - TED Talk.mp4	00:00:38	I think inside that at some point we put our heads down on the pillow and we go,
Rick Warren- A life of purpose - TED Talk.mp4	00:00:41	there's got to be the mortal life than this.
Rick Warren- A life of purpose - TED Talk.mp4	00:00:44	Get up in the morning, go to work, come home, watch TV, go to bed.
Rick Warren- A life of purpose - TED Talk.mp4	00:00:47	Get up in the morning, go to work, come home, watch TV, go to bed.
Rick Warren- A life of purpose - TED Talk.mp4	00:00:50	Go to parties on weekends.
Rick Warren- A life of purpose - TED Talk.mp4	00:00:53	A lot of people say, I'm living.
Rick Warren- A life of purpose - TED Talk.mp4	00:00:54	No, you're not living, that's just existing.
Rick Warren- A life of purpose - TED Talk.mp4	00:00:58	Just existing.
Rick Warren- A life of purpose - TED Talk.mp4	00:01:00	I really think that there's in this inner desire.
Rick Warren- A life of purpose - TED Talk.mp4	00:01:03	I do believe what Chris said.
Rick Warren- A life of purpose - TED Talk.mp4	00:01:05	I believe that you're not an accident.
Rick Warren- A life of purpose - TED Talk.mp4	00:01:08	Your parents may not have planned you, but I believe God did.
Rick Warren- A life of purpose - TED Talk.mp4	00:01:12	I think they're accidental parents.
Rick Warren- A life of purpose - TED Talk.mp4	00:01:13	There's no doubt about that.
Rick Warren- A life of purpose - TED Talk.mp4	00:01:15	I don't think they're accidental kids.
Rick Warren- A life of purpose - TED Talk.mp4	00:01:18	And I think you matter.
Rick Warren- A life of purpose - TED Talk.mp4	00:01:21	I think you matter to God.
Rick Warren- A life of purpose - TED Talk.mp4	00:01:23	I think you matter to history.
Rick Warren- A life of purpose - TED Talk.mp4	00:01:25	I think you matter to this universe.
Rick Warren- A life of purpose - TED Talk.mp4	00:01:28	And I think that,
Rick Warren- A life of purpose - TED Talk.mp4	00:01:30	the difference between what I call the survival level of living,
Rick Warren- A life of purpose - TED Talk.mp4	00:01:34	the success level of living,
Rick Warren- A life of purpose - TED Talk.mp4	00:01:35	and the significance level of living is,
Rick Warren- A life of purpose - TED Talk.mp4	00:01:37	do you figure out what on earth am I here for?
Rick Warren- A life of purpose - TED Talk.mp4	00:01:40	I meet a lot of people who are very smart and say,
Rick Warren- A life of purpose - TED Talk.mp4	00:01:44	but why can't I figure out my problems?
Rick Warren- A life of purpose - TED Talk.mp4	00:01:47	And I meet a lot of people who are very successful who say,
Rick Warren- A life of purpose - TED Talk.mp4	00:01:50	why don't I feel more fulfilled?
Rick Warren- A life of purpose - TED Talk.mp4	00:01:52	Why do I feel like a fake?
Rick Warren- A life of purpose - TED Talk.mp4	00:01:55	Why do I feel like I've got to pretend that I'm more fulfilled?
Rick Warren- A life of purpose - TED Talk.mp4	00:01:59	I feel more than I really am.
Rick Warren- A life of purpose - TED Talk.mp4	00:02:01	I think that comes down to this issue of meaning,
Rick Warren- A life of purpose - TED Talk.mp4	00:02:04	of significance, of purpose.
Rick Warren- A life of purpose - TED Talk.mp4	00:02:05	I think it comes down to this issue of why am I here?
Rick Warren- A life of purpose - TED Talk.mp4	00:02:09	What am I here for?
Rick Warren- A life of purpose - TED Talk.mp4	00:02:10	Where am I going?
Rick Warren- A life of purpose - TED Talk.mp4	00:02:12	These are not religious issues.
Rick Warren- A life of purpose - TED Talk.mp4	00:02:15	They're human issues.
Rick Warren- A life of purpose - TED Talk.mp4	00:02:18	I wanted to tell Michael before he spoke that I really appreciate what he does
Rick Warren- A life of purpose - TED Talk.mp4	00:02:22	because it makes my life work a whole lot easier.
Rick Warren- A life of purpose - TED Talk.mp4	00:02:25	As a pastor, I do see a lot of kooks.
Rick Warren- A life of purpose - TED Talk.mp4	00:02:29	And I have learned that there are kooks in every area of life.
Rick Warren- A life of purpose - TED Talk.mp4	00:02:34	Religion doesn't have a monopoly on that,
Rick Warren- A life of purpose - TED Talk.mp4	00:02:38	but there are plenty of religious kooks.
Rick Warren- A life of purpose - TED Talk.mp4	00:02:40	There are secular kooks.
Rick Warren- A life of purpose - TED Talk.mp4	00:02:41	There are smart kooks, dumb kooks.
Rick Warren- A life of purpose - TED Talk.mp4	00:02:43	There are people...
Rick Warren- A life of purpose - TED Talk.mp4	00:02:44	A lady came up to me the other day and she had a white piece of paper.
Rick Warren- A life of purpose - TED Talk.mp4	00:02:47	Michael, you'll like this one.
Rick Warren- A life of purpose - TED Talk.mp4	00:02:48	And she said, what do you see in it?
Rick Warren- A life of purpose - TED Talk.mp4	00:02:50	And I looked in and I said, well, I don't see anything.
Rick Warren- A life of purpose - TED Talk.mp4	00:02:53	And she goes, well, I see Jesus, and started crying and left.
Rick Warren- A life of purpose - TED Talk.mp4	00:02:56	I'm going, okay.
Rick Warren- A life of purpose - TED Talk.mp4	00:02:58	You know? Fine.
Rick Warren- A life of purpose - TED Talk.mp4	00:03:03	Good for you.
Rick Warren- A life of purpose - TED Talk.mp4	00:03:07	When the book became the best-selling book in the world for the last three years,
Rick Warren- A life of purpose - TED Talk.mp4	00:03:11	I kind of had my little crisis.
Rick Warren- A life of purpose - TED Talk.mp4	00:03:14	And that was, what is the purpose of this?
Rick Warren- A life of purpose - TED Talk.mp4	00:03:18	Because it brought in enormous amounts of money.
Rick Warren- A life of purpose - TED Talk.mp4	00:03:21	When you write the best-selling book in the world, it's tons and tons of money.
Rick Warren- A life of purpose - TED Talk.mp4	00:03:27	And it brought in a lot of attention.
Rick Warren- A life of purpose - TED Talk.mp4	00:03:29	Neither of which I wanted.
Rick Warren- A life of purpose - TED Talk.mp4	00:03:30	When I started Saddleback Church, I was 25 years old.
Rick Warren- A life of purpose - TED Talk.mp4	00:03:34	I started it with one other family in 1980.
Rick Warren- A life of purpose - TED Talk.mp4	00:03:38	And I decided that I was never going to go on TV because I didn't want to be a celebrity.
Rick Warren- A life of purpose - TED Talk.mp4	00:03:43	I didn't want to be a, quote, evangelist, televangelist.
Rick Warren- A life of purpose - TED Talk.mp4	00:03:46	That's not my thing.
Rick Warren- A life of purpose - TED Talk.mp4	00:03:50	And all of a sudden, it brought a lot of money and a lot of attention.
Rick Warren- A life of purpose - TED Talk.mp4	00:03:53	I don't think...
Rick Warren- A life of purpose - TED Talk.mp4	00:03:54	Now, this is a worldview.
Rick Warren- A life of purpose - TED Talk.mp4	00:03:56	And I will tell you, everybody's got a worldview.
Rick Warren- A life of purpose - TED Talk.mp4	00:03:58	Everybody's got a worldview.
Rick Warren- A life of purpose - TED Talk.mp4	00:03:59	Everybody's betting their life on something.
Rick Warren- A life of purpose - TED Talk.mp4	00:04:01	You're betting your life on something.
Rick Warren- A life of purpose - TED Talk.mp4	00:04:02	You just better know why you're betting what you're betting on.
Rick Warren- A life of purpose - TED Talk.mp4	00:04:06	So everybody's betting their life on something.
Rick Warren- A life of purpose - TED Talk.mp4	00:04:10	And when I made a bet, I happened to believe that Jesus was who he said he was.
Rick Warren- A life of purpose - TED Talk.mp4	00:04:17	But everybody's got...
Rick Warren- A life of purpose - TED Talk.mp4	00:04:18	And I believe in a pluralistic society, everybody's betting on something.
Rick Warren- A life of purpose - TED Talk.mp4	00:04:23	And when I started the church, I had no plans to do anything.
Rick Warren- A life of purpose - TED Talk.mp4	00:04:29	I had no plans to do what it's doing now.
Rick Warren- A life of purpose - TED Talk.mp4	00:04:31	And then when I wrote this book, and all of a sudden, it just took off.
Rick Warren- A life of purpose - TED Talk.mp4	00:04:37	And I started saying, now, what's the purpose of this?
Rick Warren- A life of purpose - TED Talk.mp4	00:04:39	Because as I started to say, I don't think you're given money or fame for your own ego ever.
Rick Warren- A life of purpose - TED Talk.mp4	00:04:47	I just don't believe that.
Rick Warren- A life of purpose - TED Talk.mp4	00:04:49	And when you write a book that the first sentence of the book is, it's not about you,
Rick Warren- A life of purpose - TED Talk.mp4	00:04:55	then when all of a sudden, it becomes the best-selling book in history,
Rick Warren- A life of purpose - TED Talk.mp4	00:04:58	you've got to figure, well, I guess it's not about me.
Rick Warren- A life of purpose - TED Talk.mp4	00:05:01	That's kind of a no-brainer.
Rick Warren- A life of purpose - TED Talk.mp4	00:05:04	So what is it for?
Rick Warren- A life of purpose - TED Talk.mp4	00:05:06	And I began to think about what I call the stewardship of affluence and the stewardship of influence.
Rick Warren- A life of purpose - TED Talk.mp4	00:05:13	See, I believe essentially leadership is stewardship.
Rick Warren- A life of purpose - TED Talk.mp4	00:05:17	That if you are a leader in any area, in business, in politics, in sports, in art, in academics, in any area,
Rick Warren- A life of purpose - TED Talk.mp4	00:05:25	you don't own it.
Rick Warren- A life of purpose - TED Talk.mp4	00:05:26	You don't own it.
Rick Warren- A life of purpose - TED Talk.mp4	00:05:28	You are a steward of it.
Rick Warren- A life of purpose - TED Talk.mp4	00:05:30	For instance, that's why I believe in protecting the environment.
Rick Warren- A life of purpose - TED Talk.mp4	00:05:33	This is not my planet.
Rick Warren- A life of purpose - TED Talk.mp4	00:05:34	It wasn't mine before I was born.
Rick Warren- A life of purpose - TED Talk.mp4	00:05:36	It's not going to be mine after I die.
Rick Warren- A life of purpose - TED Talk.mp4	00:05:38	I'm just here for 80 years, and that's it.
Rick Warren- A life of purpose - TED Talk.mp4	00:05:41	I was debating the other day on a talk show, and a guy was challenging me.
Rick Warren- A life of purpose - TED Talk.mp4	00:05:47	He said, what's a pastor doing on protecting the environment?
Rick Warren- A life of purpose - TED Talk.mp4	00:05:51	And I asked this guy, I said, well, do you believe that human beings are responsible,
Rick Warren- A life of purpose - TED Talk.mp4	00:05:59	to make the world a little bit better place for the next generation?
Rick Warren- A life of purpose - TED Talk.mp4	00:06:02	Do you think we have a stewardship here to take the environment seriously?
Rick Warren- A life of purpose - TED Talk.mp4	00:06:07	And he said, no.
Rick Warren- A life of purpose - TED Talk.mp4	00:06:09	I said, no, you don't.
Rick Warren- A life of purpose - TED Talk.mp4	00:06:10	I said, let me make this clear again.
Rick Warren- A life of purpose - TED Talk.mp4	00:06:12	Do you believe that as human beings, I'm not talking about religion,
Rick Warren- A life of purpose - TED Talk.mp4	00:06:16	do you believe that as human beings it is our responsibility to take care of this planet
Rick Warren- A life of purpose - TED Talk.mp4	00:06:20	and make it just a little bit better for the next generation?
Rick Warren- A life of purpose - TED Talk.mp4	00:06:23	And he said, no, not any more than any other species.
Rick Warren- A life of purpose - TED Talk.mp4	00:06:28	When he said the word species, he was revealing his worldview.
Rick Warren- A life of purpose - TED Talk.mp4	00:06:32	And he was saying, I'm no more responsible to take care of this environment than a duck is.
Rick Warren- A life of purpose - TED Talk.mp4	00:06:39	Well, now, I know a lot of times we act like ducks, but you're not a duck.
Rick Warren- A life of purpose - TED Talk.mp4	00:06:43	You're not a duck.
Rick Warren- A life of purpose - TED Talk.mp4	00:06:45	And you are responsible.
Rick Warren- A life of purpose - TED Talk.mp4	00:06:47	That's my worldview.
Rick Warren- A life of purpose - TED Talk.mp4	00:06:49	And so you need to understand what your worldview is.
Rick Warren- A life of purpose - TED Talk.mp4	00:06:53	The problem is most people never really think it through.
Rick Warren- A life of purpose - TED Talk.mp4	00:06:57	They never really codify it or qualify it or quantify it and say,
Rick Warren- A life of purpose - TED Talk.mp4	00:07:05	this is what I believe and this is why I believe what I believe.
Rick Warren- A life of purpose - TED Talk.mp4	00:07:09	I don't personally have enough faith to be an atheist.
Rick Warren- A life of purpose - TED Talk.mp4	00:07:13	But you may.
Rick Warren- A life of purpose - TED Talk.mp4	00:07:14	You may.
Rick Warren- A life of purpose - TED Talk.mp4	00:07:16	Your worldview, though, does determine everything else in your life
Rick Warren- A life of purpose - TED Talk.mp4	00:07:20	because it determines your decisions.
Rick Warren- A life of purpose - TED Talk.mp4	00:07:22	It determines your relationships.
Rick Warren- A life of purpose - TED Talk.mp4	00:07:25	It determines your level of consciousness.
Rick Warren- A life of purpose - TED Talk.mp4	00:07:27	It determines your confidence.
Rick Warren- A life of purpose - TED Talk.mp4	00:07:28	It determines, really, everything in your life.
Rick Warren- A life of purpose - TED Talk.mp4	00:07:31	What we believe, obviously, and you know this,
Rick Warren- A life of purpose - TED Talk.mp4	00:07:34	determines our behavior,
Rick Warren- A life of purpose - TED Talk.mp4	00:07:36	and our behavior determines what we become in life.
Rick Warren- A life of purpose - TED Talk.mp4	00:07:42	So all of this money started pouring in,
Rick Warren- A life of purpose - TED Talk.mp4	00:07:44	and all of this fame started pouring in,
Rick Warren- A life of purpose - TED Talk.mp4	00:07:46	and I'm going, what do I do with this?
Rick Warren- A life of purpose - TED Talk.mp4	00:07:51	My wife and I first made five decisions on what to do with the money.
Rick Warren- A life of purpose - TED Talk.mp4	00:07:56	We said, first, we're going to do this.
Rick Warren- A life of purpose - TED Talk.mp4	00:07:57	First, we're not going to use it on ourselves.
Rick Warren- A life of purpose - TED Talk.mp4	00:08:00	I didn't go out and buy a bigger house.
Rick Warren- A life of purpose - TED Talk.mp4	00:08:03	I don't own a guest house.
Rick Warren- A life of purpose - TED Talk.mp4	00:08:05	I still drive the same four-year-old Ford that I've driven.
Rick Warren- A life of purpose - TED Talk.mp4	00:08:09	We just said we're not going to use it on us.
Rick Warren- A life of purpose - TED Talk.mp4	00:08:11	The second thing was I stopped taking a salary from the church that I pastor.
Rick Warren- A life of purpose - TED Talk.mp4	00:08:18	Third thing is I added up all that the church had paid me over the last 25 years,
Rick Warren- A life of purpose - TED Talk.mp4	00:08:22	and I gave it back.
Rick Warren- A life of purpose - TED Talk.mp4	00:08:24	And I gave it back because I didn't want anybody thinking,
Rick Warren- A life of purpose - TED Talk.mp4	00:08:27	well, then I do what I do for money.
Rick Warren- A life of purpose - TED Talk.mp4	00:08:28	I don't.
Rick Warren- A life of purpose - TED Talk.mp4	00:08:29	In fact, personally, I've never met a priest or a pastor or a minister
Rick Warren- A life of purpose - TED Talk.mp4	00:08:36	who does it for money.
Rick Warren- A life of purpose - TED Talk.mp4	00:08:37	I know that's a stereotype.
Rick Warren- A life of purpose - TED Talk.mp4	00:08:38	I've never met one of them.
Rick Warren- A life of purpose - TED Talk.mp4	00:08:40	Believe me, there's a whole lot easier ways to make money.
Rick Warren- A life of purpose - TED Talk.mp4	00:08:44	Pastors are like on 24 hours a day call.
Rick Warren- A life of purpose - TED Talk.mp4	00:08:46	They're like doctors.
Rick Warren- A life of purpose - TED Talk.mp4	00:08:48	I left late today.
Rick Warren- A life of purpose - TED Talk.mp4	00:08:50	I had hoped to be here yesterday
Rick Warren- A life of purpose - TED Talk.mp4	00:08:51	because my father-in-law is in his last probably 48 hours
Rick Warren- A life of purpose - TED Talk.mp4	00:08:54	before he dies of cancer.
Rick Warren- A life of purpose - TED Talk.mp4	00:08:56	And I'm watching a guy who's lived his life.
Rick Warren- A life of purpose - TED Talk.mp4	00:08:59	He's now in his mid-80s, and he's dying with peace.
Rick Warren- A life of purpose - TED Talk.mp4	00:09:03	You know, the test of your worldview is not how you act in the good times.
Rick Warren- A life of purpose - TED Talk.mp4	00:09:08	The test of your worldview is how you act at the funeral.
Rick Warren- A life of purpose - TED Talk.mp4	00:09:13	And having been through literally hundreds, if not thousands, of funerals,
Rick Warren- A life of purpose - TED Talk.mp4	00:09:17	it makes a difference.
Rick Warren- A life of purpose - TED Talk.mp4	00:09:19	It makes a difference what you believe.
Rick Warren- A life of purpose - TED Talk.mp4	00:09:23	So we gave it all back.
Rick Warren- A life of purpose - TED Talk.mp4	00:09:25	We gave it all back.
Rick Warren- A life of purpose - TED Talk.mp4	00:09:25	We gave it all back.
Rick Warren- A life of purpose - TED Talk.mp4	00:09:26	
Rick Warren- A life of purpose - TED Talk.mp4	00:09:26	
Rick Warren- A life of purpose - TED Talk.mp4	00:09:26	
Rick Warren- A life of purpose - TED Talk.mp4	00:09:26	
Rick Warren- A life of purpose - TED Talk.mp4	00:09:26	
Rick Warren- A life of purpose - TED Talk.mp4	00:09:26	
Rick Warren- A life of purpose - TED Talk.mp4	00:09:26	And then we set up three foundations
Rick Warren- A life of purpose - TED Talk.mp4	00:09:29	working on some of the major problems of the world.
Rick Warren- A life of purpose - TED Talk.mp4	00:09:31	Illiteracy, poverty, pandemic diseases, particularly HIV-AIDS,
Rick Warren- A life of purpose - TED Talk.mp4	00:09:37	and set up these three foundations and put the money into that.
Rick Warren- A life of purpose - TED Talk.mp4	00:09:41	The last thing we did is we became what I call reverse tithers.
Rick Warren- A life of purpose - TED Talk.mp4	00:09:45	And that is when my wife and I got married 30 years ago,
Rick Warren- A life of purpose - TED Talk.mp4	00:09:54	we started tithing.
Rick Warren- A life of purpose - TED Talk.mp4	00:09:56	Now, that's a principle in the Bible that says give 10% of what you get back to charity.
Rick Warren- A life of purpose - TED Talk.mp4	00:10:01	Give it away to help other people.
Rick Warren- A life of purpose - TED Talk.mp4	00:10:04	So we started doing that, and each year we would raise our tithe 1%.
Rick Warren- A life of purpose - TED Talk.mp4	00:10:08	So the first year of marriage, we went to 11%.
Rick Warren- A life of purpose - TED Talk.mp4	00:10:10	The second year, we went to 12%.
Rick Warren- A life of purpose - TED Talk.mp4	00:10:12	And the third year, we went to 13%, and on and on and on.
Rick Warren- A life of purpose - TED Talk.mp4	00:10:17	Why did I do that?
Rick Warren- A life of purpose - TED Talk.mp4	00:10:18	Because every time I give, it breaks the grip of materialism in my life.
Rick Warren- A life of purpose - TED Talk.mp4	00:10:25	Materialism.
Rick Warren- A life of purpose - TED Talk.mp4	00:10:25	Materialism.
Rick Warren- A life of purpose - TED Talk.mp4	00:10:25	Materialism.
Rick Warren- A life of purpose - TED Talk.mp4	00:10:25	Materialism.
Rick Warren- A life of purpose - TED Talk.mp4	00:10:26	
Rick Warren- A life of purpose - TED Talk.mp4	00:10:26	
Rick Warren- A life of purpose - TED Talk.mp4	00:10:26	
Rick Warren- A life of purpose - TED Talk.mp4	00:10:26	
Rick Warren- A life of purpose - TED Talk.mp4	00:10:26	
Rick Warren- A life of purpose - TED Talk.mp4	00:10:26	
Rick Warren- A life of purpose - TED Talk.mp4	00:10:26	It's all about getting.
Rick Warren- A life of purpose - TED Talk.mp4	00:10:27	Get, get, get.
Rick Warren- A life of purpose - TED Talk.mp4	00:10:28	Get all you can, can all you get, sit on the can and spoil the rest.
Rick Warren- A life of purpose - TED Talk.mp4	00:10:32	It's all about more.
Rick Warren- A life of purpose - TED Talk.mp4	00:10:35	Having more.
Rick Warren- A life of purpose - TED Talk.mp4	00:10:36	And we think that the good life is actually looking good.
Rick Warren- A life of purpose - TED Talk.mp4	00:10:41	That's most important of all.
Rick Warren- A life of purpose - TED Talk.mp4	00:10:42	Looking good, feeling good, and having the goods.
Rick Warren- A life of purpose - TED Talk.mp4	00:10:46	But that's not the good life.
Rick Warren- A life of purpose - TED Talk.mp4	00:10:48	I meet people all the time who have those, and they're not necessarily happy.
Rick Warren- A life of purpose - TED Talk.mp4	00:10:53	If money actually made you happy,
Rick Warren- A life of purpose - TED Talk.mp4	00:10:55	then the wealthiest people in the world would be the happiest.
Rick Warren- A life of purpose - TED Talk.mp4	00:10:57	And that I know, personally I know, is not true.
Rick Warren- A life of purpose - TED Talk.mp4	00:11:01	It's just not true.
Rick Warren- A life of purpose - TED Talk.mp4	00:11:03	So the good life is not about looking good, feeling good, or having the goods.
Rick Warren- A life of purpose - TED Talk.mp4	00:11:07	It's about being good and doing good.
Rick Warren- A life of purpose - TED Talk.mp4	00:11:10	Giving your life away.
Rick Warren- A life of purpose - TED Talk.mp4	00:11:13	Significance in life doesn't come from status,
Rick Warren- A life of purpose - TED Talk.mp4	00:11:16	because you can always find somebody who's got more than you.
Rick Warren- A life of purpose - TED Talk.mp4	00:11:19	It doesn't come from sex.
Rick Warren- A life of purpose - TED Talk.mp4	00:11:21	It doesn't come from salary.
Rick Warren- A life of purpose - TED Talk.mp4	00:11:23	It comes from serving.
Rick Warren- A life of purpose - TED Talk.mp4	00:11:25	It is in giving our lives away we find meaning.
Rick Warren- A life of purpose - TED Talk.mp4	00:11:28	We find significance.
Rick Warren- A life of purpose - TED Talk.mp4	00:11:30	That's the way we were wired, I believe, by God.
Rick Warren- A life of purpose - TED Talk.mp4	00:11:35	And so we began to give away.
Rick Warren- A life of purpose - TED Talk.mp4	00:11:38	And now, after 30 years, my wife and I are at reverse titers.
Rick Warren- A life of purpose - TED Talk.mp4	00:11:42	We give away 90% and live on 10%.
Rick Warren- A life of purpose - TED Talk.mp4	00:11:45	That actually was the easy part.
Rick Warren- A life of purpose - TED Talk.mp4	00:11:47	The hard part is what do I do with all this attention?
Rick Warren- A life of purpose - TED Talk.mp4	00:11:50	Because I start getting all kinds of invitations.
Rick Warren- A life of purpose - TED Talk.mp4	00:11:53	I just came off of a...
Rick Warren- A life of purpose - TED Talk.mp4	00:11:55	nearly month-long speaking tour on three different continents.
Rick Warren- A life of purpose - TED Talk.mp4	00:12:00	And I won't go into that, but it was an amazing thing.
Rick Warren- A life of purpose - TED Talk.mp4	00:12:04	And I'm going, what do I do with this notoriety that the book has brought?
Rick Warren- A life of purpose - TED Talk.mp4	00:12:10	And being a pastor, I started reading the Bible.
Rick Warren- A life of purpose - TED Talk.mp4	00:12:14	There's a chapter in the Bible called Psalm 72,
Rick Warren- A life of purpose - TED Talk.mp4	00:12:17	and it's Solomon's prayer for more influence.
Rick Warren- A life of purpose - TED Talk.mp4	00:12:21	When you read this prayer, it sounds incredibly selfish.
Rick Warren- A life of purpose - TED Talk.mp4	00:12:25	Self-centered.
Rick Warren- A life of purpose - TED Talk.mp4	00:12:26	It sounds like...
Rick Warren- A life of purpose - TED Talk.mp4	00:12:27	He says, God, I want you to make me famous.
Rick Warren- A life of purpose - TED Talk.mp4	00:12:29	That's the way he prays.
Rick Warren- A life of purpose - TED Talk.mp4	00:12:31	He said, I want you to make me famous.
Rick Warren- A life of purpose - TED Talk.mp4	00:12:32	I want you to spread the fame of my name through every land.
Rick Warren- A life of purpose - TED Talk.mp4	00:12:35	I want you to give me power.
Rick Warren- A life of purpose - TED Talk.mp4	00:12:39	I want you to make me famous.
Rick Warren- A life of purpose - TED Talk.mp4	00:12:41	I want you to give me influence.
Rick Warren- A life of purpose - TED Talk.mp4	00:12:43	And it just sounds like the most egotistical request you could make
Rick Warren- A life of purpose - TED Talk.mp4	00:12:46	if you were going to pray.
Rick Warren- A life of purpose - TED Talk.mp4	00:12:48	Until you read the whole psalm, the whole chapter.
Rick Warren- A life of purpose - TED Talk.mp4	00:12:51	And then he says, so that the king...
Rick Warren- A life of purpose - TED Talk.mp4	00:12:54	He was the king of Israel.
Rick Warren- A life of purpose - TED Talk.mp4	00:12:55	He was the king of Israel at that time, at its apex in power.
Rick Warren- A life of purpose - TED Talk.mp4	00:12:58	So that the king may care for the widow and orphan,
Rick Warren- A life of purpose - TED Talk.mp4	00:13:02	support the oppressed, defend the defenseless,
Rick Warren- A life of purpose - TED Talk.mp4	00:13:05	care for the sick, assist the poor,
Rick Warren- A life of purpose - TED Talk.mp4	00:13:08	speak up for the foreigner, those in prison.
Rick Warren- A life of purpose - TED Talk.mp4	00:13:12	Basically, he's talking about all the marginalized in society.
Rick Warren- A life of purpose - TED Talk.mp4	00:13:15	And as I read that, I looked at it and I thought,
Rick Warren- A life of purpose - TED Talk.mp4	00:13:20	you know, what this is saying is that the purpose of influence
Rick Warren- A life of purpose - TED Talk.mp4	00:13:23	is to speak up.
Rick Warren- A life of purpose - TED Talk.mp4	00:13:24	For those who have no influence.
Rick Warren- A life of purpose - TED Talk.mp4	00:13:28	The purpose of influence is not to build your ego.
Rick Warren- A life of purpose - TED Talk.mp4	00:13:34	Or your net worth.
Rick Warren- A life of purpose - TED Talk.mp4	00:13:35	And by the way, your net worth is not the same thing as your self-worth.
Rick Warren- A life of purpose - TED Talk.mp4	00:13:39	Your value is not based on your valuables.
Rick Warren- A life of purpose - TED Talk.mp4	00:13:44	It's based on a whole different set of things.
Rick Warren- A life of purpose - TED Talk.mp4	00:13:47	And so the purpose of influence is to speak up for those who have no influence.
Rick Warren- A life of purpose - TED Talk.mp4	00:13:51	And I had to admit,
Rick Warren- A life of purpose - TED Talk.mp4	00:13:52	I can't think of the last time I thought of widows and orphans.
Rick Warren- A life of purpose - TED Talk.mp4	00:13:56	They're not on my radar.
Rick Warren- A life of purpose - TED Talk.mp4	00:13:59	I pastor a church in one of the most affluent areas of America.
Rick Warren- A life of purpose - TED Talk.mp4	00:14:02	They're a bunch of gated communities.
Rick Warren- A life of purpose - TED Talk.mp4	00:14:04	I have a church full of CEOs and scientists.
Rick Warren- A life of purpose - TED Talk.mp4	00:14:08	And I could go five years and never, ever see a homeless person.
Rick Warren- A life of purpose - TED Talk.mp4	00:14:13	They're just not in my pathway.
Rick Warren- A life of purpose - TED Talk.mp4	00:14:15	Now they're 13 miles up the road in Santa Ana.
Rick Warren- A life of purpose - TED Talk.mp4	00:14:20	So I had to say, okay,
Rick Warren- A life of purpose - TED Talk.mp4	00:14:21	I would use my influence to help them.
Rick Warren- A life of purpose - TED Talk.mp4	00:14:22	
Rick Warren- A life of purpose - TED Talk.mp4	00:14:22	I would use whatever affluence and whatever influence I've got
Rick Warren- A life of purpose - TED Talk.mp4	00:14:26	to help those who don't have either of those.
Rick Warren- A life of purpose - TED Talk.mp4	00:14:30	You know, there's a story in the Bible about Moses.
Rick Warren- A life of purpose - TED Talk.mp4	00:14:33	Whether you believe it's true or not really doesn't matter to me.
Rick Warren- A life of purpose - TED Talk.mp4	00:14:36	But Moses, if you saw the movie, The Ten Commandments,
Rick Warren- A life of purpose - TED Talk.mp4	00:14:39	Moses goes out and there's this burning bush and God talks to him.
Rick Warren- A life of purpose - TED Talk.mp4	00:14:43	And God says, Moses, what's in your hand?
Rick Warren- A life of purpose - TED Talk.mp4	00:14:48	I think that's one of the most important questions you'll ever be asked.
Rick Warren- A life of purpose - TED Talk.mp4	00:14:52	What's in your hand?
Rick Warren- A life of purpose - TED Talk.mp4	00:14:54	Moses says, it's a staff.
Rick Warren- A life of purpose - TED Talk.mp4	00:14:57	It's a shepherd's staff.
Rick Warren- A life of purpose - TED Talk.mp4	00:14:59	And God says, throw it down.
Rick Warren- A life of purpose - TED Talk.mp4	00:15:01	And if you saw the movie, you know, he throws it down and it becomes a snake.
Rick Warren- A life of purpose - TED Talk.mp4	00:15:07	And Moses, and then God says, pick it up.
Rick Warren- A life of purpose - TED Talk.mp4	00:15:10	And he picks it back up again and it becomes a staff again.
Rick Warren- A life of purpose - TED Talk.mp4	00:15:15	Now I'm reading this thing and I'm going, what is that all about?
Rick Warren- A life of purpose - TED Talk.mp4	00:15:19	Okay, what's that all about?
Rick Warren- A life of purpose - TED Talk.mp4	00:15:20	What's that all about?
Rick Warren- A life of purpose - TED Talk.mp4	00:15:21	Well, I do.
Rick Warren- A life of purpose - TED Talk.mp4	00:15:21	I do know a couple things.
Rick Warren- A life of purpose - TED Talk.mp4	00:15:22	Number one, God never does a miracle to show off.
Rick Warren- A life of purpose - TED Talk.mp4	00:15:26	It's not just, wow, isn't that cool?
Rick Warren- A life of purpose - TED Talk.mp4	00:15:28	And by the way, my God doesn't have to show up on cheese bread.
Rick Warren- A life of purpose - TED Talk.mp4	00:15:32	And if God's going to show up, you know, he's not going to show up on cheese bread.
Rick Warren- A life of purpose - TED Talk.mp4	00:15:36	Okay?
Rick Warren- A life of purpose - TED Talk.mp4	00:15:37	I just, this is why I love what Michael does.
Rick Warren- A life of purpose - TED Talk.mp4	00:15:40	Because it's like, okay, if he's debunking it, then I don't have to.
Rick Warren- A life of purpose - TED Talk.mp4	00:15:45	But God, my God doesn't show up on sprinkler images.
Rick Warren- A life of purpose - TED Talk.mp4	00:15:49	He had a few more powerful ways than that.
Rick Warren- A life of purpose - TED Talk.mp4	00:15:51	To do whatever he wants to do.
Rick Warren- A life of purpose - TED Talk.mp4	00:15:54	But he doesn't do miracles just to show off.
Rick Warren- A life of purpose - TED Talk.mp4	00:15:56	Second thing is, if God ever asks you a question, he already knows the answer.
Rick Warren- A life of purpose - TED Talk.mp4	00:16:01	Obviously, if he's God, then that would mean that when he asks the question, it's for your benefit, not his.
Rick Warren- A life of purpose - TED Talk.mp4	00:16:07	So he's going, what's in your hand?
Rick Warren- A life of purpose - TED Talk.mp4	00:16:08	Now what was in Moses' hand?
Rick Warren- A life of purpose - TED Talk.mp4	00:16:10	Well, he was a shepherd's staff.
Rick Warren- A life of purpose - TED Talk.mp4	00:16:12	Now follow me on this.
Rick Warren- A life of purpose - TED Talk.mp4	00:16:14	This staff represented three things about Moses' life.
Rick Warren- A life of purpose - TED Talk.mp4	00:16:17	First, it represented his identity.
Rick Warren- A life of purpose - TED Talk.mp4	00:16:19	He was a shepherd.
Rick Warren- A life of purpose - TED Talk.mp4	00:16:21	It's the symbol of his own occupation.
Rick Warren- A life of purpose - TED Talk.mp4	00:16:24	I am a shepherd.
Rick Warren- A life of purpose - TED Talk.mp4	00:16:26	It's a symbol of his identity, his career, his job.
Rick Warren- A life of purpose - TED Talk.mp4	00:16:30	Second, it's a symbol of not only his identity, it's a symbol of his income.
Rick Warren- A life of purpose - TED Talk.mp4	00:16:33	Because all of his assets are tied up in sheep.
Rick Warren- A life of purpose - TED Talk.mp4	00:16:36	In those days, nobody had bank accounts or American Express cards or hedge funds.
Rick Warren- A life of purpose - TED Talk.mp4	00:16:41	Your assets are tied up in your flocks.
Rick Warren- A life of purpose - TED Talk.mp4	00:16:44	So it's a symbol of his identity, and it's a symbol of his income.
Rick Warren- A life of purpose - TED Talk.mp4	00:16:47	And the third thing, it's a symbol of his influence.
Rick Warren- A life of purpose - TED Talk.mp4	00:16:51	What do you do with a shepherd's staff?
Rick Warren- A life of purpose - TED Talk.mp4	00:16:55	Well, you know, you move sheep from point A to point B with it, by hook or by crook.
Rick Warren- A life of purpose - TED Talk.mp4	00:17:00	You pull them or you poke them, one or the other.
Rick Warren- A life of purpose - TED Talk.mp4	00:17:05	So he's saying, you're going to lay down your identity.
Rick Warren- A life of purpose - TED Talk.mp4	00:17:08	What's in your hand?
Rick Warren- A life of purpose - TED Talk.mp4	00:17:09	You've got identity, you've got income, you've got influence.
Rick Warren- A life of purpose - TED Talk.mp4	00:17:12	What's in your hand?
Rick Warren- A life of purpose - TED Talk.mp4	00:17:14	And he said, if you lay it down, I'll make it come alive.
Rick Warren- A life of purpose - TED Talk.mp4	00:17:17	I'll do some things you could never imagine possible.
Rick Warren- A life of purpose - TED Talk.mp4	00:17:20	And if you've watched that movie, you'll know what I'm talking about.
Rick Warren- A life of purpose - TED Talk.mp4	00:17:21	The movie Ten Commandments.
Rick Warren- A life of purpose - TED Talk.mp4	00:17:22	All of those big miracles that happen in Egypt are done through this staff.
Rick Warren- A life of purpose - TED Talk.mp4	00:17:29	Last year, I was invited to speak at NBA All-Stars game.
Rick Warren- A life of purpose - TED Talk.mp4	00:17:35	And so I'm talking to the players, because most of the NBA teams, NFL teams,
Rick Warren- A life of purpose - TED Talk.mp4	00:17:41	and all the other teams have done this 40 days of purpose based on the book.
Rick Warren- A life of purpose - TED Talk.mp4	00:17:46	And I asked them, I said, what's in your hand?
Rick Warren- A life of purpose - TED Talk.mp4	00:17:50	They said, what's in your hand?
Rick Warren- A life of purpose - TED Talk.mp4	00:17:51	
Rick Warren- A life of purpose - TED Talk.mp4	00:17:51	I said, it's a basketball.
Rick Warren- A life of purpose - TED Talk.mp4	00:17:54	And that basketball represents your identity, who you are.
Rick Warren- A life of purpose - TED Talk.mp4	00:17:58	You're an NBA player.
Rick Warren- A life of purpose - TED Talk.mp4	00:17:59	It represents your income.
Rick Warren- A life of purpose - TED Talk.mp4	00:18:01	You're making a lot of money off that little ball.
Rick Warren- A life of purpose - TED Talk.mp4	00:18:04	And it represents your influence.
Rick Warren- A life of purpose - TED Talk.mp4	00:18:06	And even though you're only going to be in the NBA for a few years,
Rick Warren- A life of purpose - TED Talk.mp4	00:18:10	you're going to be an NBA player the rest of your life.
Rick Warren- A life of purpose - TED Talk.mp4	00:18:12	And that gives with you enormous influence.
Rick Warren- A life of purpose - TED Talk.mp4	00:18:15	So what are you going to do with what you've been given?
Rick Warren- A life of purpose - TED Talk.mp4	00:18:19	And I guess...
Rick Warren- A life of purpose - TED Talk.mp4	00:18:21	That's the main reason I came up here today to all of you very bright people at TED,
Rick Warren- A life of purpose - TED Talk.mp4	00:18:27	is to say, what's in your hand?
Rick Warren- A life of purpose - TED Talk.mp4	00:18:31	What do you have that you've been given?
Rick Warren- A life of purpose - TED Talk.mp4	00:18:36	Talent, background, education, freedom, networks, opportunities, wealth, ideas, creativity.
Rick Warren- A life of purpose - TED Talk.mp4	00:18:46	What are you doing with what you've been given?
Rick Warren- A life of purpose - TED Talk.mp4	00:18:51	That's...
Rick Warren- A life of purpose - TED Talk.mp4	00:18:51	That to me is the primary question about life.
Rick Warren- A life of purpose - TED Talk.mp4	00:18:55	That to me is what being purpose-driven is all about.
Rick Warren- A life of purpose - TED Talk.mp4	00:18:59	In the book, I talk about how you're wired to do certain things.
Rick Warren- A life of purpose - TED Talk.mp4	00:19:02	You're shaped with little across the...
Rick Warren- A life of purpose - TED Talk.mp4	00:19:05	Spiritual gifts, heart, ability, personality, and experiences.
Rick Warren- A life of purpose - TED Talk.mp4	00:19:08	These things shape you.
Rick Warren- A life of purpose - TED Talk.mp4	00:19:10	And if you want to know what you ought to be doing with your life,
Rick Warren- A life of purpose - TED Talk.mp4	00:19:13	you need to look at your shape.
Rick Warren- A life of purpose - TED Talk.mp4	00:19:14	What am I wired to do?
Rick Warren- A life of purpose - TED Talk.mp4	00:19:16	Why would God wire you to do something and then have you do it?
Rick Warren- A life of purpose - TED Talk.mp4	00:19:19	If you're wired to be an anthropologist,
Rick Warren- A life of purpose - TED Talk.mp4	00:19:21	you'd be an anthropologist.
Rick Warren- A life of purpose - TED Talk.mp4	00:19:22	If you're wired to be an undersea explorer,
Rick Warren- A life of purpose - TED Talk.mp4	00:19:25	you'd be an undersea explorer.
Rick Warren- A life of purpose - TED Talk.mp4	00:19:26	If you're wired to make deals, you make deals.
Rick Warren- A life of purpose - TED Talk.mp4	00:19:28	If you're wired to paint, you paint.
Rick Warren- A life of purpose - TED Talk.mp4	00:19:31	Did you know that God smiles when you be you?
Rick Warren- A life of purpose - TED Talk.mp4	00:19:35	When my little kids...
Rick Warren- A life of purpose - TED Talk.mp4	00:19:37	When my kids are little, they're all grown now.
Rick Warren- A life of purpose - TED Talk.mp4	00:19:39	I have grandkids.
Rick Warren- A life of purpose - TED Talk.mp4	00:19:40	I used to go in and sit on the side of their bed,
Rick Warren- A life of purpose - TED Talk.mp4	00:19:42	and I used to watch my kids sleep.
Rick Warren- A life of purpose - TED Talk.mp4	00:19:45	And I just watched their little bodies rise and lower.
Rick Warren- A life of purpose - TED Talk.mp4	00:19:49	Rise and lower.
Rick Warren- A life of purpose - TED Talk.mp4	00:19:51	And I would look at them, and I would say,
Rick Warren- A life of purpose - TED Talk.mp4	00:19:51	this is not an accident.
Rick Warren- A life of purpose - TED Talk.mp4	00:19:53	Rise and lower.
Rick Warren- A life of purpose - TED Talk.mp4	00:19:56	And I got joy out of just watching them sleep.
Rick Warren- A life of purpose - TED Talk.mp4	00:20:02	Some people have the misguided idea that God only gets excited
Rick Warren- A life of purpose - TED Talk.mp4	00:20:05	when you're doing, quote, spiritual things,
Rick Warren- A life of purpose - TED Talk.mp4	00:20:07	like going to church or helping the poor
Rick Warren- A life of purpose - TED Talk.mp4	00:20:10	or, you know, confessing or doing something like that.
Rick Warren- A life of purpose - TED Talk.mp4	00:20:14	The bottom line is God gets pleasure watching you be you.
Rick Warren- A life of purpose - TED Talk.mp4	00:20:19	Why? He made you.
Rick Warren- A life of purpose - TED Talk.mp4	00:20:20	And when you do what you were made to do,
Rick Warren- A life of purpose - TED Talk.mp4	00:20:23	he goes, that's my boy.
Rick Warren- A life of purpose - TED Talk.mp4	00:20:26	That's my girl.
Rick Warren- A life of purpose - TED Talk.mp4	00:20:27	You're using the talent and the ability that I gave you.
Rick Warren- A life of purpose - TED Talk.mp4	00:20:31	So my advice to you is look at what's in your hand,
Rick Warren- A life of purpose - TED Talk.mp4	00:20:35	your identity, your influence, your income,
Rick Warren- A life of purpose - TED Talk.mp4	00:20:39	and say, it's not about me.
Rick Warren- A life of purpose - TED Talk.mp4	00:20:42	It's about making the world a better place.
Rick Warren- A life of purpose - TED Talk.mp4	00:20:46	Thank you.
Rick Warren- A life of purpose - TED Talk.mp4	00:20:50	Thank you.
Risk management.mp4	00:00:01	People say to me, what's risk management really all about? Surely it's a lot to do
Risk management.mp4	00:00:05	with probability and statistics and a complex process that's very difficult to
Risk management.mp4	00:00:09	apply. And I disagree. I think managing risk is one of the most natural things
Risk management.mp4	00:00:14	we can do and one of the most important. And for me risk management is
Risk management.mp4	00:00:19	essentially asking and answering six basic questions. And they're questions
Risk management.mp4	00:00:24	that everybody wants to ask no matter what situation they're in, whether it's a
Risk management.mp4	00:00:29	personal dilemma, a project process or some kind of organisational decision. The
Risk management.mp4	00:00:35	first question is, what are we trying to do? And that really leads us into the
Risk management.mp4	00:00:39	first step of a risk process which is objective setting, understanding the
Risk management.mp4	00:00:44	scope and the context and the environment within which we're having to
Risk management.mp4	00:00:48	manage risk. So what am I trying to achieve is the first question and it's
Risk management.mp4	00:00:53	the first step of the risk process. Once we know what we're trying to achieve the
Risk management.mp4	00:00:58	second question is,
Risk management.mp4	00:00:59	are we allowed to risk?
Risk management.mp4	00:00:59	
Risk management.mp4	00:00:59	What might affect me? Are there things out there in the future which could either hinder me achieving my goals or maybe even help me?
Risk management.mp4	00:01:07	And that question, what might affect me, is our step into risk identification.
Risk management.mp4	00:01:12	Finding the uncertainties that matter, the future events which, if they occurred, would help or hinder as we try to achieve our goals.
Risk management.mp4	00:01:20	The third question is that not all of those things we've identified are equally important.
Risk management.mp4	00:01:25	So my third question is, which of those things that might affect me are most important?
Risk management.mp4	00:01:31	And that leads us to the step of the risk process that we call risk assessment, risk evaluation or risk analysis.
Risk management.mp4	00:01:38	Trying to prioritise those things that might affect us in two key dimensions.
Risk management.mp4	00:01:43	How likely is it to happen? And if it did happen, what effect could it have on our goals?
Risk management.mp4	00:01:49	Either positive or negative, because of course risk includes both threats and opportunities.
Risk management.mp4	00:01:55	So our first three questions are, what am I trying to achieve? What might affect me? And which are the most important ones?
Risk management.mp4	00:02:02	That gives me a prioritised list of uncertainties that matter.
Risk management.mp4	00:02:06	Now the fourth question. What should we do about it?
Risk management.mp4	00:02:10	And this is really important because otherwise we're just the victims of uncertainty and things might happen on our projects which we weren't expecting.
Risk management.mp4	00:02:18	So now we know what the key risks are, we can design some responses.
Risk management.mp4	00:02:23	We could try on bad risks,
Risk management.mp4	00:02:25	risks to avoid them or minimise them or protect ourselves. For good risks we could try to
Risk management.mp4	00:02:30	maximise or exploit them or to make ourselves more able, position ourselves to be better
Risk management.mp4	00:02:36	able to exploit them, to use them if they happen. So our fourth question, what am I
Risk management.mp4	00:02:41	trying to achieve, what might affect me, which are the important ones and what shall I do?
Risk management.mp4	00:02:46	Then of course we have to do what we said we'd do and our fifth question is, did it
Risk management.mp4	00:02:51	work? Often we find that the actions that we plan to take in response to risk are not
Risk management.mp4	00:02:57	actually achieving what we did want and so we might need to modify our approach. And
Risk management.mp4	00:03:02	the last question which is really important, question six, what changed? Projects, life,
Risk management.mp4	00:03:07	business is constantly changing, very dynamic and we need to make sure that we spot the
Risk management.mp4	00:03:12	new risks that have arisen since the last time we looked, since the last time that we
Risk management.mp4	00:03:16	took action. Now I think those six questions are easy,
Risk management.mp4	00:03:20	they're intuitive.
Risk management.mp4	00:03:21	They're the sorts of questions that anybody would ask in any important situation. What
Risk management.mp4	00:03:26	am I trying to achieve, what might affect me, which are the important ones, what can
Risk management.mp4	00:03:30	I do about it, once I've done that, did it work and what's changed? And if we build our
Risk management.mp4	00:03:35	risk process around those six simple questions then it becomes easy to do, it becomes intuitive,
Risk management.mp4	00:03:42	it becomes a natural process that doesn't involve lots of bureaucracy, lots of forms,
Risk management.mp4	00:03:47	lots of statistics. We're just asking and answering questions.
Risk management.mp4	00:03:51	First are healthcare risk management.
Risk management.mp4	00:03:54	Regenerative risk and responsible management, we as architects need to experience and
Risk management.mp4	00:03:54	cornuke approach that takes these six questions right from the start. And there's a Hahn
Risk management.mp4	00:03:58	loving history, 250 years ago my grandmother had her first biochem science k plates and
Risk management.mp4	00:03:59	I'd always go and guy shares in it and she just got exactly what it needed, had to keep
Risk management.mp4	00:04:08	over two years doing her gracias, not flat out Suite A.
Risk management.mp4	00:04:19	ask them, answer them and manage your risk.
Sir Ken Robinson- Do schools kill creativity. - TED Talk.mp4	00:00:03	Tanya Cushman Reviewer's Name Reviewer's Name
Sir Ken Robinson- Do schools kill creativity. - TED Talk.mp4	00:00:04	Good morning.
Sir Ken Robinson- Do schools kill creativity. - TED Talk.mp4	00:00:06	How are you?
Sir Ken Robinson- Do schools kill creativity. - TED Talk.mp4	00:00:09	It's been great, hasn't it?
Sir Ken Robinson- Do schools kill creativity. - TED Talk.mp4	00:00:12	I've been blown away by the whole thing.
Sir Ken Robinson- Do schools kill creativity. - TED Talk.mp4	00:00:13	In fact, I'm leaving.
Sir Ken Robinson- Do schools kill creativity. - TED Talk.mp4	00:00:21	There have been three themes running through the conference,
Sir Ken Robinson- Do schools kill creativity. - TED Talk.mp4	00:00:24	which are relevant to what I want to talk about.
Sir Ken Robinson- Do schools kill creativity. - TED Talk.mp4	00:00:27	One is the extraordinary evidence of human creativity
Sir Ken Robinson- Do schools kill creativity. - TED Talk.mp4	00:00:31	in all of the presentations that we've had and in all the people here.
Sir Ken Robinson- Do schools kill creativity. - TED Talk.mp4	00:00:36	Just the variety of it and the range of it.
Sir Ken Robinson- Do schools kill creativity. - TED Talk.mp4	00:00:39	The second is that it's put us in a place
Sir Ken Robinson- Do schools kill creativity. - TED Talk.mp4	00:00:41	where we have no idea what's going to happen in terms of the future.
Sir Ken Robinson- Do schools kill creativity. - TED Talk.mp4	00:00:45	No idea how this may play out.
Sir Ken Robinson- Do schools kill creativity. - TED Talk.mp4	00:00:48	I have an interest in education.
Sir Ken Robinson- Do schools kill creativity. - TED Talk.mp4	00:00:50	Actually, what I find is everybody has an interest in education.
Sir Ken Robinson- Do schools kill creativity. - TED Talk.mp4	00:00:54	Don't you?
Sir Ken Robinson- Do schools kill creativity. - TED Talk.mp4	00:00:55	I find this very interesting.
Sir Ken Robinson- Do schools kill creativity. - TED Talk.mp4	00:00:56	If you're at a dinner party and you say you work in education,
Sir Ken Robinson- Do schools kill creativity. - TED Talk.mp4	00:01:01	actually, you're not often at dinner parties, frankly.
Sir Ken Robinson- Do schools kill creativity. - TED Talk.mp4	00:01:05	If you work in education, you're not asked.
Sir Ken Robinson- Do schools kill creativity. - TED Talk.mp4	00:01:13	And you're never asked back, curiously.
Sir Ken Robinson- Do schools kill creativity. - TED Talk.mp4	00:01:16	It distracts me.
Sir Ken Robinson- Do schools kill creativity. - TED Talk.mp4	00:01:17	But if you are, and you say to somebody,
Sir Ken Robinson- Do schools kill creativity. - TED Talk.mp4	00:01:19	they say, what do you do?
Sir Ken Robinson- Do schools kill creativity. - TED Talk.mp4	00:01:21	And you say you work in education,
Sir Ken Robinson- Do schools kill creativity. - TED Talk.mp4	00:01:22	you can see the blood run from their face.
Sir Ken Robinson- Do schools kill creativity. - TED Talk.mp4	00:01:24	They think, oh my God, why me?
Sir Ken Robinson- Do schools kill creativity. - TED Talk.mp4	00:01:29	It's my one night out all week.
Sir Ken Robinson- Do schools kill creativity. - TED Talk.mp4	00:01:33	But if you ask people about their education, they pin you to the wall.
Sir Ken Robinson- Do schools kill creativity. - TED Talk.mp4	00:01:36	Because it's one of those things that goes deep with people.
Sir Ken Robinson- Do schools kill creativity. - TED Talk.mp4	00:01:39	Am I right?
Sir Ken Robinson- Do schools kill creativity. - TED Talk.mp4	00:01:40	Like religion and money and other things.
Sir Ken Robinson- Do schools kill creativity. - TED Talk.mp4	00:01:43	So I have a big interest in education.
Sir Ken Robinson- Do schools kill creativity. - TED Talk.mp4	00:01:47	I think we all do.
Sir Ken Robinson- Do schools kill creativity. - TED Talk.mp4	00:01:48	We have a huge vested interest in it,
Sir Ken Robinson- Do schools kill creativity. - TED Talk.mp4	00:01:50	partly because it's education that's meant to take us into this future
Sir Ken Robinson- Do schools kill creativity. - TED Talk.mp4	00:01:53	that we can't grasp.
Sir Ken Robinson- Do schools kill creativity. - TED Talk.mp4	00:01:55	If you think of it, children starting school,
Sir Ken Robinson- Do schools kill creativity. - TED Talk.mp4	00:01:56	
Sir Ken Robinson- Do schools kill creativity. - TED Talk.mp4	00:01:56	this year, will be retiring in 2065.
Sir Ken Robinson- Do schools kill creativity. - TED Talk.mp4	00:02:03	Nobody has a clue, despite all the expertise
Sir Ken Robinson- Do schools kill creativity. - TED Talk.mp4	00:02:06	that's been on parade for the past four days,
Sir Ken Robinson- Do schools kill creativity. - TED Talk.mp4	00:02:08	what the world will look like in five years time.
Sir Ken Robinson- Do schools kill creativity. - TED Talk.mp4	00:02:11	And yet we're meant to be educating them for it.
Sir Ken Robinson- Do schools kill creativity. - TED Talk.mp4	00:02:13	So the unpredictability, I think, is extraordinary.
Sir Ken Robinson- Do schools kill creativity. - TED Talk.mp4	00:02:15	And the third part of this is that we've all agreed, nonetheless,
Sir Ken Robinson- Do schools kill creativity. - TED Talk.mp4	00:02:19	on the really extraordinary capacities that children have,
Sir Ken Robinson- Do schools kill creativity. - TED Talk.mp4	00:02:25	their capacities for innovation.
Sir Ken Robinson- Do schools kill creativity. - TED Talk.mp4	00:02:27	I mean, Serena last night was a marvel, wasn't she?
Sir Ken Robinson- Do schools kill creativity. - TED Talk.mp4	00:02:30	Just seeing what she could do.
Sir Ken Robinson- Do schools kill creativity. - TED Talk.mp4	00:02:31	And she's exceptional, but I think she's not, so to speak,
Sir Ken Robinson- Do schools kill creativity. - TED Talk.mp4	00:02:37	exceptional in the whole of childhood.
Sir Ken Robinson- Do schools kill creativity. - TED Talk.mp4	00:02:40	What you have there is a person of extraordinary dedication
Sir Ken Robinson- Do schools kill creativity. - TED Talk.mp4	00:02:42	who found a talent.
Sir Ken Robinson- Do schools kill creativity. - TED Talk.mp4	00:02:43	And my contention is all kids have tremendous talents,
Sir Ken Robinson- Do schools kill creativity. - TED Talk.mp4	00:02:46	and we squander them pretty ruthlessly.
Sir Ken Robinson- Do schools kill creativity. - TED Talk.mp4	00:02:49	So I want to talk about education, and I want to talk about creativity.
Sir Ken Robinson- Do schools kill creativity. - TED Talk.mp4	00:02:53	My contention is that creativity now is as important in education as it is in education.
Sir Ken Robinson- Do schools kill creativity. - TED Talk.mp4	00:02:56	
Sir Ken Robinson- Do schools kill creativity. - TED Talk.mp4	00:02:56	
Sir Ken Robinson- Do schools kill creativity. - TED Talk.mp4	00:02:56	And I think that's what we should do.
Sir Ken Robinson- Do schools kill creativity. - TED Talk.mp4	00:02:57	
Sir Ken Robinson- Do schools kill creativity. - TED Talk.mp4	00:02:57	We should treat education as literacy.
Sir Ken Robinson- Do schools kill creativity. - TED Talk.mp4	00:02:59	And we should treat it with the same status.
Sir Ken Robinson- Do schools kill creativity. - TED Talk.mp4	00:03:02	Thank you.
Sir Ken Robinson- Do schools kill creativity. - TED Talk.mp4	00:03:08	That was it, by the way. Thank you very much.
Sir Ken Robinson- Do schools kill creativity. - TED Talk.mp4	00:03:13	So, 15 minutes left.
Sir Ken Robinson- Do schools kill creativity. - TED Talk.mp4	00:03:18	Well, I was born...
Sir Ken Robinson- Do schools kill creativity. - TED Talk.mp4	00:03:19	No, the...
Sir Ken Robinson- Do schools kill creativity. - TED Talk.mp4	00:03:23	I had a great story recently, I love telling it,
Sir Ken Robinson- Do schools kill creativity. - TED Talk.mp4	00:03:25	of a little girl who was born with a problem.
Sir Ken Robinson- Do schools kill creativity. - TED Talk.mp4	00:03:26	
Sir Ken Robinson- Do schools kill creativity. - TED Talk.mp4	00:03:26	
Sir Ken Robinson- Do schools kill creativity. - TED Talk.mp4	00:03:26	
Sir Ken Robinson- Do schools kill creativity. - TED Talk.mp4	00:03:26	
Sir Ken Robinson- Do schools kill creativity. - TED Talk.mp4	00:03:26	She was a little girl who was in a drawing lesson.
Sir Ken Robinson- Do schools kill creativity. - TED Talk.mp4	00:03:28	She was six, and she was at the back drawing.
Sir Ken Robinson- Do schools kill creativity. - TED Talk.mp4	00:03:30	And the teacher said, this little girl hardly ever paid attention.
Sir Ken Robinson- Do schools kill creativity. - TED Talk.mp4	00:03:32	And in this drawing lesson, she did.
Sir Ken Robinson- Do schools kill creativity. - TED Talk.mp4	00:03:34	And the teacher was fascinated.
Sir Ken Robinson- Do schools kill creativity. - TED Talk.mp4	00:03:36	She went over to her and she said, what are you drawing?
Sir Ken Robinson- Do schools kill creativity. - TED Talk.mp4	00:03:39	And the girl said, I'm drawing a picture of God.
Sir Ken Robinson- Do schools kill creativity. - TED Talk.mp4	00:03:42	And the teacher said, but nobody knows what God looks like.
Sir Ken Robinson- Do schools kill creativity. - TED Talk.mp4	00:03:46	And the girl said, they will in a minute.
Sir Ken Robinson- Do schools kill creativity. - TED Talk.mp4	00:03:49	LAUGHTER
Sir Ken Robinson- Do schools kill creativity. - TED Talk.mp4	00:03:50	APPLAUSE
Sir Ken Robinson- Do schools kill creativity. - TED Talk.mp4	00:03:53	OK.
Sir Ken Robinson- Do schools kill creativity. - TED Talk.mp4	00:03:54	LAUGHTER
Sir Ken Robinson- Do schools kill creativity. - TED Talk.mp4	00:03:56	When...
Sir Ken Robinson- Do schools kill creativity. - TED Talk.mp4	00:03:56	LAUGHTER
Sir Ken Robinson- Do schools kill creativity. - TED Talk.mp4	00:03:59	When my son was four in England...
Sir Ken Robinson- Do schools kill creativity. - TED Talk.mp4	00:04:02	Actually, he was four everywhere, to be honest.
Sir Ken Robinson- Do schools kill creativity. - TED Talk.mp4	00:04:04	LAUGHTER
Sir Ken Robinson- Do schools kill creativity. - TED Talk.mp4	00:04:05	I mean...
Sir Ken Robinson- Do schools kill creativity. - TED Talk.mp4	00:04:05	LAUGHTER
Sir Ken Robinson- Do schools kill creativity. - TED Talk.mp4	00:04:06	If we're being strict about it, wherever he went, he was four that year.
Sir Ken Robinson- Do schools kill creativity. - TED Talk.mp4	00:04:09	But he was in the Nativity play.
Sir Ken Robinson- Do schools kill creativity. - TED Talk.mp4	00:04:11	Do you remember the story?
Sir Ken Robinson- Do schools kill creativity. - TED Talk.mp4	00:04:13	LAUGHTER
Sir Ken Robinson- Do schools kill creativity. - TED Talk.mp4	00:04:14	No, it was big. It was a big story.
Sir Ken Robinson- Do schools kill creativity. - TED Talk.mp4	00:04:15	Mel Gibson did the sequel. You may have seen it.
Sir Ken Robinson- Do schools kill creativity. - TED Talk.mp4	00:04:18	LAUGHTER
Sir Ken Robinson- Do schools kill creativity. - TED Talk.mp4	00:04:19	Nativity 2.
Sir Ken Robinson- Do schools kill creativity. - TED Talk.mp4	00:04:22	But James got the part of Joseph, which we were thrilled about.
Sir Ken Robinson- Do schools kill creativity. - TED Talk.mp4	00:04:24	We consider this to be one of the lead parts.
Sir Ken Robinson- Do schools kill creativity. - TED Talk.mp4	00:04:27	LAUGHTER
Sir Ken Robinson- Do schools kill creativity. - TED Talk.mp4	00:04:27	We had the place crammed full of agents and T-shirts.
Sir Ken Robinson- Do schools kill creativity. - TED Talk.mp4	00:04:30	You know, James Robinson is Joseph.
Sir Ken Robinson- Do schools kill creativity. - TED Talk.mp4	00:04:32	LAUGHTER
Sir Ken Robinson- Do schools kill creativity. - TED Talk.mp4	00:04:32	He didn't have to speak.
Sir Ken Robinson- Do schools kill creativity. - TED Talk.mp4	00:04:33	But do you know the bit where the three kings come in?
Sir Ken Robinson- Do schools kill creativity. - TED Talk.mp4	00:04:36	They come in bearing gifts.
Sir Ken Robinson- Do schools kill creativity. - TED Talk.mp4	00:04:37	They bring gold, frankincense and myrrh.
Sir Ken Robinson- Do schools kill creativity. - TED Talk.mp4	00:04:39	This really happened. We were sitting there and they, I think, just went out of sequence.
Sir Ken Robinson- Do schools kill creativity. - TED Talk.mp4	00:04:43	LAUGHTER
Sir Ken Robinson- Do schools kill creativity. - TED Talk.mp4	00:04:43	Because we talked to the little boy afterwards and said, you know, are you OK with that?
Sir Ken Robinson- Do schools kill creativity. - TED Talk.mp4	00:04:45	And they said, yeah, why, was that wrong?
Sir Ken Robinson- Do schools kill creativity. - TED Talk.mp4	00:04:47	They just switched. I think that was it.
Sir Ken Robinson- Do schools kill creativity. - TED Talk.mp4	00:04:48	Anyway, the three boys came in.
Sir Ken Robinson- Do schools kill creativity. - TED Talk.mp4	00:04:50	Little four-year-olds with tea towels on their heads.
Sir Ken Robinson- Do schools kill creativity. - TED Talk.mp4	00:04:51	And they put these boxes down.
Sir Ken Robinson- Do schools kill creativity. - TED Talk.mp4	00:04:53	The first boy said, I bring you gold.
Sir Ken Robinson- Do schools kill creativity. - TED Talk.mp4	00:04:56	And the second boy said, I bring you myrrh.
Sir Ken Robinson- Do schools kill creativity. - TED Talk.mp4	00:04:59	And the third boy said, Frank sent this.
Sir Ken Robinson- Do schools kill creativity. - TED Talk.mp4	00:05:02	LAUGHTER
Sir Ken Robinson- Do schools kill creativity. - TED Talk.mp4	00:05:03	LAUGHTER
Sir Ken Robinson- Do schools kill creativity. - TED Talk.mp4	00:05:07	LAUGHTER
Sir Ken Robinson- Do schools kill creativity. - TED Talk.mp4	00:05:07	LAUGHTER
Sir Ken Robinson- Do schools kill creativity. - TED Talk.mp4	00:05:09	LAUGHTER
Sir Ken Robinson- Do schools kill creativity. - TED Talk.mp4	00:05:09	LAUGHTER
Sir Ken Robinson- Do schools kill creativity. - TED Talk.mp4	00:05:09	
Sir Ken Robinson- Do schools kill creativity. - TED Talk.mp4	00:05:13	What these things have in common, you see, is that kids will take a chance.
Sir Ken Robinson- Do schools kill creativity. - TED Talk.mp4	00:05:17	If they don't know, they'll have a go.
Sir Ken Robinson- Do schools kill creativity. - TED Talk.mp4	00:05:20	LAUGHTER
Sir Ken Robinson- Do schools kill creativity. - TED Talk.mp4	00:05:20	Am I right?
Sir Ken Robinson- Do schools kill creativity. - TED Talk.mp4	00:05:21	They're not frightened of being wrong.
Sir Ken Robinson- Do schools kill creativity. - TED Talk.mp4	00:05:24	Now, I don't mean to say that business is a game.
Sir Ken Robinson- Do schools kill creativity. - TED Talk.mp4	00:05:25	I mean, being wrong is the same thing as being creative.
Sir Ken Robinson- Do schools kill creativity. - TED Talk.mp4	00:05:28	What we do know is, if you're not prepared to be wrong, you'll never come up with anything original.
Sir Ken Robinson- Do schools kill creativity. - TED Talk.mp4	00:05:33	If you're not prepared to be wrong.
Sir Ken Robinson- Do schools kill creativity. - TED Talk.mp4	00:05:36	And by the time they get to be adults, most kids have lost that capacity.
Sir Ken Robinson- Do schools kill creativity. - TED Talk.mp4	00:05:40	They have become frightened of being wrong.
Sir Ken Robinson- Do schools kill creativity. - TED Talk.mp4	00:05:43	And we run our companies, this, by the way.
Sir Ken Robinson- Do schools kill creativity. - TED Talk.mp4	00:05:44	We stigmatise mistakes.
Sir Ken Robinson- Do schools kill creativity. - TED Talk.mp4	00:05:46	And we're now running national education systems where mistakes are the worst thing you can make.
Sir Ken Robinson- Do schools kill creativity. - TED Talk.mp4	00:05:52	And the result is that we are educating people adequately.
Sir Ken Robinson- Do schools kill creativity. - TED Talk.mp4	00:05:55	We're not making them out of their creative capacities.
Sir Ken Robinson- Do schools kill creativity. - TED Talk.mp4	00:05:57	Picasso once said this.
Sir Ken Robinson- Do schools kill creativity. - TED Talk.mp4	00:05:58	He said that all children are born artists.
Sir Ken Robinson- Do schools kill creativity. - TED Talk.mp4	00:06:01	The problem is to remain an artist as we grow up.
Sir Ken Robinson- Do schools kill creativity. - TED Talk.mp4	00:06:05	I believe this passionately, that we don't grow into creativity, we grow out of it.
Sir Ken Robinson- Do schools kill creativity. - TED Talk.mp4	00:06:10	Or rather, we get educated out of it.
Sir Ken Robinson- Do schools kill creativity. - TED Talk.mp4	00:06:12	So why is this?
Sir Ken Robinson- Do schools kill creativity. - TED Talk.mp4	00:06:15	I lived in Stratford-on-Avon until about five years ago.
Sir Ken Robinson- Do schools kill creativity. - TED Talk.mp4	00:06:18	In fact, we moved from Stratford to Los Angeles.
Sir Ken Robinson- Do schools kill creativity. - TED Talk.mp4	00:06:21	So you can imagine what a seamless transition, you know, this was.
Sir Ken Robinson- Do schools kill creativity. - TED Talk.mp4	00:06:23	From LA.
Sir Ken Robinson- Do schools kill creativity. - TED Talk.mp4	00:06:25	Actually, we lived in a place called Snitterfield, just outside Stratford, which is where Shakespeare's father was born.
Sir Ken Robinson- Do schools kill creativity. - TED Talk.mp4	00:06:31	Are you struck by a new thought? I was.
Sir Ken Robinson- Do schools kill creativity. - TED Talk.mp4	00:06:33	You don't think of Shakespeare having a father, do you?
Sir Ken Robinson- Do schools kill creativity. - TED Talk.mp4	00:06:36	Do you?
Sir Ken Robinson- Do schools kill creativity. - TED Talk.mp4	00:06:37	Because you don't think of Shakespeare being a child, do you?
Sir Ken Robinson- Do schools kill creativity. - TED Talk.mp4	00:06:40	Shakespeare being seven.
Sir Ken Robinson- Do schools kill creativity. - TED Talk.mp4	00:06:41	I never thought of it.
Sir Ken Robinson- Do schools kill creativity. - TED Talk.mp4	00:06:43	I mean, he was seven at some point. He was in somebody's English class, wasn't he?
Sir Ken Robinson- Do schools kill creativity. - TED Talk.mp4	00:06:46	Do you understand?
Sir Ken Robinson- Do schools kill creativity. - TED Talk.mp4	00:06:49	Really?
Sir Ken Robinson- Do schools kill creativity. - TED Talk.mp4	00:06:53	How annoying would that be?
Sir Ken Robinson- Do schools kill creativity. - TED Talk.mp4	00:07:02	Must try harder.
Sir Ken Robinson- Do schools kill creativity. - TED Talk.mp4	00:07:08	Being sent to bed by his dad, to Shakespeare.
Sir Ken Robinson- Do schools kill creativity. - TED Talk.mp4	00:07:10	Go to bed now, you know, to William Shakespeare.
Sir Ken Robinson- Do schools kill creativity. - TED Talk.mp4	00:07:12	And put the pencil down.
Sir Ken Robinson- Do schools kill creativity. - TED Talk.mp4	00:07:14	And stop speaking like that.
Sir Ken Robinson- Do schools kill creativity. - TED Talk.mp4	00:07:16	You know, it's...
Sir Ken Robinson- Do schools kill creativity. - TED Talk.mp4	00:07:18	It's...
Sir Ken Robinson- Do schools kill creativity. - TED Talk.mp4	00:07:20	It's confusing everybody.
Sir Ken Robinson- Do schools kill creativity. - TED Talk.mp4	00:07:27	Anyway.
Sir Ken Robinson- Do schools kill creativity. - TED Talk.mp4	00:07:27	Anyway.
Sir Ken Robinson- Do schools kill creativity. - TED Talk.mp4	00:07:30	We moved from Stratford to Los Angeles.
Sir Ken Robinson- Do schools kill creativity. - TED Talk.mp4	00:07:32	And I just want to say a word about the transition.
Sir Ken Robinson- Do schools kill creativity. - TED Talk.mp4	00:07:34	Actually, my son didn't want to come.
Sir Ken Robinson- Do schools kill creativity. - TED Talk.mp4	00:07:36	I've got two kids. He's 21 now and my daughter's 16.
Sir Ken Robinson- Do schools kill creativity. - TED Talk.mp4	00:07:39	He didn't want to come to Los Angeles.
Sir Ken Robinson- Do schools kill creativity. - TED Talk.mp4	00:07:41	He loved it, but he had a girlfriend in England.
Sir Ken Robinson- Do schools kill creativity. - TED Talk.mp4	00:07:45	This was the love of his life.
Sir Ken Robinson- Do schools kill creativity. - TED Talk.mp4	00:07:47	Sarah.
Sir Ken Robinson- Do schools kill creativity. - TED Talk.mp4	00:07:48	He'd known her for a month.
Sir Ken Robinson- Do schools kill creativity. - TED Talk.mp4	00:07:50	Mind you, they'd had their fourth anniversary.
Sir Ken Robinson- Do schools kill creativity. - TED Talk.mp4	00:07:52	You know what I mean? So...
Sir Ken Robinson- Do schools kill creativity. - TED Talk.mp4	00:07:54	Because it's a long time when you're 16.
Sir Ken Robinson- Do schools kill creativity. - TED Talk.mp4	00:07:56	Anyway, he was really upset on the plane.
Sir Ken Robinson- Do schools kill creativity. - TED Talk.mp4	00:07:57	He said, I'll never find another girl like Sarah.
Sir Ken Robinson- Do schools kill creativity. - TED Talk.mp4	00:08:00	And we were rather pleased about that, frankly.
Sir Ken Robinson- Do schools kill creativity. - TED Talk.mp4	00:08:02	Because...
Sir Ken Robinson- Do schools kill creativity. - TED Talk.mp4	00:08:03	She was...
Sir Ken Robinson- Do schools kill creativity. - TED Talk.mp4	00:08:10	She was the main reason we were leaving the country.
Sir Ken Robinson- Do schools kill creativity. - TED Talk.mp4	00:08:14	So...
Sir Ken Robinson- Do schools kill creativity. - TED Talk.mp4	00:08:19	But something strikes you when you move to America
Sir Ken Robinson- Do schools kill creativity. - TED Talk.mp4	00:08:21	and when you travel around the world.
Sir Ken Robinson- Do schools kill creativity. - TED Talk.mp4	00:08:22	Every education system on Earth has the same hierarchy of subjects.
Sir Ken Robinson- Do schools kill creativity. - TED Talk.mp4	00:08:26	Everyone. Doesn't matter where you go.
Sir Ken Robinson- Do schools kill creativity. - TED Talk.mp4	00:08:28	You think it would be otherwise, but it isn't.
Sir Ken Robinson- Do schools kill creativity. - TED Talk.mp4	00:08:29	At the top are mathematics and languages.
Sir Ken Robinson- Do schools kill creativity. - TED Talk.mp4	00:08:31	Then the humanities and the bottom are the arts.
Sir Ken Robinson- Do schools kill creativity. - TED Talk.mp4	00:08:34	Everywhere on Earth.
Sir Ken Robinson- Do schools kill creativity. - TED Talk.mp4	00:08:35	And in pretty much every system, too,
Sir Ken Robinson- Do schools kill creativity. - TED Talk.mp4	00:08:38	there's a hierarchy within the arts.
Sir Ken Robinson- Do schools kill creativity. - TED Talk.mp4	00:08:40	Art and music are normally given a higher status in schools
Sir Ken Robinson- Do schools kill creativity. - TED Talk.mp4	00:08:43	than drama and dance.
Sir Ken Robinson- Do schools kill creativity. - TED Talk.mp4	00:08:44	There isn't an education system on the planet
Sir Ken Robinson- Do schools kill creativity. - TED Talk.mp4	00:08:47	that teaches dance every day to children
Sir Ken Robinson- Do schools kill creativity. - TED Talk.mp4	00:08:49	the way we teach them mathematics. Why?
Sir Ken Robinson- Do schools kill creativity. - TED Talk.mp4	00:08:51	Why not?
Sir Ken Robinson- Do schools kill creativity. - TED Talk.mp4	00:08:53	I think this is rather important.
Sir Ken Robinson- Do schools kill creativity. - TED Talk.mp4	00:08:54	I think maths is very important, but so is dance.
Sir Ken Robinson- Do schools kill creativity. - TED Talk.mp4	00:08:56	Children dance all the time, if they're allowed to. We all do.
Sir Ken Robinson- Do schools kill creativity. - TED Talk.mp4	00:08:58	We all have bodies, don't we?
Sir Ken Robinson- Do schools kill creativity. - TED Talk.mp4	00:09:01	Did I miss a meeting?
Sir Ken Robinson- Do schools kill creativity. - TED Talk.mp4	00:09:06	Truthfully, what happens is, as children grow up,
Sir Ken Robinson- Do schools kill creativity. - TED Talk.mp4	00:09:07	we start to educate them progressively from the waist up.
Sir Ken Robinson- Do schools kill creativity. - TED Talk.mp4	00:09:10	And then we focus on their heads.
Sir Ken Robinson- Do schools kill creativity. - TED Talk.mp4	00:09:12	And slightly to one side.
Sir Ken Robinson- Do schools kill creativity. - TED Talk.mp4	00:09:15	If you were to visit education as an alien
Sir Ken Robinson- Do schools kill creativity. - TED Talk.mp4	00:09:17	and say, what's it for?
Sir Ken Robinson- Do schools kill creativity. - TED Talk.mp4	00:09:19	Public education.
Sir Ken Robinson- Do schools kill creativity. - TED Talk.mp4	00:09:20	I think you'd have to conclude, if you look at the output,
Sir Ken Robinson- Do schools kill creativity. - TED Talk.mp4	00:09:22	who really succeeds by this?
Sir Ken Robinson- Do schools kill creativity. - TED Talk.mp4	00:09:24	Who does everything they should?
Sir Ken Robinson- Do schools kill creativity. - TED Talk.mp4	00:09:25	Who gets all the brownie points?
Sir Ken Robinson- Do schools kill creativity. - TED Talk.mp4	00:09:27	Who are the winners?
Sir Ken Robinson- Do schools kill creativity. - TED Talk.mp4	00:09:28	I think you'd have to conclude the whole purpose
Sir Ken Robinson- Do schools kill creativity. - TED Talk.mp4	00:09:30	of public education throughout the world
Sir Ken Robinson- Do schools kill creativity. - TED Talk.mp4	00:09:32	is to produce university professors.
Sir Ken Robinson- Do schools kill creativity. - TED Talk.mp4	00:09:36	Isn't it?
Sir Ken Robinson- Do schools kill creativity. - TED Talk.mp4	00:09:36	They're the people who come out the top.
Sir Ken Robinson- Do schools kill creativity. - TED Talk.mp4	00:09:38	And I used to be one.
Sir Ken Robinson- Do schools kill creativity. - TED Talk.mp4	00:09:39	So there.
Sir Ken Robinson- Do schools kill creativity. - TED Talk.mp4	00:09:40	You know.
Sir Ken Robinson- Do schools kill creativity. - TED Talk.mp4	00:09:44	And I like university professors,
Sir Ken Robinson- Do schools kill creativity. - TED Talk.mp4	00:09:46	but we shouldn't hold them up as the high ones.
Sir Ken Robinson- Do schools kill creativity. - TED Talk.mp4	00:09:49	They're not the watermark of all human achievement.
Sir Ken Robinson- Do schools kill creativity. - TED Talk.mp4	00:09:51	They're just a form of life.
Sir Ken Robinson- Do schools kill creativity. - TED Talk.mp4	00:09:52	You know, another form of life.
Sir Ken Robinson- Do schools kill creativity. - TED Talk.mp4	00:09:54	But they're rather curious.
Sir Ken Robinson- Do schools kill creativity. - TED Talk.mp4	00:09:56	And I say this out of affection for them.
Sir Ken Robinson- Do schools kill creativity. - TED Talk.mp4	00:09:57	There's something curious about professors.
Sir Ken Robinson- Do schools kill creativity. - TED Talk.mp4	00:09:59	In my experience, not all of them, but typically,
Sir Ken Robinson- Do schools kill creativity. - TED Talk.mp4	00:10:00	they live in their heads.
Sir Ken Robinson- Do schools kill creativity. - TED Talk.mp4	00:10:03	They live up there.
Sir Ken Robinson- Do schools kill creativity. - TED Talk.mp4	00:10:04	And slightly to one side.
Sir Ken Robinson- Do schools kill creativity. - TED Talk.mp4	00:10:07	They're disembodied.
Sir Ken Robinson- Do schools kill creativity. - TED Talk.mp4	00:10:08	You know, in a kind of literal way.
Sir Ken Robinson- Do schools kill creativity. - TED Talk.mp4	00:10:09	They look upon their body as a form of transport for their heads.
Sir Ken Robinson- Do schools kill creativity. - TED Talk.mp4	00:10:16	You know, it's...
Sir Ken Robinson- Do schools kill creativity. - TED Talk.mp4	00:10:20	It's a way of getting their head to meetings.
Sir Ken Robinson- Do schools kill creativity. - TED Talk.mp4	00:10:27	If you want real evidence of out-of-body experiences, by the way,
Sir Ken Robinson- Do schools kill creativity. - TED Talk.mp4	00:10:32	get yourself along to a residential conference for senior academics.
Sir Ken Robinson- Do schools kill creativity. - TED Talk.mp4	00:10:35	And pop into the discotheque on the final night.
Sir Ken Robinson- Do schools kill creativity. - TED Talk.mp4	00:10:39	And...
Sir Ken Robinson- Do schools kill creativity. - TED Talk.mp4	00:10:40	There you will see it.
Sir Ken Robinson- Do schools kill creativity. - TED Talk.mp4	00:10:41	Grown men and women writhing uncontrollably.
Sir Ken Robinson- Do schools kill creativity. - TED Talk.mp4	00:10:45	Off the beat.
Sir Ken Robinson- Do schools kill creativity. - TED Talk.mp4	00:10:49	Waiting till it ends so they can go home and write a paper about it.
Sir Ken Robinson- Do schools kill creativity. - TED Talk.mp4	00:10:52	Now...
Sir Ken Robinson- Do schools kill creativity. - TED Talk.mp4	00:10:54	Our education system is predicated on the idea of academic ability.
Sir Ken Robinson- Do schools kill creativity. - TED Talk.mp4	00:10:58	And there's a reason.
Sir Ken Robinson- Do schools kill creativity. - TED Talk.mp4	00:10:59	The whole system was invented...
Sir Ken Robinson- Do schools kill creativity. - TED Talk.mp4	00:11:01	Round the world, there were no public systems of education really before the 19th century.
Sir Ken Robinson- Do schools kill creativity. - TED Talk.mp4	00:11:05	They all came into being to meet the needs of industrialism.
Sir Ken Robinson- Do schools kill creativity. - TED Talk.mp4	00:11:08	So the hierarchy is rooted on two ideas.
Sir Ken Robinson- Do schools kill creativity. - TED Talk.mp4	00:11:10	Number one, that the most useful subjects for work are at the top.
Sir Ken Robinson- Do schools kill creativity. - TED Talk.mp4	00:11:15	So you were probably saying, you know,
Sir Ken Robinson- Do schools kill creativity. - TED Talk.mp4	00:11:16	you've been steered benignly away from things at school when you were a kid.
Sir Ken Robinson- Do schools kill creativity. - TED Talk.mp4	00:11:18	Things you liked, on the ground, you would never get a job doing that.
Sir Ken Robinson- Do schools kill creativity. - TED Talk.mp4	00:11:22	Is that right?
Sir Ken Robinson- Do schools kill creativity. - TED Talk.mp4	00:11:23	Don't do music, you're not going to be a musician.
Sir Ken Robinson- Do schools kill creativity. - TED Talk.mp4	00:11:25	Don't do art, you won't be an artist.
Sir Ken Robinson- Do schools kill creativity. - TED Talk.mp4	00:11:27	Benign advice.
Sir Ken Robinson- Do schools kill creativity. - TED Talk.mp4	00:11:28	Now, profoundly mistaken.
Sir Ken Robinson- Do schools kill creativity. - TED Talk.mp4	00:11:31	The whole world is engulfed in a revolution.
Sir Ken Robinson- Do schools kill creativity. - TED Talk.mp4	00:11:33	And the second is academic ability,
Sir Ken Robinson- Do schools kill creativity. - TED Talk.mp4	00:11:35	which has really come to dominate our view of intelligence,
Sir Ken Robinson- Do schools kill creativity. - TED Talk.mp4	00:11:37	because the universities designed the system in their image.
Sir Ken Robinson- Do schools kill creativity. - TED Talk.mp4	00:11:41	If you think of it, the whole system of public education around the world
Sir Ken Robinson- Do schools kill creativity. - TED Talk.mp4	00:11:43	is a protracted process of university entrance.
Sir Ken Robinson- Do schools kill creativity. - TED Talk.mp4	00:11:46	And the consequence is that many highly talented, brilliant,
Sir Ken Robinson- Do schools kill creativity. - TED Talk.mp4	00:11:49	creative people think they're not.
Sir Ken Robinson- Do schools kill creativity. - TED Talk.mp4	00:11:52	Because the thing they were good at at school wasn't valued,
Sir Ken Robinson- Do schools kill creativity. - TED Talk.mp4	00:11:54	or was actually stigmatized.
Sir Ken Robinson- Do schools kill creativity. - TED Talk.mp4	00:11:56	And I think we can't afford to go on that way.
Sir Ken Robinson- Do schools kill creativity. - TED Talk.mp4	00:11:58	In the next 30 years, according to UNESCO,
Sir Ken Robinson- Do schools kill creativity. - TED Talk.mp4	00:12:01	more people worldwide will be graduating through education
Sir Ken Robinson- Do schools kill creativity. - TED Talk.mp4	00:12:04	than since the beginning of history.
Sir Ken Robinson- Do schools kill creativity. - TED Talk.mp4	00:12:06	More people.
Sir Ken Robinson- Do schools kill creativity. - TED Talk.mp4	00:12:07	And it's the combination of all the things we've talked about,
Sir Ken Robinson- Do schools kill creativity. - TED Talk.mp4	00:12:09	technology and its transformation effect on work,
Sir Ken Robinson- Do schools kill creativity. - TED Talk.mp4	00:12:12	and demography and the huge explosion in population.
Sir Ken Robinson- Do schools kill creativity. - TED Talk.mp4	00:12:15	Suddenly, degrees aren't worth anything.
Sir Ken Robinson- Do schools kill creativity. - TED Talk.mp4	00:12:18	Isn't that true?
Sir Ken Robinson- Do schools kill creativity. - TED Talk.mp4	00:12:20	When I was a student, if you had a degree, you had a job.
Sir Ken Robinson- Do schools kill creativity. - TED Talk.mp4	00:12:23	If you didn't have a job, it's because you didn't want one.
Sir Ken Robinson- Do schools kill creativity. - TED Talk.mp4	00:12:25	And I didn't want one, frankly.
Sir Ken Robinson- Do schools kill creativity. - TED Talk.mp4	00:12:29	But now, kids with degrees are often heading home
Sir Ken Robinson- Do schools kill creativity. - TED Talk.mp4	00:12:33	to carry on playing video games.
Sir Ken Robinson- Do schools kill creativity. - TED Talk.mp4	00:12:35	Because you need an MA, where the previous job required a BA,
Sir Ken Robinson- Do schools kill creativity. - TED Talk.mp4	00:12:38	and now you need a PhD for the other.
Sir Ken Robinson- Do schools kill creativity. - TED Talk.mp4	00:12:40	It's a process of academic inflation.
Sir Ken Robinson- Do schools kill creativity. - TED Talk.mp4	00:12:42	And it indicates the whole structure of education
Sir Ken Robinson- Do schools kill creativity. - TED Talk.mp4	00:12:43	is shifting beneath our feet.
Sir Ken Robinson- Do schools kill creativity. - TED Talk.mp4	00:12:45	We need to radically rethink our view of intelligence.
Sir Ken Robinson- Do schools kill creativity. - TED Talk.mp4	00:12:47	We know three things about intelligence.
Sir Ken Robinson- Do schools kill creativity. - TED Talk.mp4	00:12:49	One, it's diverse.
Sir Ken Robinson- Do schools kill creativity. - TED Talk.mp4	00:12:50	We think about the world in all the ways that we experience it.
Sir Ken Robinson- Do schools kill creativity. - TED Talk.mp4	00:12:53	We think visually, we think in sound, we think kinesthetically.
Sir Ken Robinson- Do schools kill creativity. - TED Talk.mp4	00:12:56	We think in abstract terms, we think in movement.
Sir Ken Robinson- Do schools kill creativity. - TED Talk.mp4	00:13:00	Secondly, intelligence is dynamic.
Sir Ken Robinson- Do schools kill creativity. - TED Talk.mp4	00:13:02	If you look at the interactions of a human brain,
Sir Ken Robinson- Do schools kill creativity. - TED Talk.mp4	00:13:05	as we heard yesterday from a number of presentations,
Sir Ken Robinson- Do schools kill creativity. - TED Talk.mp4	00:13:08	intelligence is wonderfully interactive.
Sir Ken Robinson- Do schools kill creativity. - TED Talk.mp4	00:13:10	The brain isn't divided into compartments.
Sir Ken Robinson- Do schools kill creativity. - TED Talk.mp4	00:13:13	In fact, creativity, which I define as the process
Sir Ken Robinson- Do schools kill creativity. - TED Talk.mp4	00:13:16	of having original ideas that have value,
Sir Ken Robinson- Do schools kill creativity. - TED Talk.mp4	00:13:18	more often than not, comes about through the interaction
Sir Ken Robinson- Do schools kill creativity. - TED Talk.mp4	00:13:21	of different disciplinary ways of seeing things.
Sir Ken Robinson- Do schools kill creativity. - TED Talk.mp4	00:13:25	The brain is intentional.
Sir Ken Robinson- Do schools kill creativity. - TED Talk.mp4	00:13:26	By the way, there's a shaft of nerves that joins the two halves of the brain
Sir Ken Robinson- Do schools kill creativity. - TED Talk.mp4	00:13:29	called the corpus callosum.
Sir Ken Robinson- Do schools kill creativity. - TED Talk.mp4	00:13:30	It's thicker in women.
Sir Ken Robinson- Do schools kill creativity. - TED Talk.mp4	00:13:32	Following on from Helen yesterday,
Sir Ken Robinson- Do schools kill creativity. - TED Talk.mp4	00:13:33	I think this is probably why women are better at multitasking.
Sir Ken Robinson- Do schools kill creativity. - TED Talk.mp4	00:13:37	Because you are.
Sir Ken Robinson- Do schools kill creativity. - TED Talk.mp4	00:13:39	Aren't you? That's a raft of research.
Sir Ken Robinson- Do schools kill creativity. - TED Talk.mp4	00:13:40	But I know it from my personal life.
Sir Ken Robinson- Do schools kill creativity. - TED Talk.mp4	00:13:43	If my wife is cooking a meal at home,
Sir Ken Robinson- Do schools kill creativity. - TED Talk.mp4	00:13:44	which is not often,
Sir Ken Robinson- Do schools kill creativity. - TED Talk.mp4	00:13:47	thankfully,
Sir Ken Robinson- Do schools kill creativity. - TED Talk.mp4	00:13:48	but, you know, if she's doing...
Sir Ken Robinson- Do schools kill creativity. - TED Talk.mp4	00:13:50	No, she's good at some things.
Sir Ken Robinson- Do schools kill creativity. - TED Talk.mp4	00:13:52	But if she's cooking, you know, she's dealing with people on the phone,
Sir Ken Robinson- Do schools kill creativity. - TED Talk.mp4	00:13:55	she's talking to the kids, she's painting the ceiling,
Sir Ken Robinson- Do schools kill creativity. - TED Talk.mp4	00:13:57	you know, she's doing open-heart surgery over here.
Sir Ken Robinson- Do schools kill creativity. - TED Talk.mp4	00:14:01	If I'm cooking, the door is shut,
Sir Ken Robinson- Do schools kill creativity. - TED Talk.mp4	00:14:03	the kids are out, the phone's on the hook,
Sir Ken Robinson- Do schools kill creativity. - TED Talk.mp4	00:14:05	if she comes in, I get annoyed.
Sir Ken Robinson- Do schools kill creativity. - TED Talk.mp4	00:14:07	I say, Terry, please, I'm trying to fry an egg in here.
Sir Ken Robinson- Do schools kill creativity. - TED Talk.mp4	00:14:09	You know, really...
Sir Ken Robinson- Do schools kill creativity. - TED Talk.mp4	00:14:11	Give me...
Sir Ken Robinson- Do schools kill creativity. - TED Talk.mp4	00:14:13	Give...
Sir Ken Robinson- Do schools kill creativity. - TED Talk.mp4	00:14:17	Give me a break.
Sir Ken Robinson- Do schools kill creativity. - TED Talk.mp4	00:14:20	Actually, there was...
Sir Ken Robinson- Do schools kill creativity. - TED Talk.mp4	00:14:21	Do you know that old philosophical thing?
Sir Ken Robinson- Do schools kill creativity. - TED Talk.mp4	00:14:23	If a tree falls in a forest and nobody hears it, did it happen?
Sir Ken Robinson- Do schools kill creativity. - TED Talk.mp4	00:14:26	Remember that old chestnut?
Sir Ken Robinson- Do schools kill creativity. - TED Talk.mp4	00:14:27	I saw a great T-shirt, really, recently, which said,
Sir Ken Robinson- Do schools kill creativity. - TED Talk.mp4	00:14:30	if a man speaks his mind in a forest and no woman hears him,
Sir Ken Robinson- Do schools kill creativity. - TED Talk.mp4	00:14:34	is he still wrong?
Sir Ken Robinson- Do schools kill creativity. - TED Talk.mp4	00:14:36	Which I...
Sir Ken Robinson- Do schools kill creativity. - TED Talk.mp4	00:14:38	LAUGHTER
Sir Ken Robinson- Do schools kill creativity. - TED Talk.mp4	00:14:40	LAUGHTER
Sir Ken Robinson- Do schools kill creativity. - TED Talk.mp4	00:14:41	LAUGHTER
Sir Ken Robinson- Do schools kill creativity. - TED Talk.mp4	00:14:41	LAUGHTER
Sir Ken Robinson- Do schools kill creativity. - TED Talk.mp4	00:14:42	LAUGHTER
Sir Ken Robinson- Do schools kill creativity. - TED Talk.mp4	00:14:42	And the third thing about intelligence is it's distinct.
Sir Ken Robinson- Do schools kill creativity. - TED Talk.mp4	00:14:47	I'm doing a new book at the moment called Epiphany,
Sir Ken Robinson- Do schools kill creativity. - TED Talk.mp4	00:14:49	which is based on a series of interviews with people
Sir Ken Robinson- Do schools kill creativity. - TED Talk.mp4	00:14:51	about how they discovered their talent.
Sir Ken Robinson- Do schools kill creativity. - TED Talk.mp4	00:14:53	I'm fascinated by how people got to be there.
Sir Ken Robinson- Do schools kill creativity. - TED Talk.mp4	00:14:56	It's really prompted by a conversation I had with a wonderful woman
Sir Ken Robinson- Do schools kill creativity. - TED Talk.mp4	00:14:58	who most people have never heard of.
Sir Ken Robinson- Do schools kill creativity. - TED Talk.mp4	00:15:00	She's called Gillian Lynn.
Sir Ken Robinson- Do schools kill creativity. - TED Talk.mp4	00:15:01	Have you heard of her?
Sir Ken Robinson- Do schools kill creativity. - TED Talk.mp4	00:15:02	Some have.
Sir Ken Robinson- Do schools kill creativity. - TED Talk.mp4	00:15:03	She's a choreographer and everybody knows her work.
Sir Ken Robinson- Do schools kill creativity. - TED Talk.mp4	00:15:05	She did Cats and Phantom of the Opera.
Sir Ken Robinson- Do schools kill creativity. - TED Talk.mp4	00:15:08	She's wonderful.
Sir Ken Robinson- Do schools kill creativity. - TED Talk.mp4	00:15:08	I used to be on the board of the Royal Ballet in England,
Sir Ken Robinson- Do schools kill creativity. - TED Talk.mp4	00:15:11	as you can see.
Sir Ken Robinson- Do schools kill creativity. - TED Talk.mp4	00:15:12	LAUGHTER
Sir Ken Robinson- Do schools kill creativity. - TED Talk.mp4	00:15:14	Anyway, Gillian and I had lunch one day.
Sir Ken Robinson- Do schools kill creativity. - TED Talk.mp4	00:15:15	I said, how did you get to be a dancer?
Sir Ken Robinson- Do schools kill creativity. - TED Talk.mp4	00:15:17	And she said it was interesting.
Sir Ken Robinson- Do schools kill creativity. - TED Talk.mp4	00:15:18	When she was at school, she was really hopeless.
Sir Ken Robinson- Do schools kill creativity. - TED Talk.mp4	00:15:21	And the school in the 30s wrote to her parents and said,
Sir Ken Robinson- Do schools kill creativity. - TED Talk.mp4	00:15:24	we think Gillian has a learning disorder.
Sir Ken Robinson- Do schools kill creativity. - TED Talk.mp4	00:15:26	You couldn't concentrate.
Sir Ken Robinson- Do schools kill creativity. - TED Talk.mp4	00:15:26	She was fidgeting.
Sir Ken Robinson- Do schools kill creativity. - TED Talk.mp4	00:15:27	I think now they'd say she had ADHD.
Sir Ken Robinson- Do schools kill creativity. - TED Talk.mp4	00:15:30	Wouldn't you?
Sir Ken Robinson- Do schools kill creativity. - TED Talk.mp4	00:15:31	But this was the 1930s and ADHD hadn't been invented,
Sir Ken Robinson- Do schools kill creativity. - TED Talk.mp4	00:15:34	you know, at this point, so it wasn't an available condition.
Sir Ken Robinson- Do schools kill creativity. - TED Talk.mp4	00:15:37	You know, people...
Sir Ken Robinson- Do schools kill creativity. - TED Talk.mp4	00:15:39	LAUGHTER
Sir Ken Robinson- Do schools kill creativity. - TED Talk.mp4	00:15:39	People...
Sir Ken Robinson- Do schools kill creativity. - TED Talk.mp4	00:15:40	LAUGHTER
Sir Ken Robinson- Do schools kill creativity. - TED Talk.mp4	00:15:41	People weren't aware they could have that.
Sir Ken Robinson- Do schools kill creativity. - TED Talk.mp4	00:15:43	LAUGHTER
Sir Ken Robinson- Do schools kill creativity. - TED Talk.mp4	00:15:45	Anyway, she went to see this specialist.
Sir Ken Robinson- Do schools kill creativity. - TED Talk.mp4	00:15:50	So this oak-panelled room, and she was there with her mother,
Sir Ken Robinson- Do schools kill creativity. - TED Talk.mp4	00:15:53	and she was led and sat on this chair at the end,
Sir Ken Robinson- Do schools kill creativity. - TED Talk.mp4	00:15:55	and she sat on her hands for 20 minutes while this man talked to her mother
Sir Ken Robinson- Do schools kill creativity. - TED Talk.mp4	00:15:58	about all the problems Gillian was having at school.
Sir Ken Robinson- Do schools kill creativity. - TED Talk.mp4	00:16:00	And at the end of it, because she was disturbing people,
Sir Ken Robinson- Do schools kill creativity. - TED Talk.mp4	00:16:03	her homework was always late and so on, little kid of eight,
Sir Ken Robinson- Do schools kill creativity. - TED Talk.mp4	00:16:05	in the end, the...
Sir Ken Robinson- Do schools kill creativity. - TED Talk.mp4	00:16:08	The doctor went and sat next to Gillian and said,
Sir Ken Robinson- Do schools kill creativity. - TED Talk.mp4	00:16:10	Gillian, I've listened to all these things that your mother's told me.
Sir Ken Robinson- Do schools kill creativity. - TED Talk.mp4	00:16:11	I need to speak to her privately.
Sir Ken Robinson- Do schools kill creativity. - TED Talk.mp4	00:16:14	So she said, wait here, we'll be back, we won't be very long,
Sir Ken Robinson- Do schools kill creativity. - TED Talk.mp4	00:16:17	and they went and left her.
Sir Ken Robinson- Do schools kill creativity. - TED Talk.mp4	00:16:19	But as they went out the room, he turned on the radio
Sir Ken Robinson- Do schools kill creativity. - TED Talk.mp4	00:16:21	that was sitting on his desk.
Sir Ken Robinson- Do schools kill creativity. - TED Talk.mp4	00:16:23	And when they got out the room, he said to her mother,
Sir Ken Robinson- Do schools kill creativity. - TED Talk.mp4	00:16:25	just stand and watch her.
Sir Ken Robinson- Do schools kill creativity. - TED Talk.mp4	00:16:27	And the minute they left the room, she said she was on her feet,
Sir Ken Robinson- Do schools kill creativity. - TED Talk.mp4	00:16:31	moving to the music.
Sir Ken Robinson- Do schools kill creativity. - TED Talk.mp4	00:16:33	And they watched for a few minutes, and he turned to her mother,
Sir Ken Robinson- Do schools kill creativity. - TED Talk.mp4	00:16:35	and he said, you know, Mrs Lynn,
Sir Ken Robinson- Do schools kill creativity. - TED Talk.mp4	00:16:36	Gillian isn't sick, she's a dancer.
Sir Ken Robinson- Do schools kill creativity. - TED Talk.mp4	00:16:41	Take her to a dance school.
Sir Ken Robinson- Do schools kill creativity. - TED Talk.mp4	00:16:42	I said, what happened?
Sir Ken Robinson- Do schools kill creativity. - TED Talk.mp4	00:16:44	She said, she did.
Sir Ken Robinson- Do schools kill creativity. - TED Talk.mp4	00:16:45	I can't tell you how wonderful it was.
Sir Ken Robinson- Do schools kill creativity. - TED Talk.mp4	00:16:47	We walked in this room, and it was full of people like me.
Sir Ken Robinson- Do schools kill creativity. - TED Talk.mp4	00:16:50	People who couldn't sit still.
Sir Ken Robinson- Do schools kill creativity. - TED Talk.mp4	00:16:52	People who had to move to think.
Sir Ken Robinson- Do schools kill creativity. - TED Talk.mp4	00:16:55	Who had to move to think.
Sir Ken Robinson- Do schools kill creativity. - TED Talk.mp4	00:16:57	They did ballet, they did tap, they did jazz,
Sir Ken Robinson- Do schools kill creativity. - TED Talk.mp4	00:16:59	they did modern, they did contemporary.
Sir Ken Robinson- Do schools kill creativity. - TED Talk.mp4	00:17:00	She was eventually auditioned for the Royal Ballet School.
Sir Ken Robinson- Do schools kill creativity. - TED Talk.mp4	00:17:03	She became a soloist, she had a wonderful career at the Royal Ballet.
Sir Ken Robinson- Do schools kill creativity. - TED Talk.mp4	00:17:05	She eventually became a soloist.
Sir Ken Robinson- Do schools kill creativity. - TED Talk.mp4	00:17:06	She actually graduated from the Royal Ballet School,
Sir Ken Robinson- Do schools kill creativity. - TED Talk.mp4	00:17:08	found her own company, the Gillian Dance Company,
Sir Ken Robinson- Do schools kill creativity. - TED Talk.mp4	00:17:11	met Andrew Lloyd Webber.
Sir Ken Robinson- Do schools kill creativity. - TED Talk.mp4	00:17:12	She's been responsible for some of the most successful
Sir Ken Robinson- Do schools kill creativity. - TED Talk.mp4	00:17:14	musical theatre productions in history.
Sir Ken Robinson- Do schools kill creativity. - TED Talk.mp4	00:17:15	She's given pleasure to millions, and she's a multi-millionaire.
Sir Ken Robinson- Do schools kill creativity. - TED Talk.mp4	00:17:18	Somebody else might have put her on medication
Sir Ken Robinson- Do schools kill creativity. - TED Talk.mp4	00:17:20	and told her to calm down.
Sir Ken Robinson- Do schools kill creativity. - TED Talk.mp4	00:17:23	Now, I think...
Sir Ken Robinson- Do schools kill creativity. - TED Talk.mp4	00:17:31	What I think it comes to is this.
Sir Ken Robinson- Do schools kill creativity. - TED Talk.mp4	00:17:33	Al Gore spoke the other night about ecology,
Sir Ken Robinson- Do schools kill creativity. - TED Talk.mp4	00:17:36	and the revolution that was triggered by Rachel Carson.
Sir Ken Robinson- Do schools kill creativity. - TED Talk.mp4	00:17:40	I believe our only hope for the future
Sir Ken Robinson- Do schools kill creativity. - TED Talk.mp4	00:17:42	is to adopt a new conception of human ecology.
Sir Ken Robinson- Do schools kill creativity. - TED Talk.mp4	00:17:46	One in which we start to reconstitute our conception
Sir Ken Robinson- Do schools kill creativity. - TED Talk.mp4	00:17:48	of the richness of human capacity.
Sir Ken Robinson- Do schools kill creativity. - TED Talk.mp4	00:17:51	Our education system has mined our minds
Sir Ken Robinson- Do schools kill creativity. - TED Talk.mp4	00:17:54	in the way that we strip-mined the earth
Sir Ken Robinson- Do schools kill creativity. - TED Talk.mp4	00:17:56	for a particular commodity.
Sir Ken Robinson- Do schools kill creativity. - TED Talk.mp4	00:17:58	And for the future, it won't serve us.
Sir Ken Robinson- Do schools kill creativity. - TED Talk.mp4	00:18:00	We have to rethink the fundamental principles
Sir Ken Robinson- Do schools kill creativity. - TED Talk.mp4	00:18:03	on which we're educating our children.
Sir Ken Robinson- Do schools kill creativity. - TED Talk.mp4	00:18:04	There was a wonderful quote by Jonas Salk, who said,
Sir Ken Robinson- Do schools kill creativity. - TED Talk.mp4	00:18:08	if you were to...
Sir Ken Robinson- Do schools kill creativity. - TED Talk.mp4	00:18:09	If all the insects were to disappear from the earth,
Sir Ken Robinson- Do schools kill creativity. - TED Talk.mp4	00:18:13	within 50 years, all life on earth would end.
Sir Ken Robinson- Do schools kill creativity. - TED Talk.mp4	00:18:16	If all human beings disappeared from the earth,
Sir Ken Robinson- Do schools kill creativity. - TED Talk.mp4	00:18:20	within 50 years, all forms of life would flourish.
Sir Ken Robinson- Do schools kill creativity. - TED Talk.mp4	00:18:23	And he's right.
Sir Ken Robinson- Do schools kill creativity. - TED Talk.mp4	00:18:25	What TED celebrates is the gift of the human imagination.
Sir Ken Robinson- Do schools kill creativity. - TED Talk.mp4	00:18:29	We have to be careful now that we use this gift wisely,
Sir Ken Robinson- Do schools kill creativity. - TED Talk.mp4	00:18:33	and that we avert some of the scenarios that we've talked about.
Sir Ken Robinson- Do schools kill creativity. - TED Talk.mp4	00:18:37	And the only way we'll do it is by seeing our creative capacities
Sir Ken Robinson- Do schools kill creativity. - TED Talk.mp4	00:18:40	for the richness they are,
Sir Ken Robinson- Do schools kill creativity. - TED Talk.mp4	00:18:42	and seeing our children for the hope that they are.
Sir Ken Robinson- Do schools kill creativity. - TED Talk.mp4	00:18:45	And our task is to educate their whole being
Sir Ken Robinson- Do schools kill creativity. - TED Talk.mp4	00:18:48	so they can face this future.
Sir Ken Robinson- Do schools kill creativity. - TED Talk.mp4	00:18:49	By the way, we may not see this future, but they will.
Sir Ken Robinson- Do schools kill creativity. - TED Talk.mp4	00:18:53	And our job is to help them make something of it.
Sir Ken Robinson- Do schools kill creativity. - TED Talk.mp4	00:18:56	Thank you very much.
Sir Ken Robinson- Do schools kill creativity. - TED Talk.mp4	00:18:59	Bravo. Here we are.
Sir Ken Robinson- Do schools kill creativity. - TED Talk.mp4	00:19:04	Thank you very much.
video1.mp4	00:05:31	referring, matchmaking with communities.
video1.mp4	00:05:34	And then implementing, actually going out there and doing the work,
video1.mp4	00:05:37	because when you invent, it's never a reality until it's built.
video1.mp4	00:05:43	So it's really important that if we're designing
video1.mp4	00:05:45	and trying to create change, we build that change.
video1.mp4	00:05:48	So here's a select number of projects.
video1.mp4	00:05:52	Kosovo.
video1.mp4	00:05:54	This is Kosovo.
video1.mp4	00:05:55	Kosovo in 99.
video1.mp4	00:05:57	We did an open design competition, like I said.
video1.mp4	00:05:59	It led to a whole variety of ideas.
video1.mp4	00:06:02	And this wasn't about emergency shelter,
video1.mp4	00:06:04	but transitional shelter that would last five to ten years,
video1.mp4	00:06:07	that would be placed next to the land the resident lived in,
video1.mp4	00:06:11	and that they would rebuild their own home.
video1.mp4	00:06:13	This wasn't imposing an architecture on a community.
video1.mp4	00:06:16	This was giving them the tools and the space
video1.mp4	00:06:19	to allow them to rebuild and regrow the way they want to.
video1.mp4	00:06:24	We had, from that second year,
video1.mp4	00:06:25	a sublime to the ridiculous, but they worked.
video1.mp4	00:06:27	This is an inflatable hemp house.
video1.mp4	00:06:30	It was built. It works.
video1.mp4	00:06:32	This is a shipping container.
video1.mp4	00:06:35	Built and works.
video1.mp4	00:06:37	And a whole variety of ideas that not only dealt with architectural building,
video1.mp4	00:06:42	but also the issues of governance
video1.mp4	00:06:44	and the idea of creating communities through complex networks.
video1.mp4	00:06:47	So we've engaged not just designers,
video1.mp4	00:06:49	but also a whole variety of technology-based professionals.
video1.mp4	00:06:54	Using rubble from destroyed homes to create new homes.
video1.mp4	00:07:01	Using straw bale construction, creating heat walls.
video1.mp4	00:07:05	And then something remarkable happened in 1999.
video1.mp4	00:07:07	We went to Africa, originally to look at the housing issue.
video1.mp4	00:07:11	Within three days, we realized the problem was not housing,
video1.mp4	00:07:14	it was the growing pandemic of HIV-AIDS.
video1.mp4	00:07:17	And it wasn't doctors telling us this.
video1.mp4	00:07:19	It was actual villages that we were staying with.
video1.mp4	00:07:21	And so we came up with this bright idea
video1.mp4	00:07:24	that instead of getting people to walk 10, 15 kilometers to see doctors,
video1.mp4	00:07:28	you get the doctors to the people.
video1.mp4	00:07:30	And we started engaging the medical community.
video1.mp4	00:07:33	And I thought, you know, we thought we were real bright sparks.
video1.mp4	00:07:37	We've come up with this great idea.
video1.mp4	00:07:38	Mobile health clinics that can widely distribute throughout sub-Saharan Africa.
video1.mp4	00:07:43	And the community, the medical community there said,
video1.mp4	00:07:45	we've said this for the last decade.
video1.mp4	00:07:48	We know this.
video1.mp4	00:07:49	We just don't know how to show this.
video1.mp4	00:07:51	So in a way, we had taken pre-existing needs and shown solutions.
video1.mp4	00:07:57	And so, again, we had a whole variety of ideas that came in.
video1.mp4	00:08:02	This one I personally love because the idea that architecture
video1.mp4	00:08:06	is not just about solutions but about raising awareness.
video1.mp4	00:08:09	This is a Kanaf clinic.
video1.mp4	00:08:11	You get seed and you grow it in a plot of land.
video1.mp4	00:08:14	And then once, and it grows 14 feet in a month.
video1.mp4	00:08:18	And on the fourth week, the doctors come and they mow out an area.
video1.mp4	00:08:21	And they put a tensile structure on the top.
video1.mp4	00:08:23	And when the doctors have finished treating and seeing patients and villagers,
video1.mp4	00:08:30	you cut down the clinic and you eat it.
video1.mp4	00:08:32	It's an eat-your-own-clinic.
video1.mp4	00:08:33	So it's dealing with the fact that if you have AIDS,
video1.mp4	00:08:37	you also need to have nutrition rates.
video1.mp4	00:08:39	And the idea of nutrition is as important as getting antiretrovirals out there.
video1.mp4	00:08:44	So, you know, it was a serious solution.
video1.mp4	00:08:47	This one I love.
video1.mp4	00:08:48	The idea is it's not just a clinic.
video1.mp4	00:08:49	It's a community center.
video1.mp4	00:08:51	This looked at setting up trade routes and economic engines within the community
video1.mp4	00:08:55	so it can be a self-sustaining project.
video1.mp4	00:08:57	Every one of these projects is sustainable.
video1.mp4	00:09:00	That's not because I'm a tree-hugging green person.
video1.mp4	00:09:03	It's because when you live on $4 a day, you're living on survival.
video1.mp4	00:09:07	And you have to be sustainable.
video1.mp4	00:09:09	You have to know where your energy is coming from.
video1.mp4	00:09:11	You have to know where your resource is coming from.
video1.mp4	00:09:13	And you have to keep the maintenance down.
video1.mp4	00:09:16	So this is about getting an economic engine.
video1.mp4	00:09:18	And then at night, it turns into a movie theater.
video1.mp4	00:09:20	So it's not an AIDS clinic.
video1.mp4	00:09:22	It's a community center.
video1.mp4	00:09:25	So you can see ideas.
video1.mp4	00:09:28	And these ideas developed into prototypes.
video1.mp4	00:09:30	And they are eventually built.
video1.mp4	00:09:32	And currently, as of this year, there are clinics rolling out in Nigeria and Kenya.
video1.mp4	00:09:40	From that, we also developed Sia Temba, which was a project.
video1.mp4	00:09:43	The community came to us and said,
video1.mp4	00:09:45	the problem is that the girls don't have education.
video1.mp4	00:09:48	And we're working in an area where young women between the ages of 16 and 24
video1.mp4	00:09:52	have a 50% HIV-AIDS rate.
video1.mp4	00:09:55	And that's not because they're promiscuous.
video1.mp4	00:09:58	It's because there's no knowledge.
video1.mp4	00:10:00	And so we decided to look at the idea of sports
video1.mp4	00:10:02	and create a youth sports center that doubled as an HIV-AIDS outreach center.
video1.mp4	00:10:07	And the coaches of the girls' team were also trained doctors.
video1.mp4	00:10:11	So that there would be a very slow way of developing confidence in healthcare.
video1.mp4	00:10:18	And we picked nine finalists.
video1.mp4	00:10:21	And then those nine finalists were distributed throughout the entire region.
video1.mp4	00:10:25	And then the community picked their design.
video1.mp4	00:10:27	They said, this is our design.
video1.mp4	00:10:29	Because it's not only about engaging a community.
video1.mp4	00:10:31	It's about empowering a community.
video1.mp4	00:10:33	And about getting them to be a part of the rebuilding process.
video1.mp4	00:10:38	So the winning design is here.
video1.mp4	00:10:41	And then, of course, we actually go and work with the community and the clients.
video1.mp4	00:10:45	So this is the designer.
video1.mp4	00:10:46	He's out there working with the first ever.
video1.mp4	00:10:47	Women's soccer team in KwaZulu-Natal.
video1.mp4	00:10:51	Sia Temba.
video1.mp4	00:10:52	And they can tell it better.
video1.mp4	00:11:17	Well, my name is Sisi Mkwanzi.
video1.mp4	00:11:19	I work at the Africa Center.
video1.mp4	00:11:20	I'm the IT user consultant.
video1.mp4	00:11:22	And I'm also the national football player for South Africa, Wanyana Wanyana.
video1.mp4	00:11:27	And I also play in the Vodacom League for the team called Beaster Tits.
video1.mp4	00:11:33	Which has now changed to Sia Temba.
video1.mp4	00:11:37	This is our home ground.
video1.mp4	00:11:39	So I'm going to show that later because I'm running out of time.
video1.mp4	00:11:42	I can see Chris looking at me slyly.
video1.mp4	00:11:46	This was a connection.
video1.mp4	00:11:47	Just a meeting with somebody who wanted to develop Africa's first telemedicine center in Tanzania.
video1.mp4	00:11:53	And we met literally a couple of months ago.
video1.mp4	00:11:56	We've already developed a design.
video1.mp4	00:11:57	The team is over there working in partnership.
video1.mp4	00:11:59	This was a matchmaking thanks to a couple of Tedsters.
video1.mp4	00:12:03	Son, Cheryl Heller, and Andrew Zoli who connected me with this amazing African woman.
video1.mp4	00:12:09	And we start construction in June.
video1.mp4	00:12:11	And it will be opened by Ted Global.
video1.mp4	00:12:12	So when you come to Ted Global, you can check it out.
video1.mp4	00:12:15	But what we're known probably most of you know.
video1.mp4	00:12:17	What we're known most for is dealing with disasters and development.
video1.mp4	00:12:19	And we've been involved in a lot of issues such as the tsunami.
video1.mp4	00:12:25	And also things like Hurricane Katrina.
video1.mp4	00:12:28	This is a $370 shelter that can be easily assembled.
video1.mp4	00:12:35	This is a community designed community center.
video1.mp4	00:12:41	And what that means is we actually live and work with the community.
video1.mp4	00:12:44	And they're part of the design process.
video1.mp4	00:12:49	The kids actually get involved in mapping out where the community center should be.
video1.mp4	00:12:55	And then eventually the community is actually, through skills training, end up building the building with us.
video1.mp4	00:13:01	Here is another school.
video1.mp4	00:13:03	This is what the UN gave these guys for six months.
video1.mp4	00:13:06	It's 12 plastic tarps.
video1.mp4	00:13:08	This was in August.
video1.mp4	00:13:09	This was the replacement that's supposed to last for two years.
video1.mp4	00:13:12	When the rain comes down, you can't build it.
video1.mp4	00:13:13	You can't hear a thing.
video1.mp4	00:13:14	And in the summer it's about 140 degrees inside.
video1.mp4	00:13:17	So we said, if the rain is coming down, let's get fresh water.
video1.mp4	00:13:20	So every one of our schools have rainwater collection systems.
video1.mp4	00:13:24	Very low cost.
video1.mp4	00:13:26	Three classrooms and rainwater collection is $5,000.
video1.mp4	00:13:30	This was raised by hot chocolate sales in Atlanta.
video1.mp4	00:13:35	It's built by the parents of the kids.
video1.mp4	00:13:37	The kids are out there on site building the buildings.
video1.mp4	00:13:40	And it opened a couple of weeks ago.
video1.mp4	00:13:42	And there's 600 kids that are now using it.
video1.mp4	00:13:43	They're using the schools.
video1.mp4	00:13:51	So disaster hits home.
video1.mp4	00:13:54	We see the bad stories on CNN and Fox and all that.
video1.mp4	00:13:59	But we don't see the good stories.
video1.mp4	00:14:00	Here is a community that got together.
video1.mp4	00:14:02	And they said no to waiting.
video1.mp4	00:14:05	They formed a partnership, a diverse partnership of players, to actually map out East Biloxi, to figure out who's getting involved.
video1.mp4	00:14:12	We've had over 1,500 volunteers.
video1.mp4	00:14:13	We've had over 1,500 volunteers rebuilding, rehabbing homes.
video1.mp4	00:14:16	Figuring out what FEMA regulations are.
video1.mp4	00:14:19	Not waiting for them to dictate to us how you should rebuild.
video1.mp4	00:14:23	Working with residents.
video1.mp4	00:14:24	Getting them out of their homes so they don't get ill.
video1.mp4	00:14:27	This is what they're cleaning up on their own.
video1.mp4	00:14:31	Designing housing.
video1.mp4	00:14:32	This house is going to go in a couple of weeks.
video1.mp4	00:14:34	This is a rehabbed home done in four days.
video1.mp4	00:14:37	This is a utility room for a woman who's on a walker.
video1.mp4	00:14:42	She's 70 years old.
video1.mp4	00:14:43	This is what FEMA gave her.
video1.mp4	00:14:45	600 bucks.
video1.mp4	00:14:46	It happened two days ago.
video1.mp4	00:14:48	We put together very quickly a washroom.
video1.mp4	00:14:51	It's built.
video1.mp4	00:14:51	It's running.
video1.mp4	00:14:52	And she just started a business today where she's washing other people's clothes.
video1.mp4	00:14:56	This is Chandra and the Calhouns.
video1.mp4	00:14:59	They're photographers who had documented the Lower Knights for the last 40 years.
video1.mp4	00:15:04	That was their home.
video1.mp4	00:15:05	And these are the photographs they took.
video1.mp4	00:15:06	And we're helping working with them to create a new building.
video1.mp4	00:15:10	Projects we've done.
video1.mp4	00:15:12	Projects we've been a part of.
video1.mp4	00:15:14	Support.
video1.mp4	00:15:15	Why don't aid agencies do this?
video1.mp4	00:15:18	This is the UN tent.
video1.mp4	00:15:21	This is the new UN tent.
video1.mp4	00:15:23	Just introduced this year.
video1.mp4	00:15:24	Quick to assemble.
video1.mp4	00:15:26	It's got a flap.
video1.mp4	00:15:27	That's the invention.
video1.mp4	00:15:29	It took 20 years to design this and get it implemented in the field.
video1.mp4	00:15:34	I was 12 years old.
video1.mp4	00:15:36	There's a problem here.
video1.mp4	00:15:39	Luckily we're not alone.
video1.mp4	00:15:41	There are hundreds and hundreds and hundreds and hundreds and hundreds of architects and designers and inventors around the world that are getting involved in humanitarian work.
video1.mp4	00:15:54	More hemp houses.
video1.mp4	00:15:55	It's a theme in Japan apparently.
video1.mp4	00:15:57	I'm not sure what they're smoking.
video1.mp4	00:16:02	This is a grip clip designed by somebody who said all you need is some way to attach membrane structures to physical supports.
video1.mp4	00:16:13	This guy designed for NASA is now doing housing.
video1.mp4	00:16:19	I'm going to whip through this quickly because I know I've got only a couple of minutes.
video1.mp4	00:16:25	So this is all done in the last two years.
video1.mp4	00:16:27	I showed you something that took 20 years to do.
video1.mp4	00:16:30	And this is just a selection of things that were built in the last couple of years.
video1.mp4	00:16:35	From Brazil to India.
video1.mp4	00:16:38	Mexico.
video1.mp4	00:16:40	Alabama.
video1.mp4	00:16:44	China.
video1.mp4	00:16:47	Israel.
video1.mp4	00:16:47	Palestine.
video1.mp4	00:16:50	Vietnam.
video1.mp4	00:16:51	The average age of a designer who gets involved in this project is 32.
video1.mp4	00:16:55	That's how old I am.
video1.mp4	00:16:57	So it's a young...
video1.mp4	00:17:00	I just have to stop here because Arup is in the room and this is the best designed toilet in the world.
video1.mp4	00:17:05	If you're ever, ever in India, go use this toilet.
video1.mp4	00:17:09	Chris Lubicam will tell you why.
video1.mp4	00:17:11	I'm sure that's how he wanted to spend the party.
video1.mp4	00:17:14	But...
video1.mp4	00:17:19	But the future is not going to be the skyscraping cities of New York.
video1.mp4	00:17:23	But this.
video1.mp4	00:17:23	And when you look at this, you see crisis.
video1.mp4	00:17:26	What I see is many, many inventors.
video1.mp4	00:17:29	One billion people live in abject poverty.
video1.mp4	00:17:32	We hear about them all the time.
video1.mp4	00:17:33	Four billion live in growing but fragile economies.
video1.mp4	00:17:37	One in seven...
video1.mp4	00:17:38	Seven live in unplanned settlements.
video1.mp4	00:17:40	If we do nothing about the housing crisis that's about to happen,
video1.mp4	00:17:43	in 20 years, one in three people will live in an unplanned settlement or a refugee camp.
video1.mp4	00:17:48	Look left, look right, one of you will be there.
video1.mp4	00:17:52	How do we improve the living standards of five billion people?
video1.mp4	00:17:55	With ten million solutions.
video1.mp4	00:17:58	So I wish to develop a community that actively embraces innovative and sustainable design
video1.mp4	00:18:03	to improve the living conditions for everyone.
video1.mp4	00:18:06	Wait a sec. Wait a sec. Come on.
video1.mp4	00:18:08	That's your wish?
video1.mp4	00:18:09	That's my wish.
video1.mp4	00:18:10	That's his wish!
video1.mp4	00:18:24	We started Architects for Humanity with $700 and a website.
video1.mp4	00:18:28	So Chris somehow decided to give me $100,000.
video1.mp4	00:18:32	So why not this many people?
video1.mp4	00:18:36	Open source architecture is different.
video1.mp4	00:18:38	It's the way to go.
video1.mp4	00:18:38	You have a diverse community of participants.
video1.mp4	00:18:41	And we're not just talking about inventors and designers,
video1.mp4	00:18:44	but we're talking about the funding model.
video1.mp4	00:18:46	My role is not as a designer.
video1.mp4	00:18:48	It's as a conduit between the design world and the humanitarian world.
video1.mp4	00:18:52	And what we need is something that replicates me globally
video1.mp4	00:18:56	because I haven't slept in seven years.
video1.mp4	00:19:02	Secondly, what will this thing be?
video1.mp4	00:19:05	Designers want to respond to issues of humanitarian crisis.
video1.mp4	00:19:08	But they don't want some company in the West taking their idea
video1.mp4	00:19:12	and basically profiting from it.
video1.mp4	00:19:14	So Creative Commons has developed the developing nations license.
video1.mp4	00:19:18	And what that means is that a designer can...
video1.mp4	00:19:20	The Sia Temba project I showed was the first ever building
video1.mp4	00:19:24	to have a Creative Commons license on it.
video1.mp4	00:19:26	As soon as that is built,
video1.mp4	00:19:29	anyone in Africa or any developing nation
video1.mp4	00:19:32	can take the construction documents and replicate it for free.
video1.mp4	00:19:40	So why not allow designers the opportunity to do this
video1.mp4	00:19:44	but still protecting their rights here?
video1.mp4	00:19:46	We want to have a community where you can upload ideas
video1.mp4	00:19:50	and those ideas can be tested in earthquake, in flood,
video1.mp4	00:19:54	in all sorts of austere environments.
video1.mp4	00:19:57	The reason that's important is I don't want to wait
video1.mp4	00:20:00	for the next Katrina to find out if my house works.
video1.mp4	00:20:03	That's too late. We need to do it now.
video1.mp4	00:20:06	So doing that globally, and I think that's what we're doing,
video1.mp4	00:20:08	and I want this whole thing to work multilingually.
video1.mp4	00:20:13	When you look at the face of an architect,
video1.mp4	00:20:15	most people think a gray-haired white guy.
video1.mp4	00:20:17	I don't see that. I see the face of the world.
video1.mp4	00:20:20	So I want everyone from all over the planet
video1.mp4	00:20:22	to be able to be a part of this design and development.
video1.mp4	00:20:26	The idea of needs-based competitions,
video1.mp4	00:20:28	XPRIZE for the other 98%, if you want to call it that.
video1.mp4	00:20:32	We also want to look at ways of matchmaking
video1.mp4	00:20:35	and putting funding partners together.
video1.mp4	00:20:37	And the idea is,
video1.mp4	00:20:38	the idea of integrating manufacturers,
video1.mp4	00:20:40	fab labs in every country.
video1.mp4	00:20:41	When I hear about the $100 laptop
video1.mp4	00:20:43	and it's going to educate every child,
video1.mp4	00:20:45	educate every designer in the world.
video1.mp4	00:20:47	Put one in every favela, every slum settlement.
video1.mp4	00:20:51	Because you know what? Innovation will happen.
video1.mp4	00:20:54	And I need to know that. It's called the leap back.
video1.mp4	00:20:56	We talk about leapfrog technologies.
video1.mp4	00:20:58	I write with world changing, and the one thing
video1.mp4	00:21:00	we've been talking about is I learn more on the ground
video1.mp4	00:21:03	than I've ever learned here.
video1.mp4	00:21:04	So let's take those ideas, adapt them,
video1.mp4	00:21:06	and we can use them.
video1.mp4	00:21:10	These ideas are supposed to have adaptable.
video1.mp4	00:21:14	They're allowed to be, they should have the potential
video1.mp4	00:21:16	for evolution. They should be developed by every nation
video1.mp4	00:21:19	on the world and useful for every nation on the world.
video1.mp4	00:21:23	What will it take? There should be a sheet.
video1.mp4	00:21:25	I don't have time to read this because I'm going to be yanked off.
video1.mp4	00:21:29	Just leave it up for a sec.
video1.mp4	00:21:30	Okay. Well, what will it take?
video1.mp4	00:21:32	You guys are smart.
video1.mp4	00:21:35	So it's going to take,
video1.mp4	00:21:36	it's going to take a lot of computing power.
video1.mp4	00:21:38	Because I want this, I want the idea that any laptop
video1.mp4	00:21:40	anywhere in the world can plug into the system
video1.mp4	00:21:42	and be able to not only participate in developing
video1.mp4	00:21:45	these designs, but utilize the designs.
video1.mp4	00:21:48	Also a process of reviewing the designs.
video1.mp4	00:21:51	I want every Arab engineer in the world to check
video1.mp4	00:21:54	and make sure that we're doing stuff that's standing
video1.mp4	00:21:56	because those guys are the best in the world.
video1.mp4	00:21:59	Plug.
video1.mp4	00:22:01	And so, you know, I want these, and I just should note,
video1.mp4	00:22:05	I have two things.
video1.mp4	00:22:06	I have two laptops, and one of them is there.
video1.mp4	00:22:08	And that has 3,000 designs on it.
video1.mp4	00:22:11	If I drop that laptop, what happens?
video1.mp4	00:22:15	So it's important to have these proven ideas put up there,
video1.mp4	00:22:18	easy to use, easy to get a hold of.
video1.mp4	00:22:24	My mom once said there's nothing worse than being
video1.mp4	00:22:26	all mouth and no trousers.
video1.mp4	00:22:29	I'm fed up of talking about making change.
video1.mp4	00:22:32	You only make it by doing it.
video1.mp4	00:22:34	We've changed FEMA guidelines.
video1.mp4	00:22:37	We've changed public policy.
video1.mp4	00:22:38	We've changed international response
video1.mp4	00:22:40	based on building things.
video1.mp4	00:22:43	So for me, it's important that we create a real conduit
video1.mp4	00:22:46	for innovation, and that it's free innovation.
video1.mp4	00:22:49	Think of free culture.
video1.mp4	00:22:50	This is free innovation.
video1.mp4	00:22:54	Somebody said this a couple of years back.
video1.mp4	00:22:58	I will give points for those who know it,
video1.mp4	00:23:00	but I think the man was,
video1.mp4	00:23:04	maybe 25 years too early.
video1.mp4	00:23:06	So let's do it.
video1.mp4	00:23:09	Thank you.
video1.mp4	00:23:12	That was awesome.
Johan Sverdrup - System 20 - Separasjon og.mp4	00:06:06	Testseparatoren blir brukt til oppstart av nye brønner og brønntesting.
Johan Sverdrup - System 20 - Separasjon og.mp4	00:06:10	Når den blir brukt til oppstart av nye brønner kan oljen sendes direkte til oljeeksport,
Johan Sverdrup - System 20 - Separasjon og.mp4	00:06:16	mens når den brukes til brønntesting blir oljen ledet inn i prosessen.
Johan Sverdrup - System 20 - Separasjon og.mp4	00:06:21	Separatoren har også en sandfelle på innløpsrøret som brukes for å verifisere sanddetektorene samt sjekke for eventuell sandproduksjon.
Johan Sverdrup - System 20 - Separasjon og.mp4	00:06:30	I tillegg til produksjon og testmanifold har P2 en transfermanifold.
Johan Sverdrup - System 20 - Separasjon og.mp4	00:06:36	Denne manifolden brukes til å overføre væske til P1 for å holde Flowlines varme under P2-nedstenging,
Johan Sverdrup - System 20 - Separasjon og.mp4	00:06:44	eller for å overføre olje fra DP til P2.
Johan Sverdrup - System 20 - Separasjon og.mp4	00:06:49	Det er lagt opp for jetting av første trinn, andre trinn og testseparator på begge plattformene,
Johan Sverdrup - System 20 - Separasjon og.mp4	00:06:55	da det vil legge seg sand i bunnen av separatoren over tid.
Johan Sverdrup - System 20 - Separasjon og.mp4	00:07:00	Jettevann tas ut fra System 44 og pumpes inn i dyser i separatorene.
Johan Sverdrup - System 20 - Separasjon og.mp4	00:07:07	Vann og sand dreneres tilbake til System 44 for sandbehandling.
Johan Sverdrup - System 21_30 – Oljeeksport og.mp4	00:00:00	Her ser du hele oljeeksportsystemet på Johan Sverdrup som er lokalisert på følgende plattform.
Johan Sverdrup - System 21_30 – Oljeeksport og.mp4	00:00:10	P1, P2 og RP.
Johan Sverdrup - System 21_30 – Oljeeksport og.mp4	00:00:17	Oljeeksport og målesystemene er plassert over disse tre plattformene, hvor oljen distribueres og måles på prosessplattformene P1 og P2, men eksporteres til mangstad fra reiserplattformen RP.
Johan Sverdrup - System 21_30 – Oljeeksport og.mp4	00:00:33	På P1 pumpes den stabiliserte oljen fra tredjetrinseparatorene med hver sin boosterpumpe, der en pumpe er i drift og en er i standby per olje.
Johan Sverdrup - System 21_30 – Oljeeksport og.mp4	00:00:46	Oljen pumpes via oljeeksportmålestasjonen, for den går videre til RP-plattformen via båreplattformen DP.
Johan Sverdrup - System 21_30 – Oljeeksport og.mp4	00:00:57	Målestasjonen består av to strømningsmålere i serie.
Johan Sverdrup - System 21_30 – Oljeeksport og.mp4	00:01:01	I forkant av målestasjonen er det også et avtak til et prøvekabinett som analyserer densitet og vanninnhold, og som inneholder et manuelt prøvepunkt.
Johan Sverdrup - System 21_30 – Oljeeksport og.mp4	00:01:12	Oljen pumpes over til RP.
Johan Sverdrup - System 21_30 – Oljeeksport og.mp4	00:01:14	Da den skjøles ned i eksportskjølene i forkant av eksportledningen til mangstad.
Johan Sverdrup - System 21_30 – Oljeeksport og.mp4	00:01:21	Begge skjølene skal være i drift, men det er mulig å ta en ut for vedlikehold ved bruk av en felles omløpslinje uten at det skal påvirke produksjonen.
Johan Sverdrup - System 21_30 – Oljeeksport og.mp4	00:01:32	Det er viktig at oljen ikke skjøles for mye ned, da det kan føre til vokstdannelse.
Johan Sverdrup - System 21_30 – Oljeeksport og.mp4	00:01:39	Vokstdannelsetemperaturen er estimert til 37 grader Celsius med en smeltetemperatur.
Johan Sverdrup - System 21_30 – Oljeeksport og.mp4	00:01:44	Oljen skal være på 56 grader.
Johan Sverdrup - System 21_30 – Oljeeksport og.mp4	00:01:47	Ved lav produksjon kan boosterpumpene brukes til å eksportere oljen direkte til eksportmanifagelen.
Johan Sverdrup - System 21_30 – Oljeeksport og.mp4	00:01:55	I et slikt tilfelle skal omløpslinjen over eksportpumpene benyttes, samt at smørolje og tetningssystemet til eksportpumpene må være i gang.
Johan Sverdrup - System 21_30 – Oljeeksport og.mp4	00:02:07	Omløpslinjen har en kapasitet på 16 000 standard kubikmeter i døgnet,
Johan Sverdrup - System 21_30 – Oljeeksport og.mp4	00:02:11	som tilsvarer omtrent 2 eller 3 kubikmeter.
Johan Sverdrup - System 21_30 – Oljeeksport og.mp4	00:02:14	Oljen skal være på 32 grader Celsius med brønner.
Johan Sverdrup - System 21_30 – Oljeeksport og.mp4	00:02:16	På P2 pumpes den stabiliserte oljen fra 30-trinnseparator med en av boosterpumpene, der en pumpe er i drift og en er i reserve.
Johan Sverdrup - System 21_30 – Oljeeksport og.mp4	00:02:27	Oljen blir utdannelig trykket opp av eksportpumpene før den går gjennom oljeeksportmålestasjonen og videre til RP.
Johan Sverdrup - System 21_30 – Oljeeksport og.mp4	00:02:36	Målestasjonen består av en enkel strømningsmåler.
Johan Sverdrup - System 21_30 – Oljeeksport og.mp4	00:02:39	I forkant av målestasjonen er det også et avtak til tetthetsmålestasjonen,
Johan Sverdrup - System 21_30 – Oljeeksport og.mp4	00:02:47	B21JX002, som analyserer densitet og vanninnhold, og som også inneholder et manuelt prøvepunkt.
Johan Sverdrup - System 21_30 – Oljeeksport og.mp4	00:02:55	Ved lav produksjon sirkuleres oljen fra eksportpumpene tilbake til 30-trinnseparator gjennom resirkulasjonskjøleren.
Johan Sverdrup - System 21_30 – Oljeeksport og.mp4	00:03:05	For å vedlikeholde rørledningen mot Mongstad er det planlagt å sende PIG fra RP-plattform til Mongstad ved behov.
Johan Sverdrup - System 21_30 – Oljeeksport og.mp4	00:03:14	PIG-sluse?
Johan Sverdrup - System 21_30 – Oljeeksport og.mp4	00:03:14	PIG-slusen er plassert på RP og kan sende PIG under full oljeproduksjon.
Johan Sverdrup - System 21_30 – Oljeeksport og.mp4	00:03:21	Trykk på «Neste» for å gå videre.
Johan Sverdrup - System 26 Gassløft.mp4	00:00:00	Det finnes to gassløftsystemer på Johansverdruk.
Johan Sverdrup - System 26 Gassløft.mp4	00:00:05	Et på DP for tørre brønner, og et på RP mot subsiden.
Johan Sverdrup - System 26 Gassløft.mp4	00:00:11	Her ser du gassløftsystemet for tørre brønner, lokalisert på DP.
Johan Sverdrup - System 26 Gassløft.mp4	00:00:17	Gassløftsystemet er koblet mot gaseksporterøret som går fra P1 til RP.
Johan Sverdrup - System 26 Gassløft.mp4	00:00:23	Hensikten med systemet er å forsyne gass til gassløftsystemet på produksjonsbrønnene.
Johan Sverdrup - System 26 Gassløft.mp4	00:00:31	Injeksjoner av gass i brønnstrømmen reduserer tettheten og dermed tyngden av medier i brønnen.
Johan Sverdrup - System 26 Gassløft.mp4	00:00:39	System 26 er designet slik at en kan injisere gass i brønn 9 og 10 hvis gaseksporterøret til kåreste ikke er tilgjengelig.
Johan Sverdrup - System 26 Gassløft.mp4	00:00:49	I system 26 reduseres gassstrykket til under 202 bar g, da dette er maksimalt trykk som tetningen mot reservaret i Anulis A tåler.
Johan Sverdrup - System 26 Gassløft.mp4	00:01:02	Gassløftsystemet er designet for 30 produksjonsbrønner.
Johan Sverdrup - System 26 Gassløft.mp4	00:01:07	Det er installert utstyr for måling av total mengde gass som brukes til gassløft og mengde gass som brukes til gassløft i hver brønn.
Johan Sverdrup - System 26 Gassløft.mp4	00:01:17	Her ser du gassløftsystemet for subsidbrønnene lokalisert på RP.
Johan Sverdrup - System 26 Gassløft.mp4	00:01:22	Gassen kommer over bro for P2 og ledes til gaseksport og eller gassløft eller gassinspeksjon.
Johan Sverdrup - System 26 Gassløft.mp4	00:01:30	Gassen kommer tilbake til gasinjeksjonsmanifold.
Johan Sverdrup - System 26 Gassløft.mp4	00:01:33	Gassløftsystemet på RP er et kombinert gassløft- og gasinjeksjonssystem som leverer gass fra RP til subsid via tre stykk rørledninger.
Johan Sverdrup - System 26 Gassløft.mp4	00:01:44	Fra gassløft eller gassinjeksjonsmanifold blir gassen avrutet til de tre gassrørledningene som går mot subsid.
Johan Sverdrup - System 26 Gassløft.mp4	00:01:51	Hver av disse linjene er utstyrt med trykkkontrollvitiler som enten kan opprettholde trykket i manifold,
Johan Sverdrup - System 26 Gassløft.mp4	00:01:57	eller styre trykket i rørledningen.
Johan Sverdrup - System 26 Gassløft.mp4	00:02:02	Det er laget til et system som gjør det mulig å hente gass fra gassrørledningen som går fra brønnramme O, P eller Q,
Johan Sverdrup - System 26 Gassløft.mp4	00:02:10	som kan brukes til trykkutligning av gaseksport stengeventil.
Johan Sverdrup - System 26 Gassløft.mp4	00:02:15	Det er også tilrettelegt for temporære sluser som kan både sende og motta pigger dersom det skulle bli behov.
Johan Sverdrup - System 27 - Gasseksport og.mp4	00:00:00	Her ser du hele gasseksportsystemet på Johan Sveidrup, som er lokalisert på plattformen RP.
Johan Sverdrup - System 27 - Gasseksport og.mp4	00:00:08	Systemet er hovedsakelig delt inn i eksport av gass til Kårstø og import av gass fra eksportrørledningen for opptrykking av anleggene.
Johan Sverdrup - System 27 - Gasseksport og.mp4	00:00:18	Gassen for eksport komprimeres i fjerde trinns kompressor på P1, før det går videre til RP via DP.
Johan Sverdrup - System 27 - Gasseksport og.mp4	00:00:26	Tilsvarende kommer det gass fra kompressoren på P2 over til RP.
Johan Sverdrup - System 27 - Gasseksport og.mp4	00:00:33	Noe av gassen vil bli tatt ut til bruk av gassinjeksjon eller gassløft på DP og eller subsea via RP, mens overskuddet eksporteres til Kårstø via eksportrørledningen, som er knyttet opp mot statpipe.
Johan Sverdrup - System 27 - Gasseksport og.mp4	00:00:48	Systemet er utstyrt med en fiskal målestasjon.
Johan Sverdrup - System 27 - Gasseksport og.mp4	00:00:52	Her måles og analyseres gassen fra Kårstø.
Johan Sverdrup - System 27 - Gasseksport og.mp4	00:00:55	Det er også utstyrt med en fiskal målestasjon for å sikre at gasskvaliteten er i henhold til eksportspesifikasjonene.
Johan Sverdrup - System 27 - Gasseksport og.mp4	00:01:00	For å trykke opp Johans Veidrup-feltet i forbindelse med oppstart av trykkavlastet plattform, er det mulig å importere gass fra eksportrørledningen til både P1 og P2.
Johan Sverdrup - System 27 - Gasseksport og.mp4	00:01:12	Den importerte gassen må gjennom en fiskal målestasjon, som måler mengden som importeres tilbake, da denne gassen allerede er solgt og må betales for.
Johan Sverdrup - System 27 - Gasseksport og.mp4	00:01:22	Under opptrykking vil det oppstå lavetid.
Johan Sverdrup - System 27 - Gasseksport og.mp4	00:01:25	Det er også mulig å importe gass fra en ekstra kjøretemperatur, og det er derfor behov for å varme opp gassen.
Johan Sverdrup - System 27 - Gasseksport og.mp4	00:01:28	Gassen varmes opp ved hjelp av importgassvarmer.
Johan Sverdrup - System 27 - Gasseksport og.mp4	00:01:34	Rørledningen er utstyrt med en subsurface isolasjonsventil, som står på havbunnen ca. 100 meter fra plattformen.
Johan Sverdrup - System 27 - Gasseksport og.mp4	00:01:43	Isolasjonsventilen skal stenge og beskytte plattformen mot tilbakestrømming av gass ved brudd i stigerøret.
Johan Sverdrup - System 27 - Gasseksport og.mp4	00:01:50	Systemet har også en piggsluise som benyttes for velikehold av stigerør og gaseksportrør.
Johan Sverdrup - System 27 - Gasseksport og.mp4	00:01:56	Det er ikke planlagt regelmessig pigging av gaseksportrørledningen.
Johan Sverdrup - System 27 - Gasseksport og.mp4	00:02:01	Et typisk intervall for inspeksjonspigging vil være 10-15 år.
Johan Sverdrup - System 27 - Gasseksport og.mp4	00:02:05	Gass eksporterørledningen er utstyrt med en subsurface isolasjonsventil, som står på havbunnen ca. 100 meter fra plattformen.
Johan Sverdrup - System 29 - Vanninjeksjon.mp4	00:00:02	Her ser du hele vanninjeksjonssystemet på Johan Sverdrup, som er lokalisert på plattformen RP.
Johan Sverdrup - System 29 - Vanninjeksjon.mp4	00:00:12	Hensikten med vanninjeksjonssystemet er å
Johan Sverdrup - System 29 - Vanninjeksjon.mp4	00:00:16	Forbedre utvinning av olje og gass ved å gi trykkstøtte til reservoaret.
Johan Sverdrup - System 29 - Vanninjeksjon.mp4	00:00:23	Redusere utslipp av olje til sjø ved å reinjisere produsert vann.
Johan Sverdrup - System 29 - Vanninjeksjon.mp4	00:00:30	Vanninjeksjonssystemet er fordelt mellom DP på grunn av injeksjonsbrønne og RP.
Johan Sverdrup - System 29 - Vanninjeksjon.mp4	00:00:37	Oksygenfrit sjøvann fra system 50 og behandlet produsert vann fra system 44, tilføres fra P1 og P2, formater vanninjeksjonssystem på RP.
Johan Sverdrup - System 29 - Vanninjeksjon.mp4	00:00:51	Vanninjeksjonssystemet består av to deler.
Johan Sverdrup - System 29 - Vanninjeksjon.mp4	00:00:54	En del som håndterer vann fra P1, og en del som håndterer vann fra P2.
Johan Sverdrup - System 29 - Vanninjeksjon.mp4	00:01:00	De to delene har en mulighet for sammenkobling nedstrømsinjeksjonspumpene.
Johan Sverdrup - System 29 - Vanninjeksjon.mp4	00:01:06	Oppstrøms er de to delene av systemet uavhengige.
Johan Sverdrup - System 29 - Vanninjeksjon.mp4	00:01:11	Pumper og distribusjonsmanifolder er plassert på RP.
Johan Sverdrup - System 29 - Vanninjeksjon.mp4	00:01:18	Det er en sjøvannsmanifold og en produsert vannsmanifold som distribuerer vannet for injeksjon på DP,
Johan Sverdrup - System 29 - Vanninjeksjon.mp4	00:01:24	og i tillegg subsidbrønner i havbundsrammene E,
Johan Sverdrup - System 29 - Vanninjeksjon.mp4	00:01:30	F,
Johan Sverdrup - System 29 - Vanninjeksjon.mp4	00:01:30	G,
Johan Sverdrup - System 29 - Vanninjeksjon.mp4	00:01:31	H,
Johan Sverdrup - System 29 - Vanninjeksjon.mp4	00:01:32	P og Q.
Johan Sverdrup - System 29 - Vanninjeksjon.mp4	00:01:38	Vanninjeksjonssystemet er ikke sikkerhetskritisk, men det er kritisk for reservoirutvinning.
Johan Sverdrup - System 29 - Vanninjeksjon.mp4	00:01:44	Det er svært viktig å opprettholde god oppetid på disse pumpene for å sikre at planlagte årlige volymer av olje og gass blir utvinnet.
Johan Sverdrup - System 29 - Vanninjeksjon.mp4	00:01:56	Oksygenfritt sjøvann benyttes også til fracking av reservoiret,
Johan Sverdrup - System 29 - Vanninjeksjon.mp4	00:01:59	og det er en del av det som gjør at det blir bedre å bruke nærbrønnen for å få mer effektiv injeksjon av vannet.
Johan Sverdrup - System 29 - Vanninjeksjon.mp4	00:02:04	Fracking utføres ved hjelp av en multipurpose pumpe, MPP, lokalisert på DP.
Johan Sverdrup - System 39 - Lasting og.mp4	00:00:04	Hvordan kan jeg få en kort systemintroduksjon?
Johan Sverdrup - System 39 - Lasting og.mp4	00:00:58	Hvordan kan jeg få en kort systemintroduksjon?
Johan Sverdrup - System 39 - Lasting og.mp4	00:01:25	Hvordan kan jeg få en kort systemintroduksjon?
Johan Sverdrup - System 39 - Lasting og.mp4	00:01:40	Hvordan kan jeg få en kort systemintroduksjon?
Johan Sverdrup - System 39 - Lasting og.mp4	00:02:05	Hvordan kan jeg få en kort systemintroduksjon?
Johan Sverdrup - System 39 - Lasting og.mp4	00:02:30	Hvordan kan jeg få en kort systemintroduksjon?
Johan Sverdrup - System 39 - Lasting og.mp4	00:02:33	Hvordan kan jeg få en kort systemintroduksjon?
Johan Sverdrup - System 39 - Lasting og.mp4	00:02:38	Hvordan kan jeg få en kort systemintroduksjon?
Johan Sverdrup - System 39 - Lasting og.mp4	00:02:42	Hvordan kan jeg få en kort systemintroduksjon?
Johan Sverdrup - System 39 - Lasting og.mp4	00:02:47	Hvordan kan jeg få en kort system arriver selskapet?
Johan Sverdrup - System 39 - Lasting og.mp4	00:02:51	
Johan Sverdrup - System 39 - Lasting og.mp4	00:02:51	Hvordan kan jeg få en kort systemintroduksjon?
Johan Sverdrup - System 39 - Lasting og.mp4	00:02:53	Hvordan kan jeg få en kort systemintroduksjon?
Johan Sverdrup - System 39 - Lasting og.mp4	00:02:56	Slangetromler.
Johan Sverdrup - System 39 - Lasting og.mp4	00:02:58	Før testen skal du gjennomgå og forstå følgende dokumenter.
Johan Sverdrup - System 39 - Lasting og.mp4	00:03:04	Systembeskrivelsen.
Johan Sverdrup - System 39 - Lasting og.mp4	00:03:07	Og P&ID-a.
Johan Sverdrup - System 39 - Lasting og.mp4	00:03:10	Nå er du klar til å ta testen.
Johan Sverdrup - System 39 - Lasting og.mp4	00:03:14	Lykke til!
Johan Sverdrup - System 40 - Kjølemedium.mp4	00:00:00	Her ser du hele kjølemediumsystemet på Johan Sverdrup, som er lokalisert på prosessplattformen P1.
Johan Sverdrup - System 40 - Kjølemedium.mp4	00:00:07	Systemets primære oppgave er å sørge for kjøling av prosessen.
Johan Sverdrup - System 40 - Kjølemedium.mp4	00:00:12	Kjølemediet, som består av 30-70 vektprosent tegg og vann, sirkuleres i en lukket sløyfe og kjøles i kjølerne med veksling av kjøvann.
Johan Sverdrup - System 40 - Kjølemedium.mp4	00:00:23	Kjølemedien benyttes i innløp og etterskjølere i gassbehandling.
Johan Sverdrup - System 40 - Kjølemedium.mp4	00:00:29	Fra forbrukerne går strømmen videre i returlinjen og tilbake til pumpene.
Johan Sverdrup - System 40 - Kjølemedium.mp4	00:00:36	Noe av det varme kjølemediet etter forbrukerne sirkuleres til oppvarming av temperert vann i system 54.
Johan Sverdrup - System 40 - Kjølemedium.mp4	00:00:45	Dette sørger for oppvarming av lokale hovasesystemer på alle plattformene når det er behov for det på Johan Sverdrup-feltet.
Johan Sverdrup - System 40 - Kjølemedium.mp4	00:00:53	I tillegg er kjølemedien brukt til å fjerne overvåkning.
Johan Sverdrup - System 40 - Kjølemedium.mp4	00:00:57	Kjølemedien blir aktivert over overskuddsvarme fra system 41 varmemedium.
Johan Sverdrup - System 40 - Kjølemedium.mp4	00:01:01	Dette vil da bli aktivert over A41HA001 varmemedium dumpeskjøler når behovet melder seg.
Johan Sverdrup - System 40 - Kjølemedium.mp4	00:01:11	Varmt kjølemedium blandes også inn oppstrøms gassbehandling innløpskjølere A24HJ101 og 201 for å øke temperaturen og dermed unngå hydrater i nevnte kjølere.
Johan Sverdrup - System 41 - Varmemedium.mp4	00:00:00	Her ser du hele varmemediumsystemet på Johan Sverdrup som er lokalisert på prosessplattformene P1 og P2.
Johan Sverdrup - System 41 - Varmemedium.mp4	00:00:10	Systemets primære oppgave er å overføre varme til dedikert prosessutstyr.
Johan Sverdrup - System 41 - Varmemedium.mp4	00:00:17	Det er installert et separat varmemediumsystem på hver av plattformene.
Johan Sverdrup - System 41 - Varmemedium.mp4	00:00:22	På P1 sirkuleres tegg og demineralisert vann som består av 30-70 vektprosent tegg og vann, mens på P2 sirkuleres 100 prosent demineralisert vann.
Johan Sverdrup - System 41 - Varmemedium.mp4	00:00:37	På P1 blir varmemediet varmet opp av tre gassfyrte varmere, mens på P2 benyttes to elektrodeskjeler.
Johan Sverdrup - System 41 - Varmemedium.mp4	00:00:48	P2 opererer med varmekspansjonsstrøm.
Johan Sverdrup - System 41 - Varmemedium.mp4	00:00:55	Dette er for å fange opp eventuelle gasslekkasjer før elektrodeskjelet som ligger i et ikke-klassifisert område.
Johan Sverdrup - System 41 - Varmemedium.mp4	00:01:04	For P1 er det ingen strømning gjennom ekspansjonstanken.
Johan Sverdrup - System 41 - Varmemedium.mp4	00:01:10	I sløyfen på P1 er det installert en dumpeskjøler som har i oppgave å fjerne overskuddsvarme og energi ved lav belastning.
Johan Sverdrup - System 41 - Varmemedium.mp4	00:01:21	På P2 er det ingen behov for dumpeskjøler fordi elektrodeskjelene klarer hurtig å regulere varmepådraget og har derfor ingen restvarme som må fraktes bort.
Johan Sverdrup - System 41 - Varmemedium.mp4	00:01:33	Dersom det er behov for å øke temperaturen på gassbehandling kan varmes hentes via vekslere for gassbehandling.
Johan Sverdrup - System 41 - Varmemedium.mp4	00:01:41	Hovedbruken av varmemedium er oppvarming av råolje ved behov for å sikre at råoljen til en hver tid blir i det nye og den tidligere.
Johan Sverdrup - System 41 - Varmemedium.mp4	00:01:48	
Johan Sverdrup - System 41 - Varmemedium.mp4	00:01:48	
Johan Sverdrup - System 41 - Varmemedium.mp4	00:01:48	Råoljen til en hver tid har nok varme for stabiliseringen.
Johan Sverdrup - System 42 - Kjemikalieinjeksjon.mp4	00:00:00	Her ser du hele kjemikaliesystemet på Johan Sverdrup.
Johan Sverdrup - System 42 - Kjemikalieinjeksjon.mp4	00:00:05	Hovedlagring og distribusjon for kjemikalier er på P1, P2 og RP.
Johan Sverdrup - System 42 - Kjemikalieinjeksjon.mp4	00:00:14	Kjemikalier som blir brukt i stort volym blir fordelt fra RP da det er lagt opp til bunkring fra båt.
Johan Sverdrup - System 42 - Kjemikalieinjeksjon.mp4	00:00:21	De mer spesifikke prosesskjemikaliene av mindre volym blir fordelt fra faste tanker på P1 og P2.
Johan Sverdrup - System 42 - Kjemikalieinjeksjon.mp4	00:00:28	Fylling skjer fra totetank som blir levert ut til Johan Sverdrup med supplybåt.
Johan Sverdrup - System 42 - Kjemikalieinjeksjon.mp4	00:00:36	Fra P1 distribueres følgende kjemikalier.
Johan Sverdrup - System 42 - Kjemikalieinjeksjon.mp4	00:00:42	Flokulant, skumdemper oljebasert, filteraid, skumdemper for vanninjeksjon og oksygenfjerner.
Johan Sverdrup - System 42 - Kjemikalieinjeksjon.mp4	00:00:54	Disse kjemikaliene lastes fra totetank direkte til P1.
Johan Sverdrup - System 42 - Kjemikalieinjeksjon.mp4	00:00:59	P2 har totetankområdet sitt på RP.
Johan Sverdrup - System 42 - Kjemikalieinjeksjon.mp4	00:01:03	Kjemikalier lastes fra totetank til RP og overføres til P2 med overføringspumper.
Johan Sverdrup - System 42 - Kjemikalieinjeksjon.mp4	00:01:10	De kjemikaliene dette gjelder er skumdemper, flokulant, skumdemper for vanninjeksjon, oksygenfjerner, H2S-fjerner og tegg.
Johan Sverdrup - System 42 - Kjemikalieinjeksjon.mp4	00:01:27	Kjemikalier som blir brukt i stort volym blir fordelt fra P1.
Johan Sverdrup - System 42 - Kjemikalieinjeksjon.mp4	00:01:28	På DP er det installert en tank for avleiringshemmer som blir fylt fra RP.
Johan Sverdrup - System 42 - Kjemikalieinjeksjon.mp4	00:01:33	Tanken forsyner brønnene på DP og subsea.
Johan Sverdrup - System 42 - Kjemikalieinjeksjon.mp4	00:01:38	Tanken er utstyrt med et varmelement som sørger for at vesken har en jevn viskositet.
Johan Sverdrup - System 42 - Kjemikalieinjeksjon.mp4	00:01:46	Kjemikaliene som blir distribuert fra RP er
Johan Sverdrup - System 42 - Kjemikalieinjeksjon.mp4	00:01:49	H2S-fjerner
Johan Sverdrup - System 42 - Kjemikalieinjeksjon.mp4	00:01:53	Avleiringshemmer
Johan Sverdrup - System 42 - Kjemikalieinjeksjon.mp4	00:01:56	Emulsjonsbryter
Johan Sverdrup - System 42 - Kjemikalieinjeksjon.mp4	00:01:59	Biosid
Johan Sverdrup - System 42 - Kjemikalieinjeksjon.mp4	00:02:03	Korrosjonshemmer
Johan Sverdrup - System 42 - Kjemikalieinjeksjon.mp4	00:02:05	PH-regulator
Johan Sverdrup - System 42 - Kjemikalieinjeksjon.mp4	00:02:09	H2S-fjerner blir overført til P1 og P2, men blir ingesert med egne pumper fra egne tanker på disse plattformene.
Johan Sverdrup - System 42 - Kjemikalieinjeksjon.mp4	00:02:21	Kjemikaliene og deres egenskaper
Johan Sverdrup - System 42 - Kjemikalieinjeksjon.mp4	00:02:23	Kjemikaliene og deres egenskaper
Johan Sverdrup - System 42 - Kjemikalieinjeksjon.mp4	00:02:25	H2S-fjerner tilsettes for å redusere H2S-pumpen.
Johan Sverdrup - System 42 - Kjemikalieinjeksjon.mp4	00:02:28	H2S-inhold i gassen
Johan Sverdrup - System 42 - Kjemikalieinjeksjon.mp4	00:02:32	Emulsjonsbryter tilsettes for å løse opp en emulsjon som dannes i skikte mellom olje og vann i separatorene.
Johan Sverdrup - System 42 - Kjemikalieinjeksjon.mp4	00:02:41	Skumdemper, olje og vannbasert brukes for å fjerne skum som kan dannes i separatorene og i vannsystem.
Johan Sverdrup - System 42 - Kjemikalieinjeksjon.mp4	00:02:52	Biosid tilsettes for å drepe biologisk vekst.
Johan Sverdrup - System 42 - Kjemikalieinjeksjon.mp4	00:02:57	Flokulant
Johan Sverdrup - System 42 - Kjemikalieinjeksjon.mp4	00:02:58	Biosid tilsettes for å drepe biologisk vekst.
Johan Sverdrup - System 42 - Kjemikalieinjeksjon.mp4	00:03:30	Oksygenfjerner tilsettes for å fjerne resterende oksygen fra sjøvann for vanninjeksjon etter mekanisk oksygenfjerning i deaerator.
Johan Sverdrup - System 42 - Kjemikalieinjeksjon.mp4	00:03:40	Korrosjonshemmer tilsettes for å hindre korrosjon i rørledningen.
Johan Sverdrup - System 42 - Kjemikalieinjeksjon.mp4	00:03:46	FilterAid fungerer som en flokulant og er med på å slå sammen partikler til større partikler slik at det filtreres bedre.
Johan Sverdrup - System 43 - Fakkel.mp4	00:00:00	Her ser du hele fakkelsystemet på Johan Sverdrup, som er lokalisert på plattformene P1, P2, DP og RP.
Johan Sverdrup - System 43 - Fakkel.mp4	00:00:13	I tillegg har alle disse plattformene et atmosfærisk vent-nettverk, som skal sørge for en sikker ventilering av hydrokarbongasser fra prosessutstyr.
Johan Sverdrup - System 43 - Fakkel.mp4	00:00:26	Frakkelsystemet skal sørge for en sikker håndtering av hydrokarbongass og væske, for sikkerhets-, nødtryksavlastnings- og trykkavlastningsventiler.
Johan Sverdrup - System 43 - Fakkel.mp4	00:00:38	Systemet på P1 består av et høytryks- og et lavtryksnettverk.
Johan Sverdrup - System 43 - Fakkel.mp4	00:00:45	Høytryksnettverket består igjen av et varmt, vått og et kaldt, tørrt nettverk.
Johan Sverdrup - System 43 - Fakkel.mp4	00:00:52	Høytryks- og lavtryksnettverk består av et varmt, vått og et kaldt, tørt nettverk.
Johan Sverdrup - System 43 - Fakkel.mp4	00:00:53	Høytrykssystemene går til hver sin frakkel- og væskeutskiller, som er forbundet til hver sin frakkeltipp.
Johan Sverdrup - System 43 - Fakkel.mp4	00:01:00	Systemet på P2 består av et høytryksnettverk.
Johan Sverdrup - System 43 - Fakkel.mp4	00:01:05	Høytryksnettverket består igjen av et varmt, vått, et kaldt, tørt og et vannholdig nettverk.
Johan Sverdrup - System 43 - Fakkel.mp4	00:01:13	Høytryksnettverkene går til en felles væskeutskiller, som er forbundet til en frakkeltipp.
Johan Sverdrup - System 43 - Fakkel.mp4	00:01:20	Systemet på DP består av høytryks- og væskeutskiller.
Johan Sverdrup - System 43 - Fakkel.mp4	00:01:23	Dette nettverket går til et varmt, vått og kaldt, tørt fakkel-nettverk.
Johan Sverdrup - System 43 - Fakkel.mp4	00:01:27	Dette nettverket går til lokal fakkel-væskeutskiller på DP.
Johan Sverdrup - System 43 - Fakkel.mp4	00:01:32	Videre er det en egen væskeutskiller på RP som mottar gass fra DP sin væskeutskiller, og deretter sender til sin egen fakkeltipp.
Johan Sverdrup - System 43 - Fakkel.mp4	00:01:43	Systemet på RP består av et varmt, vått og kaldt, tørt fakkel-nettverk.
Johan Sverdrup - System 43 - Fakkel.mp4	00:01:49	Dette nettverket går til RP sin fakkel-væskeutskiller, som har sin egen fakkeltipp.
Johan Sverdrup - System 43 - Fakkel.mp4	00:01:53	Dette nettverket går til en egen fakkeltipp.
Johan Sverdrup - System 43 - Fakkel.mp4	00:01:56	Oppsamlet væske i hver av fakkel-væskeutskillerne kan dreneres til lukket avløpstanke.
Johan Sverdrup - System 43 - Fakkel.mp4	00:02:02	Væske fra høytryksfakkel-væskeutskiller på P1 kan i tillegg også pumpes direkte inn i prosessen.
Johan Sverdrup - System 43 - Fakkel.mp4	00:02:10	Plattformene P1, P2 og RP er de plattformene som har fakkelbommer med fakkeltipper.
Johan Sverdrup - System 43 - Fakkel.mp4	00:02:19	Hver fakkeltipp har to tenningssystemer.
Johan Sverdrup - System 43 - Fakkel.mp4	00:02:21	Et høytryksballistisk system hvor pellets skytes mot en gnistplate, og et system hvor brenngasspiloter brukes.
Johan Sverdrup - System 43 - Fakkel.mp4	00:02:31	Faklene er normalt ikke tent, og tennes automatisk ved behov.
Johan Sverdrup - System 43 - Fakkel.mp4	00:02:36	Det er også installert en målepakke på hvert fakkelrød, som måler gassen for beregning av CO2-avgift.
Johan Sverdrup - System 43 - Fakkel.mp4	00:02:45	På P2 er det installert et felles O2-analyseskap for overvåkning av O2-innhold i henholdet.
Johan Sverdrup - System 43 - Fakkel.mp4	00:02:51	Det er også installert en nødvendigvis høytryksfakkel og atmosfærisk vent.
Johan Sverdrup - System 43 - Fakkel.mp4	00:02:55	I tillegg er det installert en hydrokarbonanalysator på atmosfærisk vent-heada.
Johan Sverdrup - System 43 - Fakkel.mp4	00:03:00	Denne brukes for beregning av CO2-avgift.
Johan Sverdrup - System 44 - Produsert vann.mp4	00:00:00	Produserte vannsystem 44 finnes på P1, DP, RP og P2-plattformene, med hovedutstyr og innhold på P1 og P2.
Johan Sverdrup - System 44 - Produsert vann.mp4	00:00:11	Produserte vannsystemet har som hovedoppgave å fjerne olje fra det produserte vannet.
Johan Sverdrup - System 44 - Produsert vann.mp4	00:00:18	Systemet skal også skille ut sandpartikler.
Johan Sverdrup - System 44 - Produsert vann.mp4	00:00:22	Sanden som blir skilt ut fra vannet skal i hovedsak sendes til land.
Johan Sverdrup - System 44 - Produsert vann.mp4	00:00:27	I tillegg skal det systemet også levere gjettevann for å fjerne sand i separatorene.
Johan Sverdrup - System 44 - Produsert vann.mp4	00:00:34	Det rensede vannet blir normalt sendt til vanninjeksjonssystemet på reiserplattformen for å injiseres tilbake til reservoarene.
Johan Sverdrup - System 44 - Produsert vann.mp4	00:00:42	Det rensede vannet kan også dumpes til sjø.
Johan Sverdrup - System 44 - Produsert vann.mp4	00:00:48	Olje som blir separert fra systemet blir pumpet tilbake til separatore eller alternativt til oljeeksport.
Johan Sverdrup - System 44 - Produsert vann.mp4	00:00:56	Her ser du produsert vannsystemet som er lokalisert på prosessbøtvann P1.
Johan Sverdrup - System 44 - Produsert vann.mp4	00:01:04	Systemet består av hydrocykloner fra første trinnseparatortog 1 og 2 og fra testseparator.
Johan Sverdrup - System 44 - Produsert vann.mp4	00:01:11	Deretter går det til tre Compact Flotation Units, eller CFU-er, for videre rensing før det går til avgassingstanken.
Johan Sverdrup - System 44 - Produsert vann.mp4	00:01:21	For å sikre god rensing av vannet er det flere renstrinn.
Johan Sverdrup - System 44 - Produsert vann.mp4	00:01:25	Den aller største vannmengden kommer fra første trinnseparatorer og testseparatorer og må renses i tre trinn.
Johan Sverdrup - System 44 - Produsert vann.mp4	00:01:34	Hydrocykloner, Compact Flotation Unit og avgasser.
Johan Sverdrup - System 44 - Produsert vann.mp4	00:01:41	Vannet som kommer fra andre trinnseparatorer og elektrostatiske vannutskiller inneholder mindre olje og renses bare to ganger.
Johan Sverdrup - System 44 - Produsert vann.mp4	00:01:51	Dette vannet går gjennom CFU og avgasser.
Johan Sverdrup - System 44 - Produsert vann.mp4	00:01:56	Her ser du produsertvannsystemet som er lokalisert på prosessplattform P2.
Johan Sverdrup - System 44 - Produsert vann.mp4	00:02:02	Oppbyggingen av systemet er veldig lik P1, men på grunn av det bare er ett produsertvannetak på P2 er det noen utstyrs- og kapasitetsforskjeller.
Johan Sverdrup - System 44 - Produsert vann.mp4	00:02:13	De viktigste forskjellene er
Johan Sverdrup - System 44 - Produsert vann.mp4	00:02:16	P1 har to hydrocyklompakker
Johan Sverdrup - System 44 - Produsert vann.mp4	00:02:19	P2 har bare en
Johan Sverdrup - System 44 - Produsert vann.mp4	00:02:22	Testseparator på P1 har egen hydrocyklon
Johan Sverdrup - System 44 - Produsert vann.mp4	00:02:25	mens for P2 pumpes produsertvann fra testseparator til oppstrøms første trinnseparator.
Johan Sverdrup - System 44 - Produsert vann.mp4	00:02:32	P2 har to tredjedelers kapasitet av P1-system.
Johan Sverdrup - System 44 - Produsert vann.mp4	00:02:37	På grunn av utstyrsplassering og kapasitetsbehov på P2 har den kunnet fjernet noe av utstyret og redundansen.
Johan Sverdrup - System 44 - Produsert vann.mp4	00:02:49	Systemet består av hydrocykloner fra første trinnseparator.
Johan Sverdrup - System 44 - Produsert vann.mp4	00:02:53	Deretter går vannet til to kapasitetsbehov på P1.
Johan Sverdrup - System 44 - Produsert vann.mp4	00:02:55	Det er en stor plass for å bruke den på kompakt flotasjonunits eller CFU-er for videre rensing før det går til avgassingstanken.
Johan Sverdrup - System 44 - Produsert vann.mp4	00:03:04	For å sikre god rensing av vannet er det flere renstrinn.
Johan Sverdrup - System 44 - Produsert vann.mp4	00:03:08	Den aller største vannmengden kommer fra første trinnseparator og må renses i tre trinn.
Johan Sverdrup - System 44 - Produsert vann.mp4	00:03:14	Hydrocykloner
Johan Sverdrup - System 44 - Produsert vann.mp4	00:03:16	Kompakt flotasjonunit
Johan Sverdrup - System 44 - Produsert vann.mp4	00:03:18	og avgasser
Johan Sverdrup - System 44 - Produsert vann.mp4	00:03:22	Hedersykloner
Johan Sverdrup - System 44 - Produsert vann.mp4	00:03:22	Vannet som kommer fra andre trinnseparator og elektrotrinne er det samme som med P1.
Johan Sverdrup - System 44 - Produsert vann.mp4	00:03:25	
Johan Sverdrup - System 44 - Produsert vann.mp4	00:03:25	Alt ekstra mer elektrostatisk vannutskille inneholder mindre olje og renses bare to ganger.
Johan Sverdrup - System 44 - Produsert vann.mp4	00:03:30	Dette vannet går gjennom CFU og avgasser.
Johan Sverdrup - System 44 - Produsert vann.mp4	00:03:33	Teksting av Nicolai Winther
Johan Sverdrup - System 45 - Brenngass.mp4	00:00:00	Her ser du hele brenngassystemet på Johan Sverdrup som er lokalisert på prosessplattformene P1 og P2.
Johan Sverdrup - System 45 - Brenngass.mp4	00:00:12	Systemet er delt i to separate systemer.
Johan Sverdrup - System 45 - Brenngass.mp4	00:00:16	Et for P1, DP og RP, og et for P2.
Johan Sverdrup - System 45 - Brenngass.mp4	00:00:22	Begge systemene får tilførsel av gass fra system 24 på henholdsvis P1 og P2, nedstrømsteggkontakter der gassen er torket for vann.
Johan Sverdrup - System 45 - Brenngass.mp4	00:00:33	Etter at eventuelle væskerester er fjernet fra gassen i en væskutkylder, varmes den opp og blir deretter distribuert til forbrukerne.
Johan Sverdrup - System 45 - Brenngass.mp4	00:00:43	På P1 blir gassen varmet opp av elektrisk varmeelement, mens det på P2 blir brukt en varmeveksel.
Johan Sverdrup - System 45 - Brenngass.mp4	00:00:50	Det er også gass som bruker varme medium.
Johan Sverdrup - System 45 - Brenngass.mp4	00:00:54	Siden det normalt ikke tas ut noe væske fra gassen i systemet, så er kvaliteten på gassen den samme som den som går til eksport.
Johan Sverdrup - System 45 - Brenngass.mp4	00:01:04	Brenngassen på P1, DP og RP distribueres med to forskjellige trykk.
Johan Sverdrup - System 45 - Brenngass.mp4	00:01:11	Høytrykk og lavtrykk.
Johan Sverdrup - System 45 - Brenngass.mp4	00:01:15	På P2 er det i tillegg til høytrykk og lavtrykk et mellomtrykk.
Johan Sverdrup - System 45 - Brenngass.mp4	00:01:21	Hovedforbrukerne er
Johan Sverdrup - System 45 - Brenngass.mp4	00:01:23	Gassfyrte varmere, system 41, kun på P1.
Johan Sverdrup - System 45 - Brenngass.mp4	00:01:30	Tetningsgass til første og andre trinskompressor, system 73.
Johan Sverdrup - System 45 - Brenngass.mp4	00:01:37	Tetningsgass til tredje trinskompressor, system 73, kun P2.
Johan Sverdrup - System 45 - Brenngass.mp4	00:01:44	Diverse forbrukere i produsert vannbehandling, system 44.
Johan Sverdrup - System 45 - Brenngass.mp4	00:01:50	Tegg-regenerering, system 24.
Johan Sverdrup - System 45 - Brenngass.mp4	00:01:55	Og spydegass og pilotgass til fakkel, system 43.
Johan Sverdrup - System 45 - Brenngass.mp4	00:01:58	Teksting av Nicolai Winther
Johan Sverdrup - System 50 - Sjøvann.mp4	00:00:00	Her ser du hele sjøvannsystemet på Johans Vardøp, som er lokalisert på LQ, P1, DP, RP og P2.
Johan Sverdrup - System 50 - Sjøvann.mp4	00:00:15	Sjøvannsystemet er et kritisk fellessystem for de fem Johans Vardøp-plattformene, og skal forsyne sjøvann til sjøling- og hjelpesystemer.
Johan Sverdrup - System 50 - Sjøvann.mp4	00:00:24	Hovedforbrukerne er sjøvann til vanninjeksjon, prosesskjølere, hjelpesystemkjølere, HVAC, båreutstyr, båring, ferskvannsproduksjon,
Johan Sverdrup - System 50 - Sjøvann.mp4	00:00:42	opprettholde trykk på brannvannsringledning og utilitystasjoner.
Johan Sverdrup - System 50 - Sjøvann.mp4	00:00:48	Det er installert sjøvannspumpe på LQ, P1.
Johan Sverdrup - System 50 - Sjøvann.mp4	00:00:54	LQ, RP og P2.
Johan Sverdrup - System 50 - Sjøvann.mp4	00:00:59	LQ er utstyrt med 2x100% sjøvannspumper, som har i oppgave å forsyne forbrukerne på boligplattformen med sjøvann, der en pumpe er i drift og en i standby.
Johan Sverdrup - System 50 - Sjøvann.mp4	00:01:12	Det vil være en behov for å filtrere sjøvann for partikler før forbrukerne.
Johan Sverdrup - System 50 - Sjøvann.mp4	00:01:17	Derfor er sjøvannsystemet utstyrt med en filtreringsenhet nedstrøms alle pumpene.
Johan Sverdrup - System 50 - Sjøvann.mp4	00:01:24	Alle fem plattformene er utstyrt med hver sin dumpekeisong, som mottar og samler overskuddsvann og leder det tilbake til havet.
Johan Sverdrup - System 50 - Sjøvann.mp4	00:01:33	På LQ finner vi også en jokkipumpe for brannvannet.
Johan Sverdrup - System 50 - Sjøvann.mp4	00:01:37	Denne har i oppgave å sørge for en tryksatt brannvannsringledning.
Johan Sverdrup - System 50 - Sjøvann.mp4	00:01:42	P1 er utstyrt med 3x50% sjøvannspumpe, som har i oppgave å forsyne forbrukerne på prosessplattformen med sjøvann, der to skal være i drift og en i standby.
Johan Sverdrup - System 50 - Sjøvann.mp4	00:01:53	P1 er utstyrt med 3x50% sjøvannspumpe, som har i oppgave å forsyne forbrukerne på prosessplattformen med sjøvann, der to skal være i drift og en i standby.
Johan Sverdrup - System 50 - Sjøvann.mp4	00:01:54	Feste av sjøvannet blir brukt til injeksjon, og må derfor gjennom D-areatoren for fjerning av oksygen.
Johan Sverdrup - System 50 - Sjøvann.mp4	00:02:01	D-areatoren driftes under vakuum og har i oppgave å fjerne oksygen fra sjøvannet, sammen med en del andre gasser som nitrogen, karbondioksid og hydrogen sulfid.
Johan Sverdrup - System 50 - Sjøvann.mp4	00:02:13	Sjøvannet kommer inn i toppen og renner ned mot bunnen via flere trinn.
Johan Sverdrup - System 50 - Sjøvann.mp4	00:02:18	Hvert trinn har en seng som er tilfeldig pakket med full legema for å skape stor kontaktskjøring.
Johan Sverdrup - System 50 - Sjøvann.mp4	00:02:26	D-areatoren på P1 og P2 er like, men den på P1 har tre trinn mot P2 sine to trinn.
Johan Sverdrup - System 50 - Sjøvann.mp4	00:02:34	Ved å ha flere trinn i D-areatoren fjernes større mengder oksygen.
Johan Sverdrup - System 50 - Sjøvann.mp4	00:02:41	RP er utstyrt med 4x33% sjøvannspumpe, som har i oppgave å forsyne forbrukerne på RP og DP med sjøvann, der tre er i drift og en i standby.
Johan Sverdrup - System 50 - Sjøvann.mp4	00:02:54	RP mottar oksygenfritt sjøvann fra P1 og P2 som skal brukes til vanninjeksjon.
Johan Sverdrup - System 50 - Sjøvann.mp4	00:03:02	Sjøvannet er allerede filtrert, men det er ytterligere behov for å filtrere sjøvannet som ledes gjennom hver sin filtreringsenhet.
Johan Sverdrup - System 50 - Sjøvann.mp4	00:03:12	DP har ikke egne sjøvannspumper og forsynes derfor normalt fra RP.
Johan Sverdrup - System 50 - Sjøvann.mp4	00:03:19	Plattformen er utstyrt med en trykkøkningspumpe som skal sikre tilstrekkelig sjøvannstrykk.
Johan Sverdrup - System 50 - Sjøvann.mp4	00:03:27	P2 er utstyrt med 3x50% som har i oppgave å forsyne forbrukerne på prosessplattformen med sjøvann.
Johan Sverdrup - System 50 - Sjøvann.mp4	00:03:35	P2 sitt sjøvannsystem består både av nød- og hovedsjøvann.
Johan Sverdrup - System 50 - Sjøvann.mp4	00:03:40	Nød-sjøvann er knyttet opp mot nødgeneratoren og styres av denne.
Johan Sverdrup - System 50 - Sjøvann.mp4	00:03:46	Det er laget en egen sløyfe med varmt eller temperert sjøvann som tas fra sjøvannsretur fra tredjetrinskompressor i en kjøk.
Johan Sverdrup - System 50 - Sjøvann.mp4	00:03:55	Det varme sjøvannet sirkuleres til forbrukerne ved hjelp av varmt sjøvannsforsyningspumper.
Johan Sverdrup - System 50 - Sjøvann.mp4	00:04:02	Dette for å unngå hydratdannelse i kjølene.
Johan Sverdrup - System 50 - Sjøvann.mp4	00:04:06	Forbrukerne er
Johan Sverdrup - System 50 - Sjøvann.mp4	00:04:09	Gassbehandling innløpskjøler
Johan Sverdrup - System 50 - Sjøvann.mp4	00:04:12	Tredjetrinskompressor innløpskjøler
Johan Sverdrup - System 50 - Sjøvann.mp4	00:04:16	Fjæretrinskompressor innløpskjøler
Johan Sverdrup - System 50 - Sjøvann.mp4	00:04:18	Forbrukere har en hel del kjøler som er utstyrt med 3x50% som har i oppgave å forsyne forbrukerne på 3x50% som har i oppgave å forsyne for bruskjøler.
Johan Sverdrup - System 50 - Sjøvann.mp4	00:04:18	
Johan Sverdrup - System 50 - Sjøvann.mp4	00:04:18	
Johan Sverdrup - System 50 - Sjøvann.mp4	00:04:18	
Johan Sverdrup - System 50 - Sjøvann.mp4	00:04:18	
Johan Sverdrup - System 62 - Diesel.mp4	00:00:00	Her ser du hele dieselsystemet på Johan Svardrup.
Johan Sverdrup - System 62 - Diesel.mp4	00:00:05	Dieselsystemet skal levere behandlet diesel til hele Johan Svardrup feltsenter.
Johan Sverdrup - System 62 - Diesel.mp4	00:00:10	Hovedutstyret ligger på LQ, mens P1, DP, RP og P2-plattformene kun har distribusjonsnett.
Johan Sverdrup - System 62 - Diesel.mp4	00:00:21	Rådiesel bunkres til LQ-plattformen fra forsyningsfartøy og føres inn på rådiesel laget tanker.
Johan Sverdrup - System 62 - Diesel.mp4	00:00:30	Rådiesel pumpes så til dieselfilter og vannfjerningspakke hvor vann fjernes.
Johan Sverdrup - System 62 - Diesel.mp4	00:00:36	Behandlet diesel går deretter til behandlet diesel laget tanker.
Johan Sverdrup - System 62 - Diesel.mp4	00:00:41	Behandlet diesel går gjennom et behandlet dieselfilter før den distribueres til forbrukerne på feltsenteret.
Johan Sverdrup - System 62 - Diesel.mp4	00:00:49	Hovedforbrukere er dieseldagtanker for nødgeneratorer på LQ og P2,
Johan Sverdrup - System 62 - Diesel.mp4	00:00:56	brandpumper på LQ og RP,
Johan Sverdrup - System 62 - Diesel.mp4	00:00:58	og essensiell generator på RP.
Johan Sverdrup - System 62 - Diesel.mp4	00:01:03	Diesel leveres også til utilitystasjoner på feltsenteret,
Johan Sverdrup - System 62 - Diesel.mp4	00:01:08	kjemikalieinjeksjonspakke på P1 og P2,
Johan Sverdrup - System 62 - Diesel.mp4	00:01:11	og til wireline-operasjoner på DP.
Johan Sverdrup - System 62 - Diesel.mp4	00:01:15	Livebåter på LQ samt mobbåtene på LQ, P1 og RP har strengere krav til dieselspesifikasjon enn øvrig utstyr.
Johan Sverdrup - System 62 - Diesel.mp4	00:01:25	Disse fartøyene skal kun fylles med separatet.
Johan Sverdrup - System 62 - Diesel.mp4	00:01:28	Disse fartøyene skal kun fylles med separatet diesel for egne totetenker.
Johan Sverdrup - System 64 - Nitrogen.mp4	00:00:00	Her ser du hele nitrogensystemet på Johan Sverdrup som er lokalisert på prosessplattformene P1 og P2.
Johan Sverdrup - System 64 - Nitrogen.mp4	00:00:13	Hensikten med nitrogensystemet er å levere nitrogen til alle forbrukere i henhold til designbetingelsene.
Johan Sverdrup - System 64 - Nitrogen.mp4	00:00:22	Nitrogen produseres og distribueres på P1 og P2.
Johan Sverdrup - System 64 - Nitrogen.mp4	00:00:27	I tillegg distribueres den til LQ, DP og RP.
Johan Sverdrup - System 64 - Nitrogen.mp4	00:00:34	Det er også en egen buffertank med høytryksnitrogen som er plassert på P1.
Johan Sverdrup - System 64 - Nitrogen.mp4	00:00:41	Normalt et driftstrykk på nitrogensystemet er omkring 7,3 bar G.
Johan Sverdrup - System 64 - Nitrogen.mp4	00:00:47	Dette driftstrykket vil variere på grunn av den store utstrekningen på de fem plattformene.
Johan Sverdrup - System 64 - Nitrogen.mp4	00:00:56	Nitrogensystemet er delt inn i tre nettverk.
Johan Sverdrup - System 64 - Nitrogen.mp4	00:01:03	Sikkerhetskritisk, produksjonskritisk og ikke kritisk.
Johan Sverdrup - System 64 - Nitrogen.mp4	00:01:10	På P1 er det produksjonskritiske nettet delt inn i to.
Johan Sverdrup - System 64 - Nitrogen.mp4	00:01:16	Et normalt som blir driftet med 7,3 bar G.
Johan Sverdrup - System 64 - Nitrogen.mp4	00:01:21	Og et normalt som blir driftet med 7,3 bar G.
Johan Sverdrup - System 64 - Nitrogen.mp4	00:01:22	Et eget dedikert nett som blir driftet med 13 bar G.
Johan Sverdrup - System 64 - Nitrogen.mp4	00:01:26	Og som derfor blir kalt høytryksnett.
Johan Sverdrup - System 64 - Nitrogen.mp4	00:01:31	På P2 består det produksjonskritiske nettet kun av et som driftes med ca. 7,3 bar G.
Johan Sverdrup - System 64 - Nitrogen.mp4	00:01:42	Ved lavt trykk i systemet blir sikkerhetskritisk nett prioritert høyest.
Johan Sverdrup - System 64 - Nitrogen.mp4	00:01:47	Mens produksjonskritisk prioriteres for ikke kritisk.
Johan Sverdrup - System 70 - Brann og.mp4	00:00:02	Hvordan skal jeg få en bedre systemforståelse?
Johan Sverdrup - System 70 - Brann og.mp4	00:00:03	Velkommen til denne introduksjonen som skal gi deg en bedre systemforståelse.
Johan Sverdrup - System 70 - Brann og.mp4	00:00:09	Formålet med denne gjennomgangen er at du
Johan Sverdrup - System 70 - Brann og.mp4	00:00:13	Vet hensikten med systemet
Johan Sverdrup - System 70 - Brann og.mp4	00:00:16	Kjenner hovedutstyret og hvor det er plassert
Johan Sverdrup - System 70 - Brann og.mp4	00:00:19	Kjenner beskyttelsesfunksjonene
Johan Sverdrup - System 70 - Brann og.mp4	00:00:24	Trykk på «Neste» for å få en kort systemintroduksjon.
Johan Sverdrup - System 70 - Brann og.mp4	00:00:32	Hvordan skal jeg få en bedre systemforståelse?
Johan Sverdrup - System 70 - Brann og.mp4	00:01:00	Initierer sikringsfunksjoner uavhengig av andre noder.
Johan Sverdrup - System 70 - Brann og.mp4	00:01:03	Typiske sikkerhetsfunksjoner er
Johan Sverdrup - System 70 - Brann og.mp4	00:01:05	Innisiere PA og generell alarm
Johan Sverdrup - System 70 - Brann og.mp4	00:01:09	State brannvannspumper
Johan Sverdrup - System 70 - Brann og.mp4	00:01:11	Aktivere eller utløse beskyttelsesystemer
Johan Sverdrup - System 70 - Brann og.mp4	00:01:15	Som vannoverrisling, vanntokke eller skum
Johan Sverdrup - System 70 - Brann og.mp4	00:01:19	Sende signal til CCTV
Johan Sverdrup - System 70 - Brann og.mp4	00:01:22	Eller brosignalisering
Johan Sverdrup - System 70 - Brann og.mp4	00:01:26	Før testen skal du gjennomgå og forstå følgende
Johan Sverdrup - System 70 - Brann og.mp4	00:01:30	dokumenter
Johan Sverdrup - System 70 - Brann og.mp4	00:01:32	Systembeskrivelsen
Johan Sverdrup - System 70 - Brann og.mp4	00:01:33	Dokumentene det henvises til i systembeskrivelsen finner du i stidd.
Johan Sverdrup - System 70 - Brann og.mp4	00:01:38	Du skal gå gjennom disse også.
Johan Sverdrup - System 70 - Brann og.mp4	00:01:41	Nå er du klar til testen. Lykke til!
Johan Sverdrup - System 71_72 - Brannvann og.mp4	00:00:00	Her ser du systemene for brannvann og brannslukking, som er lokalisert på samtlige av Johan Sveidrups plattformer.
Johan Sverdrup - System 71_72 - Brannvann og.mp4	00:00:09	Begge systemene har en ringledning på hver plattform som distribuerer brannvann og skum.
Johan Sverdrup - System 71_72 - Brannvann og.mp4	00:00:15	Lokale sløyfer distribuerer brannvann og skum internt på hver plattform til blant annet hydranter, slangetromler og kombislukkere.
Johan Sverdrup - System 71_72 - Brannvann og.mp4	00:00:27	Brannvannsystemet har i hovedoppgave å levere brannvann til fastmonterte slukkesystem på alle installasjonene på Johan Sveidrups feltet.
Johan Sverdrup - System 71_72 - Brannvann og.mp4	00:00:36	Hensikten med det fastmonterte slukkesystemet er å begrense skader på personell og utstyr i forbindelse med branntilløp ved å levere slukkemedium til kjøling og slukking.
Johan Sverdrup - System 71_72 - Brannvann og.mp4	00:00:49	Brannvannsystemet forsynes med klorinert sjøvann fra tre brannpumpesystemer på LQ,
Johan Sverdrup - System 71_72 - Brannvann og.mp4	00:00:55	og to på RP.
Johan Sverdrup - System 71_72 - Brannvann og.mp4	00:00:58	Hvert av disse systemene består av en brannpumpekontainer som inneholder dieselmotor,
Johan Sverdrup - System 71_72 - Brannvann og.mp4	00:01:05	generator,
Johan Sverdrup - System 71_72 - Brannvann og.mp4	00:01:07	dieseldagtank,
Johan Sverdrup - System 71_72 - Brannvann og.mp4	00:01:10	oljesirkuleringsenhet,
Johan Sverdrup - System 71_72 - Brannvann og.mp4	00:01:13	sjøvannskjølesystem
Johan Sverdrup - System 71_72 - Brannvann og.mp4	00:01:14	og annet utstyr som er nødvendig for å operere brannpumpesystemet som en uavhengig enhet.
Johan Sverdrup - System 71_72 - Brannvann og.mp4	00:01:22	Brannpumpene pumper vann til en trykkutjevningstemp,
Johan Sverdrup - System 71_72 - Brannvann og.mp4	00:01:25	som er en liten tank og videre inn på systemet.
Johan Sverdrup - System 71_72 - Brannvann og.mp4	00:01:29	Trykkutjevningstanken er utstyrt med en e-releaseventil for å eliminere skadelige trykkstøt ved oppstart av pumpen.
Johan Sverdrup - System 71_72 - Brannvann og.mp4	00:01:37	Tanken og ventilen hindrer også luft fra stigerøret til pumpen i å endre brannvannsystemet.
Johan Sverdrup - System 71_72 - Brannvann og.mp4	00:01:45	Brannvannjokkipumper og en hydrofortank sørger for å opprettholde trykket i ringledningen.
Johan Sverdrup - System 71_72 - Brannvann og.mp4	00:01:52	Jokkipumpene er plassert på LQ,
Johan Sverdrup - System 71_72 - Brannvann og.mp4	00:01:55	og er i stedet for å opprettholde trykket i ringledningen.
Johan Sverdrup - System 71_72 - Brannvann og.mp4	00:01:55	De er med på å holde ringledningen trykksatt.
Johan Sverdrup - System 71_72 - Brannvann og.mp4	00:02:03	Pumpene er dimensjonert for å samtidig forsyne forbrukere uten at brannpumper skal starte.
Johan Sverdrup - System 71_72 - Brannvann og.mp4	00:02:09	Forbrukerne er
Johan Sverdrup - System 71_72 - Brannvann og.mp4	00:02:11	overbordrenering for frostbeskyttelse,
Johan Sverdrup - System 71_72 - Brannvann og.mp4	00:02:14	sirkulering av klorinert sjøvann,
Johan Sverdrup - System 71_72 - Brannvann og.mp4	00:02:18	tilbakestrømming til brannpumpekaisongene,
Johan Sverdrup - System 71_72 - Brannvann og.mp4	00:02:22	forbruk opp til to brannhydranter,
Johan Sverdrup - System 71_72 - Brannvann og.mp4	00:02:26	og forbruk av brannvannsystemer.
Johan Sverdrup - System 71_72 - Brannvann og.mp4	00:02:27	Hydrofortanksystemet er installert i brannvannsystemet,
Johan Sverdrup - System 71_72 - Brannvann og.mp4	00:02:30	og skal forhindre kolonneseparasjon og påfølgende høye trykkpulser.
Johan Sverdrup - System 71_72 - Brannvann og.mp4	00:02:36	Hydrofortanken sørger for at vann trykkes inn i brannvannsystemet,
Johan Sverdrup - System 71_72 - Brannvann og.mp4	00:02:40	holder dette vannfylt og trykksatt i den tiden det tar for brannpumpene å starte opp.
Johan Sverdrup - System 71_72 - Brannvann og.mp4	00:02:48	Brannslukkingssystemet leverer konsentrert brannskum til områder hvor brannvann alene ikke dekker behovet,
Johan Sverdrup - System 71_72 - Brannvann og.mp4	00:02:53	på grunn av utstyrstypen.
Johan Sverdrup - System 71_72 - Brannvann og.mp4	00:02:55	Det kan være branntype eller forventet branntype.
Johan Sverdrup - System 71_72 - Brannvann og.mp4	00:02:58	I tillegg leverer systemet også vanntåket på LQ, RP og P2.
Johan Sverdrup - System 71_72 - Brannvann og.mp4	00:03:07	Vanntåkeanleggene er selvstendige enheter med vanntank for ferskvann,
Johan Sverdrup - System 71_72 - Brannvann og.mp4	00:03:12	nitrogenflasker som drivmiddel,
Johan Sverdrup - System 71_72 - Brannvann og.mp4	00:03:14	og forstøvning av vann til vanntåket til rommene.
Johan Sverdrup - System 71_72 - Brannvann og.mp4	00:03:20	Når vanntåket blir aktivert, vil nitrogen trykke opp vannet i tanken,
Johan Sverdrup - System 71_72 - Brannvann og.mp4	00:03:24	samt distribuere nitrogen ut til lysene hvor vann og nitrogen blir mikset sammen.
Johan Sverdrup - System 71_72 - Brannvann og.mp4	00:03:31	Systemet for brannskum er et sentralisert system og består av to skumskideenheter som er plassert på LQ og RP.
Johan Sverdrup - System 71_72 - Brannvann og.mp4	00:03:41	Skumskidene består av en skumtank og to skumpumper.
Johan Sverdrup - System 71_72 - Brannvann og.mp4	00:03:45	I tillegg er det en skumjokkepumpe installert i hver skid.
Johan Sverdrup - System 71_72 - Brannvann og.mp4	00:03:49	Denne sørger for at trykket opprettholdes i skumringledningen.
Johan Sverdrup - System 71_72 - Brannvann og.mp4	00:03:55	Deluge, monitor og sprinklerskid leverer brannvann og skum til delusjdyser, brannkanoner og sprinkler.
Johan Sverdrup - System 71_72 - Brannvann og.mp4	00:04:07	Polimodulen har også en DIFS som supplerer vann og skum til helidekket.
Johan Sverdrup - System 80 - Hovedkraft, HVDC,.mp4	00:00:00	Ved utfall på Haugsneset vil ikke bare Johan Sverdrup miste kraft fra land.
Johan Sverdrup - System 80 - Hovedkraft, HVDC,.mp4	00:00:07	Da vil også utsida Povagrid miste all kraft, og vi vil få en shutdown på samtlige plattformer tilknyttet til områdeløsningen.
Johan Sverdrup - System 80 - Hovedkraft, HVDC,.mp4	00:00:17	Og på grunn av dette er det viktig å ha god oversikt over prosedyreverket, og dette finner du i Satos.
Johan Sverdrup - System 80 - Hovedkraft, HVDC,.mp4	00:00:25	Her har vi samlet alle oppstartsprosedyre, helt ifra sjekk av UPS, normalisering av nødkraft og start av essensiell generator og HVDC-anlegg.
Johan Sverdrup - System 80 - Hovedkraft, HVDC,.mp4	00:00:37	Øverst til høyre, på tap av hovedkraft, finner du også prosedyre for innlegging av utsida Povagrid.
Johan Sverdrup - System 80 - Hovedkraft, HVDC,.mp4	00:00:45	Sett deg gjerne inn i prosedyreverket for tap av hovedkraft for å få en bedre innsikt om hvordan oppstart på Johan Sverdrup,
Johan Sverdrup - System 80 - Hovedkraft, HVDC,.mp4	00:00:54	og utsida Povagrid fungerer.
Johan Sverdrup System 23 Gasskompresjon og re-injeksjon.mp4	00:00:00	Her ser du hele gasskompresjon- og reinjeksjonssystemet på Johan Sverdrup.
Johan Sverdrup System 23 Gasskompresjon og re-injeksjon.mp4	00:00:06	System 23 finnes på P1 og P2 og er i liten grad representert på de andre plattformene.
Johan Sverdrup System 23 Gasskompresjon og re-injeksjon.mp4	00:00:16	Systemet for gasskompresjon og reinjeksjon har i oppgave å komprimere gass fra alle separatorene,
Johan Sverdrup System 23 Gasskompresjon og re-injeksjon.mp4	00:00:22	gassbehandling, produsert vannbehandling og fakkel-veskeutskillere,
Johan Sverdrup System 23 Gasskompresjon og re-injeksjon.mp4	00:00:27	til nødvendig trykk for eksport, løftegass og gassinjeksjon.
Johan Sverdrup System 23 Gasskompresjon og re-injeksjon.mp4	00:00:33	Her ser du gasskompresjon og reinjeksjon som er lokalisert på prosessplattformen P1.
Johan Sverdrup System 23 Gasskompresjon og re-injeksjon.mp4	00:00:41	Systemene på P1 og P2 er i utgangspunktet veldig like, men har en del forskjeller blant annet
Johan Sverdrup System 23 Gasskompresjon og re-injeksjon.mp4	00:00:50	rekompressorer, P1 har ett tog og reservekompressor,
Johan Sverdrup System 23 Gasskompresjon og re-injeksjon.mp4	00:00:55	P2 har ett tog med resvervekompressor,
Johan Sverdrup System 23 Gasskompresjon og re-injeksjon.mp4	00:01:00	P1 har innløpskjøler på første trinn, mens P2 har resirkulasjonskjøler.
Johan Sverdrup System 23 Gasskompresjon og re-injeksjon.mp4	00:01:09	Høytrykskompressor, P1 har to tog, P2 har ett tog.
Johan Sverdrup System 23 Gasskompresjon og re-injeksjon.mp4	00:01:17	Kjølere, P1 har stort sett kompaktkjølere kjølt av kjølemedium,
Johan Sverdrup System 23 Gasskompresjon og re-injeksjon.mp4	00:01:23	P2 har stort sett rørsatsvarmevekslere kjølt av kjølemedium,
Johan Sverdrup System 23 Gasskompresjon og re-injeksjon.mp4	00:01:27	P2 har stort sett rørsatsvarmevekslere kjøler kjølet med sjøvann.
Johan Sverdrup System 23 Gasskompresjon og re-injeksjon.mp4	00:01:29	P2 har i tillegg en gjenvinningskjøler, nedstrøms fjerde trinn.
Johan Sverdrup System 23 Gasskompresjon og re-injeksjon.mp4	00:01:38	Hovedoppbyggingen av kompressortog på P1 og P2 er lik.
Johan Sverdrup System 23 Gasskompresjon og re-injeksjon.mp4	00:01:43	Gassen blir komprimert i fire trinn til nødvendig trykk for eksport, løftegass og gassinjeksjon.
Johan Sverdrup System 23 Gasskompresjon og re-injeksjon.mp4	00:01:52	Utløpstrykket vil variere etter behov og ligger i området fra 173 bar G.
Johan Sverdrup System 23 Gasskompresjon og re-injeksjon.mp4	00:01:57	Gassen blir opptil design- og operasjonstrykk på 210 bar G.
Johan Sverdrup System 23 Gasskompresjon og re-injeksjon.mp4	00:02:02	Gassen kjøles ned i vekslerne for å fjerne varme og gjør den mer kompakt.
Johan Sverdrup System 23 Gasskompresjon og re-injeksjon.mp4	00:02:08	Før kompressorene går gassen gjennom en veskeutskiller for å fjerne de tyngste hydrokarbonene,
Johan Sverdrup System 23 Gasskompresjon og re-injeksjon.mp4	00:02:14	slik at kravene for eksportgass innfris.
Johan Sverdrup System 23 Gasskompresjon og re-injeksjon.mp4	00:02:18	Vesken, som i hovedsak består av kondensat, ledes tilbake til oljetoget.
Johan Sverdrup System 23 Gasskompresjon og re-injeksjon.mp4	00:02:25	Mellom tredje- og fjerde-trinskompressor går gassen videre til system 24.
Johan Sverdrup System 23 Gasskompresjon og re-injeksjon.mp4	00:02:30	Gassen går videre til system 24.
Johan Sverdrup System 23 Gasskompresjon og re-injeksjon.mp4	00:02:31	Her fjernes vesken fra gassen, og deretter tørkes den ved å fjerne vann.
Johan Sverdrup System 23 Gasskompresjon og re-injeksjon.mp4	00:02:37	Tørr gass fri fra vann tas ut til brenngass før gassen kommer tilbake til fjerde trinn gasskompressjon.
Johan Sverdrup System 23 Gasskompresjon og re-injeksjon.mp4	00:02:45	Her ser du gass- og reinjeksjonssystemet som er lokalisert på P2.
Johan Sverdrup System 23 Gasskompresjon og re-injeksjon.mp4	00:02:51	På like linje som på P1 er det renovert gass.
Johan Sverdrup System 23 Gasskompresjon og re-injeksjon.mp4	00:02:53	
Johan Sverdrup System 23 Gasskompresjon og re-injeksjon.mp4	00:02:53	blir gassen komprimert i fire trinn.
Johan Sverdrup System 23 Gasskompresjon og re-injeksjon.mp4	00:02:57	Gassen blir kjølt ned i vekslerne før veske blir utfelt i veskeutskillerne.
Johan Sverdrup System 23 Gasskompresjon og re-injeksjon.mp4	00:03:03	Vesken fra første trinn veskeutskiller ledes til høytrykkfakkel,
Johan Sverdrup System 23 Gasskompresjon og re-injeksjon.mp4	00:03:08	mens den blir ledet til system 20 fra de tre andre.
Johan Sverdrup System 23 Gasskompresjon og re-injeksjon.mp4	00:03:13	Gassen går også her igjennom.
Johan Sverdrup System 23 Gasskompresjon og re-injeksjon.mp4	00:03:16	Også her går gassen via system 24 for tørking,
Johan Sverdrup System 23 Gasskompresjon og re-injeksjon.mp4	00:03:21	slik at den tilfredsstiller kravene til eksport.
Johan Sverdrup System 23 Gasskompresjon og re-injeksjon.mp4	00:03:25	Gass fra fjerde trinnskompressorene på P1 blir utet til boreplattformen for gassløft
Johan Sverdrup System 23 Gasskompresjon og re-injeksjon.mp4	00:03:31	og videre til reiserplattformen for eksport.
Johan Sverdrup System 23 Gasskompresjon og re-injeksjon.mp4	00:03:36	Gass fra fjerde trinnskompressor på P2 blir utet til reiserplattformen for gaseksport
Johan Sverdrup System 23 Gasskompresjon og re-injeksjon.mp4	00:03:42	eller videre til subsea for gassløft eller gassinjeksjon.
